--
-- PostgreSQL database dump
--

-- Dumped from database version 14.0
-- Dumped by pg_dump version 14.0

SET statement_timeout = 0;
SET lock_timeout = 0;
SET idle_in_transaction_session_timeout = 0;
SET client_encoding = 'UTF8';
SET standard_conforming_strings = on;
SELECT pg_catalog.set_config('search_path', '', false);
SET check_function_bodies = false;
SET xmloption = content;
SET client_min_messages = warning;
SET row_security = off;

--
-- Name: countnegatiftag(integer); Type: FUNCTION; Schema: public; Owner: tranotsika
--

CREATE FUNCTION public.countnegatiftag(idclient integer) RETURNS integer
    LANGUAGE plpgsql
    AS $$
        declare
            negatif INT;
        
        begin
            select count(*) into negatif from getLikeUnlikeDiffAllTagCorresp(idClient) where diff <= 0;
            
            return negatif;

        end;
    $$;


ALTER FUNCTION public.countnegatiftag(idclient integer) OWNER TO tranotsika;

--
-- Name: countpositiftag(integer); Type: FUNCTION; Schema: public; Owner: tranotsika
--

CREATE FUNCTION public.countpositiftag(idclient integer) RETURNS integer
    LANGUAGE plpgsql
    AS $$
        declare
            positif INT;
        
        begin
            select count(*) into positif from getLikeUnlikeDiffAllTagCorresp(idClient) where diff > 0;
            
            return positif;

        end;
    $$;


ALTER FUNCTION public.countpositiftag(idclient integer) OWNER TO tranotsika;

--
-- Name: getliketag(integer, integer); Type: FUNCTION; Schema: public; Owner: tranotsika
--

CREATE FUNCTION public.getliketag(idclient integer, idtag integer) RETURNS integer
    LANGUAGE plpgsql
    AS $$
        declare
            nLike INT;
        
        begin
            select count(*) into nLike from reaction r join detail_tags d on r.id_publication=d.id_publication where id_client = idClient and id_tag=idTag and id_reaction_item=1;            

            return nLike;

        end;
    $$;


ALTER FUNCTION public.getliketag(idclient integer, idtag integer) OWNER TO tranotsika;

--
-- Name: getlikeunlikediffalltagcorresp(integer); Type: FUNCTION; Schema: public; Owner: tranotsika
--

CREATE FUNCTION public.getlikeunlikediffalltagcorresp(idclient integer) RETURNS TABLE(id_tag integer, diff integer)
    LANGUAGE plpgsql
    AS $$   
        BEGIN
            RETURN QUERY
            select v.id_tag,getLikeUnlikeDiffTag(idClient,v.id_tag) from v_tag_client_pub v;

        end;
    $$;


ALTER FUNCTION public.getlikeunlikediffalltagcorresp(idclient integer) OWNER TO tranotsika;

--
-- Name: getlikeunlikedifftag(integer, integer); Type: FUNCTION; Schema: public; Owner: tranotsika
--

CREATE FUNCTION public.getlikeunlikedifftag(idclient integer, idtag integer) RETURNS integer
    LANGUAGE plpgsql
    AS $$
        declare
            diff INT;
            nLike int;
            nUnlike int;
        
        begin
            select * from getLikeTag(idClient,idTag) into nLike;
            select * from getUnlikeTag(idClient,idTag) into nUnlike;
            
            diff = nLike - nUnlike;
            return diff;

        end;
    $$;


ALTER FUNCTION public.getlikeunlikedifftag(idclient integer, idtag integer) OWNER TO tranotsika;

--
-- Name: getpoint(integer, integer); Type: FUNCTION; Schema: public; Owner: tranotsika
--

CREATE FUNCTION public.getpoint(idpublication integer, idclient integer) RETURNS integer
    LANGUAGE plpgsql
    AS $$
        declare
            nLike INT;
            nUnlike INT;
            nTagsEq INT;
            nBoost INT;
            pointLike INT;
            pointUnlike INT;
            pointTag INT;
            pointBoost INT;
            point INT;
        
        begin
            SELECT COALESCE(nbLike,0) nbLike into nLike FROM v_publication where id_publication = idPublication;
            SELECT COALESCE(nbUnlike,0) into nUnlike FROM v_publication where id_publication = idPublication;
            SELECT count(*) into nTagsEq FROM v_tag_client_pub where id_publication = idPublication and id_client = idClient;
            SELECT count(*) into nBoost FROM v_boost_encours where id_publication = IdPublication;
            SELECT valeur_point into pointLike FROM Classement_point where id_classement_point = 2;
            SELECT valeur_point into pointUnlike FROM Classement_point where id_classement_point = 3;
            SELECT valeur_point into pointTag FROM Classement_point where id_classement_point = 4;
            SELECT valeur_point into pointBoost FROM Classement_point where id_classement_point = 1;
            


            point = nLike*pointLike + nUnlike*pointUnlike + nTagsEq*pointTag + nBoost*pointBoost;
            return point;

        end;
    $$;


ALTER FUNCTION public.getpoint(idpublication integer, idclient integer) OWNER TO tranotsika;

--
-- Name: getpointtag(integer); Type: FUNCTION; Schema: public; Owner: tranotsika
--

CREATE FUNCTION public.getpointtag(idclient integer) RETURNS integer
    LANGUAGE plpgsql
    AS $$
        declare
            nLike INT;
            nUnlike INT;
            nComms INT;
            nTagsEq INT;
            nBoost INT;
            pointLike INT;
            pointUnlike INT;
            pointTag INT;
            pointBoost INT;
            point INT;
            ecartDay INT;
            diffPosNegTag INT;
            positiftag INT;
            negatiftag INT;
        
        begin
            select EXTRACT(DAY FROM (now()-date_publication)) into ecartDay from v_publication where id_publication = idPublication;
            SELECT COALESCE(nbLike,0) nbLike into nLike FROM v_publication where id_publication = idPublication;
            SELECT COALESCE(nbUnlike,0) into nUnlike FROM v_publication where id_publication = idPublication;
            SELECT count(*) into nTagsEq FROM v_tag_client_pub where id_publication = idPublication and id_client = idClient;
            SELECT count(*) into nBoost FROM v_boost_encours where id_publication = IdPublication;
            SELECT valeur_point into pointLike FROM Classement_point where id_classement_point = 2;
            SELECT valeur_point into pointUnlike FROM Classement_point where id_classement_point = 3;
            SELECT valeur_point into pointTag FROM Classement_point where id_classement_point = 4;
            SELECT valeur_point into pointBoost FROM Classement_point where id_classement_point = 1;
            SELECT * from countPositifTag(idClient) into positiftag;
            SELECT * from countNegatifTag(idClient) into negatiftag;
            

            diffPosNegTag = positiftag - negatiftag;
            point = (100 + nLike*pointLike + nComms + nUnlike*pointUnlike) * (1 + 0.2*nBoost + 0.01 * diffPosNegTag) - (ecartDay) ;
            return point;

        end;
    $$;


ALTER FUNCTION public.getpointtag(idclient integer) OWNER TO tranotsika;

--
-- Name: getpublicationspoint(integer); Type: FUNCTION; Schema: public; Owner: tranotsika
--

CREATE FUNCTION public.getpublicationspoint(idclient integer) RETURNS TABLE(id_publication integer, titre character varying, id_client integer, first_name character varying, last_name character varying, photo_profile character varying, date_publication timestamp without time zone, prix integer, description text, nombre_piece integer, surface double precision, latitude double precision, longitude double precision, nbcomm bigint, nblike bigint, nbunlike bigint, id_localisation integer, nom_lieu character varying, points integer)
    LANGUAGE plpgsql
    AS $$
        begin

            RETURN QUERY
            SELECT p.*,getpoint(p.id_publication,idClient) as point
            from v_publication p
            order by point desc;
        end;
    $$;


ALTER FUNCTION public.getpublicationspoint(idclient integer) OWNER TO tranotsika;

--
-- Name: getunliketag(integer, integer); Type: FUNCTION; Schema: public; Owner: tranotsika
--

CREATE FUNCTION public.getunliketag(idclient integer, idtag integer) RETURNS integer
    LANGUAGE plpgsql
    AS $$
        declare
            nUnlike INT;
        
        begin
            select count(*) into nUnlike from reaction r join detail_tags d on r.id_publication=d.id_publication where id_client = idClient and id_tag=idTag and id_reaction_item=2;            

            return nUnlike;

        end;
    $$;


ALTER FUNCTION public.getunliketag(idclient integer, idtag integer) OWNER TO tranotsika;

SET default_tablespace = '';

SET default_table_access_method = heap;

--
-- Name: abonnement; Type: TABLE; Schema: public; Owner: tranotsika
--

CREATE TABLE public.abonnement (
    id_abonnement integer NOT NULL,
    id_client integer NOT NULL,
    date_abonnement timestamp without time zone DEFAULT now() NOT NULL
);


ALTER TABLE public.abonnement OWNER TO tranotsika;

--
-- Name: abonnement_id_abonnement_seq; Type: SEQUENCE; Schema: public; Owner: tranotsika
--

CREATE SEQUENCE public.abonnement_id_abonnement_seq
    AS integer
    START WITH 1
    INCREMENT BY 1
    NO MINVALUE
    NO MAXVALUE
    CACHE 1;


ALTER TABLE public.abonnement_id_abonnement_seq OWNER TO tranotsika;

--
-- Name: abonnement_id_abonnement_seq; Type: SEQUENCE OWNED BY; Schema: public; Owner: tranotsika
--

ALTER SEQUENCE public.abonnement_id_abonnement_seq OWNED BY public.abonnement.id_abonnement;


--
-- Name: boost; Type: TABLE; Schema: public; Owner: tranotsika
--

CREATE TABLE public.boost (
    id_boost integer NOT NULL,
    id_publication integer NOT NULL,
    date_debut timestamp without time zone DEFAULT now(),
    date_fin timestamp without time zone
);


ALTER TABLE public.boost OWNER TO tranotsika;

--
-- Name: boost_id_boost_seq; Type: SEQUENCE; Schema: public; Owner: tranotsika
--

CREATE SEQUENCE public.boost_id_boost_seq
    AS integer
    START WITH 1
    INCREMENT BY 1
    NO MINVALUE
    NO MAXVALUE
    CACHE 1;


ALTER TABLE public.boost_id_boost_seq OWNER TO tranotsika;

--
-- Name: boost_id_boost_seq; Type: SEQUENCE OWNED BY; Schema: public; Owner: tranotsika
--

ALTER SEQUENCE public.boost_id_boost_seq OWNED BY public.boost.id_boost;


--
-- Name: classement_point; Type: TABLE; Schema: public; Owner: tranotsika
--

CREATE TABLE public.classement_point (
    id_classement_point integer NOT NULL,
    intitule_point character varying(50) NOT NULL,
    valeur_point integer NOT NULL
);


ALTER TABLE public.classement_point OWNER TO tranotsika;

--
-- Name: classement_point_id_classement_point_seq; Type: SEQUENCE; Schema: public; Owner: tranotsika
--

CREATE SEQUENCE public.classement_point_id_classement_point_seq
    AS integer
    START WITH 1
    INCREMENT BY 1
    NO MINVALUE
    NO MAXVALUE
    CACHE 1;


ALTER TABLE public.classement_point_id_classement_point_seq OWNER TO tranotsika;

--
-- Name: classement_point_id_classement_point_seq; Type: SEQUENCE OWNED BY; Schema: public; Owner: tranotsika
--

ALTER SEQUENCE public.classement_point_id_classement_point_seq OWNED BY public.classement_point.id_classement_point;


--
-- Name: client; Type: TABLE; Schema: public; Owner: tranotsika
--

CREATE TABLE public.client (
    id_client integer NOT NULL,
    first_name character varying(50),
    last_name character varying(50),
    email character varying(60) NOT NULL,
    photo_profile character varying(50),
    password character varying(60) NOT NULL,
    date_naissance date,
    phone_number character varying(15) NOT NULL
);


ALTER TABLE public.client OWNER TO tranotsika;

--
-- Name: client_id_client_seq; Type: SEQUENCE; Schema: public; Owner: tranotsika
--

CREATE SEQUENCE public.client_id_client_seq
    AS integer
    START WITH 1
    INCREMENT BY 1
    NO MINVALUE
    NO MAXVALUE
    CACHE 1;


ALTER TABLE public.client_id_client_seq OWNER TO tranotsika;

--
-- Name: client_id_client_seq; Type: SEQUENCE OWNED BY; Schema: public; Owner: tranotsika
--

ALTER SEQUENCE public.client_id_client_seq OWNED BY public.client.id_client;


--
-- Name: commentaire; Type: TABLE; Schema: public; Owner: tranotsika
--

CREATE TABLE public.commentaire (
    id_commentaire integer NOT NULL,
    id_publication integer NOT NULL,
    id_client integer NOT NULL,
    date_commentaire timestamp without time zone DEFAULT now(),
    texte_commentaire text,
    vu boolean DEFAULT false
);


ALTER TABLE public.commentaire OWNER TO tranotsika;

--
-- Name: commentaire_id_commentaire_seq; Type: SEQUENCE; Schema: public; Owner: tranotsika
--

CREATE SEQUENCE public.commentaire_id_commentaire_seq
    AS integer
    START WITH 1
    INCREMENT BY 1
    NO MINVALUE
    NO MAXVALUE
    CACHE 1;


ALTER TABLE public.commentaire_id_commentaire_seq OWNER TO tranotsika;

--
-- Name: commentaire_id_commentaire_seq; Type: SEQUENCE OWNED BY; Schema: public; Owner: tranotsika
--

ALTER SEQUENCE public.commentaire_id_commentaire_seq OWNED BY public.commentaire.id_commentaire;


--
-- Name: detail_tags; Type: TABLE; Schema: public; Owner: tranotsika
--

CREATE TABLE public.detail_tags (
    id_detail_tag integer NOT NULL,
    id_publication integer NOT NULL,
    id_tag integer NOT NULL
);


ALTER TABLE public.detail_tags OWNER TO tranotsika;

--
-- Name: detail_tags_id_detail_tag_seq; Type: SEQUENCE; Schema: public; Owner: tranotsika
--

CREATE SEQUENCE public.detail_tags_id_detail_tag_seq
    AS integer
    START WITH 1
    INCREMENT BY 1
    NO MINVALUE
    NO MAXVALUE
    CACHE 1;


ALTER TABLE public.detail_tags_id_detail_tag_seq OWNER TO tranotsika;

--
-- Name: detail_tags_id_detail_tag_seq; Type: SEQUENCE OWNED BY; Schema: public; Owner: tranotsika
--

ALTER SEQUENCE public.detail_tags_id_detail_tag_seq OWNED BY public.detail_tags.id_detail_tag;


--
-- Name: detail_utilite; Type: TABLE; Schema: public; Owner: tranotsika
--

CREATE TABLE public.detail_utilite (
    id_detail_utilite integer NOT NULL,
    id_utilite integer NOT NULL,
    id_publication integer NOT NULL
);


ALTER TABLE public.detail_utilite OWNER TO tranotsika;

--
-- Name: detail_utilite_id_detail_utilite_seq; Type: SEQUENCE; Schema: public; Owner: tranotsika
--

CREATE SEQUENCE public.detail_utilite_id_detail_utilite_seq
    AS integer
    START WITH 1
    INCREMENT BY 1
    NO MINVALUE
    NO MAXVALUE
    CACHE 1;


ALTER TABLE public.detail_utilite_id_detail_utilite_seq OWNER TO tranotsika;

--
-- Name: detail_utilite_id_detail_utilite_seq; Type: SEQUENCE OWNED BY; Schema: public; Owner: tranotsika
--

ALTER SEQUENCE public.detail_utilite_id_detail_utilite_seq OWNED BY public.detail_utilite.id_detail_utilite;


--
-- Name: localisation; Type: TABLE; Schema: public; Owner: tranotsika
--

CREATE TABLE public.localisation (
    id_localisation integer NOT NULL,
    nom_lieu character varying(75)
);


ALTER TABLE public.localisation OWNER TO tranotsika;

--
-- Name: localisation_id_localisation_seq; Type: SEQUENCE; Schema: public; Owner: tranotsika
--

CREATE SEQUENCE public.localisation_id_localisation_seq
    AS integer
    START WITH 1
    INCREMENT BY 1
    NO MINVALUE
    NO MAXVALUE
    CACHE 1;


ALTER TABLE public.localisation_id_localisation_seq OWNER TO tranotsika;

--
-- Name: localisation_id_localisation_seq; Type: SEQUENCE OWNED BY; Schema: public; Owner: tranotsika
--

ALTER SEQUENCE public.localisation_id_localisation_seq OWNED BY public.localisation.id_localisation;


--
-- Name: message; Type: TABLE; Schema: public; Owner: tranotsika
--

CREATE TABLE public.message (
    id_message integer NOT NULL,
    id_publication integer NOT NULL,
    id_client_sender integer NOT NULL,
    id_client_receiver integer NOT NULL,
    date_envoye timestamp without time zone DEFAULT now(),
    message_texte text,
    vu boolean DEFAULT false
);


ALTER TABLE public.message OWNER TO tranotsika;

--
-- Name: message_id_message_seq; Type: SEQUENCE; Schema: public; Owner: tranotsika
--

CREATE SEQUENCE public.message_id_message_seq
    AS integer
    START WITH 1
    INCREMENT BY 1
    NO MINVALUE
    NO MAXVALUE
    CACHE 1;


ALTER TABLE public.message_id_message_seq OWNER TO tranotsika;

--
-- Name: message_id_message_seq; Type: SEQUENCE OWNED BY; Schema: public; Owner: tranotsika
--

ALTER SEQUENCE public.message_id_message_seq OWNED BY public.message.id_message;


--
-- Name: parametre; Type: TABLE; Schema: public; Owner: tranotsika
--

CREATE TABLE public.parametre (
    id_parametre integer NOT NULL,
    designation character varying(50) NOT NULL,
    valeur text
);


ALTER TABLE public.parametre OWNER TO tranotsika;

--
-- Name: parametre_id_parametre_seq; Type: SEQUENCE; Schema: public; Owner: tranotsika
--

CREATE SEQUENCE public.parametre_id_parametre_seq
    AS integer
    START WITH 1
    INCREMENT BY 1
    NO MINVALUE
    NO MAXVALUE
    CACHE 1;


ALTER TABLE public.parametre_id_parametre_seq OWNER TO tranotsika;

--
-- Name: parametre_id_parametre_seq; Type: SEQUENCE OWNED BY; Schema: public; Owner: tranotsika
--

ALTER SEQUENCE public.parametre_id_parametre_seq OWNED BY public.parametre.id_parametre;


--
-- Name: photo; Type: TABLE; Schema: public; Owner: tranotsika
--

CREATE TABLE public.photo (
    id_photo integer NOT NULL,
    lien_photo character varying(50) NOT NULL,
    id_publication integer NOT NULL
);


ALTER TABLE public.photo OWNER TO tranotsika;

--
-- Name: photo_id_photo_seq; Type: SEQUENCE; Schema: public; Owner: tranotsika
--

CREATE SEQUENCE public.photo_id_photo_seq
    AS integer
    START WITH 1
    INCREMENT BY 1
    NO MINVALUE
    NO MAXVALUE
    CACHE 1;


ALTER TABLE public.photo_id_photo_seq OWNER TO tranotsika;

--
-- Name: photo_id_photo_seq; Type: SEQUENCE OWNED BY; Schema: public; Owner: tranotsika
--

ALTER SEQUENCE public.photo_id_photo_seq OWNED BY public.photo.id_photo;


--
-- Name: publication; Type: TABLE; Schema: public; Owner: tranotsika
--

CREATE TABLE public.publication (
    id_publication integer NOT NULL,
    id_client integer NOT NULL,
    id_localisation integer NOT NULL,
    titre character varying(100),
    description text,
    prix integer NOT NULL,
    date_publication timestamp without time zone DEFAULT now(),
    longitude double precision,
    latitude double precision,
    surface double precision,
    nombre_piece integer
);


ALTER TABLE public.publication OWNER TO tranotsika;

--
-- Name: publication_id_publication_seq; Type: SEQUENCE; Schema: public; Owner: tranotsika
--

CREATE SEQUENCE public.publication_id_publication_seq
    AS integer
    START WITH 1
    INCREMENT BY 1
    NO MINVALUE
    NO MAXVALUE
    CACHE 1;


ALTER TABLE public.publication_id_publication_seq OWNER TO tranotsika;

--
-- Name: publication_id_publication_seq; Type: SEQUENCE OWNED BY; Schema: public; Owner: tranotsika
--

ALTER SEQUENCE public.publication_id_publication_seq OWNED BY public.publication.id_publication;


--
-- Name: publicite; Type: TABLE; Schema: public; Owner: tranotsika
--

CREATE TABLE public.publicite (
    id_publicite integer NOT NULL,
    lien character varying(250) NOT NULL,
    image character varying(100) NOT NULL
);


ALTER TABLE public.publicite OWNER TO tranotsika;

--
-- Name: publicite_id_publicite_seq; Type: SEQUENCE; Schema: public; Owner: tranotsika
--

CREATE SEQUENCE public.publicite_id_publicite_seq
    AS integer
    START WITH 1
    INCREMENT BY 1
    NO MINVALUE
    NO MAXVALUE
    CACHE 1;


ALTER TABLE public.publicite_id_publicite_seq OWNER TO tranotsika;

--
-- Name: publicite_id_publicite_seq; Type: SEQUENCE OWNED BY; Schema: public; Owner: tranotsika
--

ALTER SEQUENCE public.publicite_id_publicite_seq OWNED BY public.publicite.id_publicite;


--
-- Name: question; Type: TABLE; Schema: public; Owner: tranotsika
--

CREATE TABLE public.question (
    id_question integer NOT NULL,
    intitule text NOT NULL,
    multi_res boolean
);


ALTER TABLE public.question OWNER TO tranotsika;

--
-- Name: question_id_question_seq; Type: SEQUENCE; Schema: public; Owner: tranotsika
--

CREATE SEQUENCE public.question_id_question_seq
    AS integer
    START WITH 1
    INCREMENT BY 1
    NO MINVALUE
    NO MAXVALUE
    CACHE 1;


ALTER TABLE public.question_id_question_seq OWNER TO tranotsika;

--
-- Name: question_id_question_seq; Type: SEQUENCE OWNED BY; Schema: public; Owner: tranotsika
--

ALTER SEQUENCE public.question_id_question_seq OWNED BY public.question.id_question;


--
-- Name: reaction; Type: TABLE; Schema: public; Owner: tranotsika
--

CREATE TABLE public.reaction (
    id_reaction integer NOT NULL,
    id_publication integer NOT NULL,
    id_client integer NOT NULL,
    id_reaction_item integer NOT NULL
);


ALTER TABLE public.reaction OWNER TO tranotsika;

--
-- Name: reaction_id_reaction_seq; Type: SEQUENCE; Schema: public; Owner: tranotsika
--

CREATE SEQUENCE public.reaction_id_reaction_seq
    AS integer
    START WITH 1
    INCREMENT BY 1
    NO MINVALUE
    NO MAXVALUE
    CACHE 1;


ALTER TABLE public.reaction_id_reaction_seq OWNER TO tranotsika;

--
-- Name: reaction_id_reaction_seq; Type: SEQUENCE OWNED BY; Schema: public; Owner: tranotsika
--

ALTER SEQUENCE public.reaction_id_reaction_seq OWNED BY public.reaction.id_reaction;


--
-- Name: reaction_item; Type: TABLE; Schema: public; Owner: tranotsika
--

CREATE TABLE public.reaction_item (
    id_reaction_item integer NOT NULL,
    nom_point character varying(50) NOT NULL
);


ALTER TABLE public.reaction_item OWNER TO tranotsika;

--
-- Name: reaction_item_id_reaction_item_seq; Type: SEQUENCE; Schema: public; Owner: tranotsika
--

CREATE SEQUENCE public.reaction_item_id_reaction_item_seq
    AS integer
    START WITH 1
    INCREMENT BY 1
    NO MINVALUE
    NO MAXVALUE
    CACHE 1;


ALTER TABLE public.reaction_item_id_reaction_item_seq OWNER TO tranotsika;

--
-- Name: reaction_item_id_reaction_item_seq; Type: SEQUENCE OWNED BY; Schema: public; Owner: tranotsika
--

ALTER SEQUENCE public.reaction_item_id_reaction_item_seq OWNED BY public.reaction_item.id_reaction_item;


--
-- Name: reponse; Type: TABLE; Schema: public; Owner: tranotsika
--

CREATE TABLE public.reponse (
    id_reponse integer NOT NULL,
    id_question integer NOT NULL,
    intitule text NOT NULL,
    id_tag integer
);


ALTER TABLE public.reponse OWNER TO tranotsika;

--
-- Name: reponse_client; Type: TABLE; Schema: public; Owner: tranotsika
--

CREATE TABLE public.reponse_client (
    id_reponse_client integer NOT NULL,
    id_client integer NOT NULL,
    id_question integer NOT NULL
);


ALTER TABLE public.reponse_client OWNER TO tranotsika;

--
-- Name: reponse_client_id_reponse_client_seq; Type: SEQUENCE; Schema: public; Owner: tranotsika
--

CREATE SEQUENCE public.reponse_client_id_reponse_client_seq
    AS integer
    START WITH 1
    INCREMENT BY 1
    NO MINVALUE
    NO MAXVALUE
    CACHE 1;


ALTER TABLE public.reponse_client_id_reponse_client_seq OWNER TO tranotsika;

--
-- Name: reponse_client_id_reponse_client_seq; Type: SEQUENCE OWNED BY; Schema: public; Owner: tranotsika
--

ALTER SEQUENCE public.reponse_client_id_reponse_client_seq OWNED BY public.reponse_client.id_reponse_client;


--
-- Name: reponse_id_reponse_seq; Type: SEQUENCE; Schema: public; Owner: tranotsika
--

CREATE SEQUENCE public.reponse_id_reponse_seq
    AS integer
    START WITH 1
    INCREMENT BY 1
    NO MINVALUE
    NO MAXVALUE
    CACHE 1;


ALTER TABLE public.reponse_id_reponse_seq OWNER TO tranotsika;

--
-- Name: reponse_id_reponse_seq; Type: SEQUENCE OWNED BY; Schema: public; Owner: tranotsika
--

ALTER SEQUENCE public.reponse_id_reponse_seq OWNED BY public.reponse.id_reponse;


--
-- Name: tag; Type: TABLE; Schema: public; Owner: tranotsika
--

CREATE TABLE public.tag (
    id_tag integer NOT NULL,
    nom_tag character varying(50) NOT NULL
);


ALTER TABLE public.tag OWNER TO tranotsika;

--
-- Name: tag_client; Type: TABLE; Schema: public; Owner: tranotsika
--

CREATE TABLE public.tag_client (
    id_tag_client integer NOT NULL,
    id_client integer NOT NULL,
    id_tag integer NOT NULL
);


ALTER TABLE public.tag_client OWNER TO tranotsika;

--
-- Name: tag_client_id_tag_client_seq; Type: SEQUENCE; Schema: public; Owner: tranotsika
--

CREATE SEQUENCE public.tag_client_id_tag_client_seq
    AS integer
    START WITH 1
    INCREMENT BY 1
    NO MINVALUE
    NO MAXVALUE
    CACHE 1;


ALTER TABLE public.tag_client_id_tag_client_seq OWNER TO tranotsika;

--
-- Name: tag_client_id_tag_client_seq; Type: SEQUENCE OWNED BY; Schema: public; Owner: tranotsika
--

ALTER SEQUENCE public.tag_client_id_tag_client_seq OWNED BY public.tag_client.id_tag_client;


--
-- Name: tag_id_tag_seq; Type: SEQUENCE; Schema: public; Owner: tranotsika
--

CREATE SEQUENCE public.tag_id_tag_seq
    AS integer
    START WITH 1
    INCREMENT BY 1
    NO MINVALUE
    NO MAXVALUE
    CACHE 1;


ALTER TABLE public.tag_id_tag_seq OWNER TO tranotsika;

--
-- Name: tag_id_tag_seq; Type: SEQUENCE OWNED BY; Schema: public; Owner: tranotsika
--

ALTER SEQUENCE public.tag_id_tag_seq OWNED BY public.tag.id_tag;


--
-- Name: utilite; Type: TABLE; Schema: public; Owner: tranotsika
--

CREATE TABLE public.utilite (
    id_utilite integer NOT NULL,
    nom_utilite character varying(50) NOT NULL
);


ALTER TABLE public.utilite OWNER TO tranotsika;

--
-- Name: utilite_id_utilite_seq; Type: SEQUENCE; Schema: public; Owner: tranotsika
--

CREATE SEQUENCE public.utilite_id_utilite_seq
    AS integer
    START WITH 1
    INCREMENT BY 1
    NO MINVALUE
    NO MAXVALUE
    CACHE 1;


ALTER TABLE public.utilite_id_utilite_seq OWNER TO tranotsika;

--
-- Name: utilite_id_utilite_seq; Type: SEQUENCE OWNED BY; Schema: public; Owner: tranotsika
--

ALTER SEQUENCE public.utilite_id_utilite_seq OWNED BY public.utilite.id_utilite;


--
-- Name: v_boost; Type: VIEW; Schema: public; Owner: tranotsika
--

CREATE VIEW public.v_boost AS
 SELECT p.id_publication,
    p.id_client,
    p.id_localisation,
    p.titre,
    p.description,
    p.prix,
    p.date_publication,
    p.longitude,
    p.latitude,
    p.surface,
    p.nombre_piece,
    b.id_boost,
    b.date_debut,
    b.date_fin
   FROM (public.publication p
     JOIN public.boost b ON ((p.id_publication = b.id_publication)));


ALTER TABLE public.v_boost OWNER TO tranotsika;

--
-- Name: v_boost_encours; Type: VIEW; Schema: public; Owner: tranotsika
--

CREATE VIEW public.v_boost_encours AS
 SELECT v_boost.id_publication,
    v_boost.id_client,
    v_boost.id_localisation,
    v_boost.titre,
    v_boost.description,
    v_boost.prix,
    v_boost.date_publication,
    v_boost.longitude,
    v_boost.latitude,
    v_boost.surface,
    v_boost.nombre_piece,
    v_boost.id_boost,
    v_boost.date_debut,
    v_boost.date_fin
   FROM public.v_boost
  WHERE ((v_boost.date_debut <= now()) AND (v_boost.date_fin >= now()));


ALTER TABLE public.v_boost_encours OWNER TO tranotsika;

--
-- Name: v_commentaire; Type: VIEW; Schema: public; Owner: tranotsika
--

CREATE VIEW public.v_commentaire AS
 SELECT client.id_client,
    publication.id_publication,
    client.first_name,
    client.last_name,
    commentaire.date_commentaire,
    commentaire.texte_commentaire
   FROM ((public.publication
     JOIN public.commentaire ON ((commentaire.id_publication = publication.id_publication)))
     JOIN public.client ON ((client.id_client = commentaire.id_client)))
  ORDER BY commentaire.date_commentaire DESC;


ALTER TABLE public.v_commentaire OWNER TO tranotsika;

--
-- Name: v_detail_tags; Type: VIEW; Schema: public; Owner: tranotsika
--

CREATE VIEW public.v_detail_tags AS
 SELECT dt.id_detail_tag,
    dt.id_publication,
    dt.id_tag,
    tag.nom_tag
   FROM (public.detail_tags dt
     JOIN public.tag ON ((dt.id_tag = tag.id_tag)));


ALTER TABLE public.v_detail_tags OWNER TO tranotsika;

--
-- Name: v_detail_utilite; Type: VIEW; Schema: public; Owner: tranotsika
--

CREATE VIEW public.v_detail_utilite AS
 SELECT d.id_detail_utilite,
    d.id_utilite,
    d.id_publication,
    u.nom_utilite
   FROM (public.detail_utilite d
     JOIN public.utilite u ON ((d.id_utilite = u.id_utilite)));


ALTER TABLE public.v_detail_utilite OWNER TO tranotsika;

--
-- Name: v_details; Type: VIEW; Schema: public; Owner: tranotsika
--

CREATE VIEW public.v_details AS
 SELECT d.id_detail_tag,
    d.id_publication,
    d.id_tag,
    t.nom_tag
   FROM (public.tag t
     JOIN public.detail_tags d ON ((t.id_tag = d.id_tag)));


ALTER TABLE public.v_details OWNER TO tranotsika;

--
-- Name: v_message; Type: VIEW; Schema: public; Owner: tranotsika
--

CREATE VIEW public.v_message AS
 SELECT publication.id_publication,
    c1.id_client AS id_client_sender,
    c1.first_name AS first_name_sender,
    c1.last_name AS last_name_sender,
    c2.id_client AS id_client_receiver,
    c2.first_name AS first_name_receiver,
    c2.last_name AS last_name_receiver,
    message.date_envoye,
    message.message_texte
   FROM (((public.message
     JOIN public.client c1 ON ((c1.id_client = message.id_client_sender)))
     JOIN public.client c2 ON ((c2.id_client = message.id_client_receiver)))
     JOIN public.publication ON ((message.id_publication = publication.id_publication)));


ALTER TABLE public.v_message OWNER TO tranotsika;

--
-- Name: v_notifications; Type: VIEW; Schema: public; Owner: tranotsika
--

CREATE VIEW public.v_notifications AS
 SELECT notifs.id_message,
    notifs.date_envoye,
    notifs.id_client_receiver,
    notifs.id_client,
    notifs.first_name,
    notifs.last_name,
    notifs.type
   FROM ( SELECT m.id_message,
            m.date_envoye,
            m.id_client_receiver,
            c.id_client,
            c.first_name,
            c.last_name,
            'message'::text AS type
           FROM ((public.message m
             JOIN public.client c ON ((m.id_client_sender = c.id_client)))
             JOIN public.client c1 ON ((m.id_client_receiver = c1.id_client)))
          WHERE (m.vu = false)
        UNION ALL
         SELECT comm.id_commentaire,
            comm.date_commentaire,
            p.id_client AS id_client_receiver,
            c.id_client,
            c.first_name,
            c.last_name,
            'commentaire'::text AS type
           FROM ((public.commentaire comm
             JOIN public.client c ON ((comm.id_client = c.id_client)))
             JOIN public.publication p ON ((comm.id_publication = p.id_publication)))
          WHERE (comm.vu = false)) notifs
  ORDER BY notifs.date_envoye DESC;


ALTER TABLE public.v_notifications OWNER TO tranotsika;

--
-- Name: v_publication; Type: VIEW; Schema: public; Owner: tranotsika
--

CREATE VIEW public.v_publication AS
SELECT
    NULL::integer AS id_publication,
    NULL::character varying(100) AS titre,
    NULL::integer AS id_client,
    NULL::character varying(50) AS first_name,
    NULL::character varying(50) AS last_name,
    NULL::character varying(50) AS photo_profile,
    NULL::timestamp without time zone AS date_publication,
    NULL::integer AS prix,
    NULL::text AS description,
    NULL::integer AS nombre_piece,
    NULL::double precision AS surface,
    NULL::double precision AS latitude,
    NULL::double precision AS longitude,
    NULL::bigint AS nbcomm,
    NULL::bigint AS nblike,
    NULL::bigint AS nbunlike,
    NULL::integer AS id_localisation,
    NULL::character varying(75) AS nom_lieu;


ALTER TABLE public.v_publication OWNER TO tranotsika;

--
-- Name: v_question_non_replied; Type: VIEW; Schema: public; Owner: tranotsika
--

CREATE VIEW public.v_question_non_replied AS
 SELECT question.id_question,
    question.intitule
   FROM (public.question
     JOIN public.reponse_client ON ((question.id_question = reponse_client.id_question)))
  WHERE (NOT (question.id_question IN ( SELECT reponse_client_1.id_question
           FROM public.reponse_client reponse_client_1)));


ALTER TABLE public.v_question_non_replied OWNER TO tranotsika;

--
-- Name: v_reaction; Type: VIEW; Schema: public; Owner: tranotsika
--

CREATE VIEW public.v_reaction AS
 SELECT p.id_publication,
    p.id_client,
    p.id_localisation,
    p.titre,
    p.description,
    p.prix,
    p.date_publication,
    p.longitude,
    p.latitude,
    p.surface,
    p.nombre_piece,
    r.id_client AS reagisseur,
    r.id_reaction_item
   FROM (public.publication p
     JOIN public.reaction r ON ((p.id_publication = r.id_publication)));


ALTER TABLE public.v_reaction OWNER TO tranotsika;

--
-- Name: v_tag_client_pub; Type: VIEW; Schema: public; Owner: tranotsika
--

CREATE VIEW public.v_tag_client_pub AS
 SELECT tc.id_tag_client,
    tc.id_client,
    tc.id_tag,
    dt.id_detail_tag,
    dt.id_publication
   FROM (public.tag_client tc
     JOIN public.detail_tags dt ON ((tc.id_tag = dt.id_tag)));


ALTER TABLE public.v_tag_client_pub OWNER TO tranotsika;

--
-- Name: abonnement id_abonnement; Type: DEFAULT; Schema: public; Owner: tranotsika
--

ALTER TABLE ONLY public.abonnement ALTER COLUMN id_abonnement SET DEFAULT nextval('public.abonnement_id_abonnement_seq'::regclass);


--
-- Name: boost id_boost; Type: DEFAULT; Schema: public; Owner: tranotsika
--

ALTER TABLE ONLY public.boost ALTER COLUMN id_boost SET DEFAULT nextval('public.boost_id_boost_seq'::regclass);


--
-- Name: classement_point id_classement_point; Type: DEFAULT; Schema: public; Owner: tranotsika
--

ALTER TABLE ONLY public.classement_point ALTER COLUMN id_classement_point SET DEFAULT nextval('public.classement_point_id_classement_point_seq'::regclass);


--
-- Name: client id_client; Type: DEFAULT; Schema: public; Owner: tranotsika
--

ALTER TABLE ONLY public.client ALTER COLUMN id_client SET DEFAULT nextval('public.client_id_client_seq'::regclass);


--
-- Name: commentaire id_commentaire; Type: DEFAULT; Schema: public; Owner: tranotsika
--

ALTER TABLE ONLY public.commentaire ALTER COLUMN id_commentaire SET DEFAULT nextval('public.commentaire_id_commentaire_seq'::regclass);


--
-- Name: detail_tags id_detail_tag; Type: DEFAULT; Schema: public; Owner: tranotsika
--

ALTER TABLE ONLY public.detail_tags ALTER COLUMN id_detail_tag SET DEFAULT nextval('public.detail_tags_id_detail_tag_seq'::regclass);


--
-- Name: detail_utilite id_detail_utilite; Type: DEFAULT; Schema: public; Owner: tranotsika
--

ALTER TABLE ONLY public.detail_utilite ALTER COLUMN id_detail_utilite SET DEFAULT nextval('public.detail_utilite_id_detail_utilite_seq'::regclass);


--
-- Name: localisation id_localisation; Type: DEFAULT; Schema: public; Owner: tranotsika
--

ALTER TABLE ONLY public.localisation ALTER COLUMN id_localisation SET DEFAULT nextval('public.localisation_id_localisation_seq'::regclass);


--
-- Name: message id_message; Type: DEFAULT; Schema: public; Owner: tranotsika
--

ALTER TABLE ONLY public.message ALTER COLUMN id_message SET DEFAULT nextval('public.message_id_message_seq'::regclass);


--
-- Name: parametre id_parametre; Type: DEFAULT; Schema: public; Owner: tranotsika
--

ALTER TABLE ONLY public.parametre ALTER COLUMN id_parametre SET DEFAULT nextval('public.parametre_id_parametre_seq'::regclass);


--
-- Name: photo id_photo; Type: DEFAULT; Schema: public; Owner: tranotsika
--

ALTER TABLE ONLY public.photo ALTER COLUMN id_photo SET DEFAULT nextval('public.photo_id_photo_seq'::regclass);


--
-- Name: publication id_publication; Type: DEFAULT; Schema: public; Owner: tranotsika
--

ALTER TABLE ONLY public.publication ALTER COLUMN id_publication SET DEFAULT nextval('public.publication_id_publication_seq'::regclass);


--
-- Name: publicite id_publicite; Type: DEFAULT; Schema: public; Owner: tranotsika
--

ALTER TABLE ONLY public.publicite ALTER COLUMN id_publicite SET DEFAULT nextval('public.publicite_id_publicite_seq'::regclass);


--
-- Name: question id_question; Type: DEFAULT; Schema: public; Owner: tranotsika
--

ALTER TABLE ONLY public.question ALTER COLUMN id_question SET DEFAULT nextval('public.question_id_question_seq'::regclass);


--
-- Name: reaction id_reaction; Type: DEFAULT; Schema: public; Owner: tranotsika
--

ALTER TABLE ONLY public.reaction ALTER COLUMN id_reaction SET DEFAULT nextval('public.reaction_id_reaction_seq'::regclass);


--
-- Name: reaction_item id_reaction_item; Type: DEFAULT; Schema: public; Owner: tranotsika
--

ALTER TABLE ONLY public.reaction_item ALTER COLUMN id_reaction_item SET DEFAULT nextval('public.reaction_item_id_reaction_item_seq'::regclass);


--
-- Name: reponse id_reponse; Type: DEFAULT; Schema: public; Owner: tranotsika
--

ALTER TABLE ONLY public.reponse ALTER COLUMN id_reponse SET DEFAULT nextval('public.reponse_id_reponse_seq'::regclass);


--
-- Name: reponse_client id_reponse_client; Type: DEFAULT; Schema: public; Owner: tranotsika
--

ALTER TABLE ONLY public.reponse_client ALTER COLUMN id_reponse_client SET DEFAULT nextval('public.reponse_client_id_reponse_client_seq'::regclass);


--
-- Name: tag id_tag; Type: DEFAULT; Schema: public; Owner: tranotsika
--

ALTER TABLE ONLY public.tag ALTER COLUMN id_tag SET DEFAULT nextval('public.tag_id_tag_seq'::regclass);


--
-- Name: tag_client id_tag_client; Type: DEFAULT; Schema: public; Owner: tranotsika
--

ALTER TABLE ONLY public.tag_client ALTER COLUMN id_tag_client SET DEFAULT nextval('public.tag_client_id_tag_client_seq'::regclass);


--
-- Name: utilite id_utilite; Type: DEFAULT; Schema: public; Owner: tranotsika
--

ALTER TABLE ONLY public.utilite ALTER COLUMN id_utilite SET DEFAULT nextval('public.utilite_id_utilite_seq'::regclass);


--
-- Data for Name: abonnement; Type: TABLE DATA; Schema: public; Owner: tranotsika
--

COPY public.abonnement (id_abonnement, id_client, date_abonnement) FROM stdin;
1	723	2022-04-16 00:00:00
2	71	2022-06-03 00:00:00
3	149	2022-05-26 00:00:00
4	536	2022-05-08 00:00:00
5	682	2022-05-04 00:00:00
6	219	2022-03-30 00:00:00
7	510	2022-03-02 00:00:00
8	568	2022-04-08 00:00:00
9	814	2022-05-05 00:00:00
10	511	2022-06-29 00:00:00
11	626	2022-03-26 00:00:00
12	554	2022-04-25 00:00:00
13	122	2022-03-30 00:00:00
14	541	2022-06-20 00:00:00
15	567	2022-03-22 00:00:00
16	50	2022-04-23 00:00:00
17	833	2022-04-01 00:00:00
18	696	2022-04-09 00:00:00
19	969	2022-06-10 00:00:00
20	687	2022-04-02 00:00:00
21	864	2022-07-07 00:00:00
22	696	2022-06-27 00:00:00
23	546	2022-06-27 00:00:00
24	309	2022-05-19 00:00:00
25	285	2022-07-11 00:00:00
26	491	2022-04-02 00:00:00
27	588	2022-05-03 00:00:00
28	741	2022-06-09 00:00:00
29	939	2022-04-21 00:00:00
30	325	2022-05-21 00:00:00
\.


--
-- Data for Name: boost; Type: TABLE DATA; Schema: public; Owner: tranotsika
--

COPY public.boost (id_boost, id_publication, date_debut, date_fin) FROM stdin;
1	3	2022-04-26 21:42:08	2022-05-26 21:42:08
2	5	2022-04-12 08:08:25	2022-05-12 08:08:25
3	6	2022-05-15 22:47:08	2022-06-15 22:47:08
4	8	2022-05-31 12:00:46	2022-06-30 12:00:46
5	9	2022-07-05 19:31:26	2022-08-05 19:31:26
6	10	2022-06-19 06:39:58	2022-07-19 06:39:58
7	12	2022-05-10 17:51:40	2022-06-10 17:51:40
8	13	2022-03-19 06:43:51	2022-04-19 06:43:51
9	14	2022-05-09 23:14:22	2022-06-09 23:14:22
10	15	2022-04-12 14:49:09	2022-05-12 14:49:09
11	17	2022-06-12 11:54:17	2022-07-12 11:54:17
12	18	2022-03-09 08:17:57	2022-04-09 08:17:57
13	19	2022-05-22 05:44:15	2022-06-22 05:44:15
14	22	2022-04-12 06:32:17	2022-05-12 06:32:17
15	23	2022-06-26 07:06:43	2022-07-26 07:06:43
16	24	2022-03-10 22:37:48	2022-04-10 22:37:48
17	25	2022-03-05 04:31:39	2022-04-05 04:31:39
18	30	2022-04-22 08:57:14	2022-05-22 08:57:14
19	32	2022-05-27 22:28:48	2022-06-27 22:28:48
20	33	2022-07-11 19:51:23	2022-08-11 19:51:23
21	34	2022-03-23 03:30:41	2022-04-23 03:30:41
22	36	2022-06-16 20:53:13	2022-07-16 20:53:13
23	41	2022-07-05 03:03:59	2022-08-05 03:03:59
24	49	2022-03-18 18:06:46	2022-04-18 18:06:46
25	51	2022-06-02 02:57:29	2022-07-02 02:57:29
26	57	2022-06-09 08:41:32	2022-07-09 08:41:32
27	58	2022-06-12 21:58:00	2022-07-12 21:58:00
28	61	2022-03-23 04:01:37	2022-04-23 04:01:37
29	62	2022-03-30 09:11:46	2022-04-30 09:11:46
30	65	2022-05-25 15:01:43	2022-06-25 15:01:43
31	66	2022-07-01 03:01:03	2022-08-01 03:01:03
32	68	2022-03-04 17:08:19	2022-04-04 17:08:19
33	70	2022-04-10 07:30:51	2022-05-10 07:30:51
34	71	2022-04-21 18:43:24	2022-05-21 18:43:24
35	72	2022-06-11 12:26:13	2022-07-11 12:26:13
36	73	2022-05-23 22:11:22	2022-06-23 22:11:22
37	74	2022-04-01 11:13:07	2022-05-01 11:13:07
38	78	2022-05-08 18:28:08	2022-06-08 18:28:08
39	79	2022-04-28 09:05:23	2022-05-28 09:05:23
40	83	2022-03-28 17:52:55	2022-04-28 17:52:55
41	84	2022-06-28 22:10:36	2022-07-28 22:10:36
42	87	2022-04-06 19:56:53	2022-05-06 19:56:53
43	88	2022-04-29 22:43:44	2022-05-29 22:43:44
44	89	2022-06-13 09:16:52	2022-07-13 09:16:52
45	91	2022-06-01 20:45:24	2022-07-01 20:45:24
46	95	2022-05-17 03:04:30	2022-06-17 03:04:30
47	97	2022-06-23 13:42:42	2022-07-23 13:42:42
48	103	2022-03-21 18:46:16	2022-04-21 18:46:16
49	104	2022-04-16 06:09:22	2022-05-16 06:09:22
50	107	2022-03-29 19:21:20	2022-04-29 19:21:20
51	116	2022-04-12 14:00:25	2022-05-12 14:00:25
52	117	2022-07-01 11:15:16	2022-08-01 11:15:16
53	118	2022-06-27 13:21:31	2022-07-27 13:21:31
54	122	2022-05-19 07:43:50	2022-06-19 07:43:50
55	124	2022-03-07 03:54:43	2022-04-07 03:54:43
56	125	2022-03-21 16:43:22	2022-04-21 16:43:22
57	128	2022-06-24 08:04:23	2022-07-24 08:04:23
58	129	2022-05-31 20:33:20	2022-06-30 20:33:20
59	130	2022-04-08 03:39:19	2022-05-08 03:39:19
60	133	2022-03-09 15:37:37	2022-04-09 15:37:37
61	134	2022-06-07 12:53:57	2022-07-07 12:53:57
62	135	2022-06-26 06:46:04	2022-07-26 06:46:04
63	138	2022-05-22 13:45:48	2022-06-22 13:45:48
64	139	2022-06-08 00:47:43	2022-07-08 00:47:43
65	140	2022-04-19 18:41:14	2022-05-19 18:41:14
66	143	2022-05-04 19:52:43	2022-06-04 19:52:43
67	145	2022-05-09 01:49:40	2022-06-09 01:49:40
68	147	2022-03-28 00:24:29	2022-04-28 00:24:29
69	148	2022-05-14 20:47:25	2022-06-14 20:47:25
70	149	2022-06-23 09:53:26	2022-07-23 09:53:26
71	150	2022-04-12 17:13:36	2022-05-12 17:13:36
72	151	2022-03-19 03:59:11	2022-04-19 03:59:11
73	156	2022-05-17 08:06:55	2022-06-17 08:06:55
74	157	2022-06-25 01:46:22	2022-07-25 01:46:22
75	158	2022-03-05 13:23:36	2022-04-05 13:23:36
76	160	2022-03-11 03:15:31	2022-04-11 03:15:31
77	162	2022-03-05 07:53:22	2022-04-05 07:53:22
78	165	2022-05-18 23:18:45	2022-06-18 23:18:45
79	166	2022-07-01 06:16:22	2022-08-01 06:16:22
80	167	2022-03-02 04:07:44	2022-04-02 04:07:44
81	168	2022-04-05 10:48:40	2022-05-05 10:48:40
82	170	2022-03-14 12:14:56	2022-04-14 12:14:56
83	171	2022-06-06 18:03:16	2022-07-06 18:03:16
84	173	2022-05-15 19:26:26	2022-06-15 19:26:26
85	177	2022-03-02 15:57:04	2022-04-02 15:57:04
86	179	2022-07-11 03:05:19	2022-08-11 03:05:19
87	180	2022-05-30 02:16:29	2022-06-30 02:16:29
88	182	2022-05-30 01:30:13	2022-06-30 01:30:13
89	183	2022-07-02 12:32:17	2022-08-02 12:32:17
90	184	2022-07-07 21:44:18	2022-08-07 21:44:18
91	185	2022-05-16 15:03:03	2022-06-16 15:03:03
92	186	2022-04-26 02:09:26	2022-05-26 02:09:26
93	189	2022-03-22 23:09:41	2022-04-22 23:09:41
94	190	2022-05-10 14:24:06	2022-06-10 14:24:06
95	192	2022-03-10 11:27:47	2022-04-10 11:27:47
96	193	2022-05-28 15:23:53	2022-06-28 15:23:53
97	194	2022-06-16 01:59:29	2022-07-16 01:59:29
98	197	2022-06-13 09:26:23	2022-07-13 09:26:23
99	198	2022-04-15 16:42:50	2022-05-15 16:42:50
100	201	2022-06-14 04:59:34	2022-07-14 04:59:34
\.


--
-- Data for Name: classement_point; Type: TABLE DATA; Schema: public; Owner: tranotsika
--

COPY public.classement_point (id_classement_point, intitule_point, valeur_point) FROM stdin;
1	Boost	20
2	Jaime	2
3	JaimePas	-1
4	SameTag	50
\.


--
-- Data for Name: client; Type: TABLE DATA; Schema: public; Owner: tranotsika
--

COPY public.client (id_client, first_name, last_name, email, photo_profile, password, date_naissance, phone_number) FROM stdin;
1	Rica	Kirkam	rkirkam0@blogs.com	\N	54e0431221a5964a0cd24d9349ee11de	1985-05-03	+261348858466
2	Corene	Summerly	csummerly1@vimeo.com	\N	d7e6d878cb9d6adc12afb006812e6c22	1960-02-14	+261344764651
3	Leela	Tingey	ltingey2@fastcompany.com	\N	aa99f812b49d045bcfc62750d9ad4337	1966-06-03	+261343892006
4	Bron	Sothcott	bsothcott3@forbes.com	\N	9d7da48faffae2c876e8db381b3f45c5	1999-01-20	+261349459498
5	Dewain	McClunaghan	dmcclunaghan4@webeden.co.uk	\N	5bb8b6d9cf2369ec6f6ae08e075ab668	1965-02-02	+261346968713
6	Peta	Redgrove	predgrove5@earthlink.net	\N	ea9d25fa2a62418c6be715eb94ed9d0a	1965-03-13	+261346842638
7	Manda	Groom	mgroom6@google.ru	\N	08eb805227f0df6c2732641eb503a31f	1972-07-27	+261336957555
8	Rowland	Younie	ryounie7@bing.com	\N	c3ee7ce1307ff77c47cfaf54985c0552	1981-12-09	+261326206352
9	Fredia	Britt	fbritt8@altervista.org	\N	945db084467c321a874b0a764566f6c5	1960-01-23	+261348668817
10	Hildagarde	Tadd	htadd9@linkedin.com	\N	a07352eccd8d6d3821033bd05f3866c2	1997-01-11	+261346472127
11	Blinny	Caudwell	bcaudwella@goodreads.com	\N	37ff2d623ee4c7d93ce0cb387882e0e9	1993-06-22	+261348802050
12	Harmonie	Reskelly	hreskellyb@xing.com	\N	e44b0310a1f11e3375f62bcb853938e1	1989-09-11	+261347294344
13	Leighton	Margetson	lmargetsonc@jiathis.com	\N	c044e96c5f0705b31e69bc275f87ed80	1986-04-10	+261330259796
14	Felicia	Snadden	fsnaddend@marketwatch.com	\N	74675718eb0fbaf2278edc5bc6d7942a	1956-01-13	+261344390896
15	Rice	Olfert	rolferte@jigsy.com	\N	9c6c579a533274701089ab8c57745f58	1962-08-06	+261341085657
16	Norene	Stolberg	nstolbergf@yelp.com	\N	331aa0adbefffed23e5abff4ac176a90	1947-07-01	+261323630636
17	Hattie	MacGaughey	hmacgaugheyg@imgur.com	\N	33c2867d0b4c36d5f5b1da030c0896d9	1958-06-02	+261328389105
18	Janis	Brewster	jbrewsterh@tamu.edu	\N	095b5e0b3c85ff3c0d8338851d8e25d1	2000-09-06	+261320241263
19	Minnaminnie	Udie	mudiei@msn.com	\N	43e49694bba8406c0fc086c72bd2a48f	1961-12-14	+261325195764
20	Goran	Chittem	gchittemj@amazonaws.com	\N	c3fa03fb7d82f0a6a1ef882e6730843e	1975-03-19	+261340409997
21	Verene	Dunstone	vdunstonek@bing.com	\N	cdc28e65ec13b88534e1c7098bba7c7c	1976-06-17	+261345042217
22	Felicia	Rennebach	frennebachl@google.com.au	\N	e34be7974050d6b456491a954e5ae51b	1999-07-21	+261336110841
23	Thorsten	Merrisson	tmerrissonm@i2i.jp	\N	23da6e297c00bb6390c8e1caa31f5e21	1958-10-29	+261348709447
24	Payton	Ivimy	pivimyn@technorati.com	\N	8c2986fc3d0ba95957f7eb57557ce65d	1974-07-26	+261348397068
25	Dulciana	Selburn	dselburno@sbwire.com	\N	56590ee22c41bc8a23a543fe57f94cb8	1993-01-06	+261348655215
26	Menard	MacAnelley	mmacanelleyp@barnesandnoble.com	\N	16d2b9e7fcb3ce2b54303479c9f3ef29	1998-05-22	+261342523272
27	Rasla	Alleyn	ralleynq@amazon.de	\N	f03a684d5d7267b33d2a16dbae22a84d	1945-09-01	+261346712816
28	Domenic	Bridel	dbridelr@blinklist.com	\N	949eeebef513009d0b637de830279db1	1944-07-23	+261349794529
29	Rudolph	Prys	rpryss@nyu.edu	\N	789cca7be79587b00a7de7322604244a	2001-08-04	+261348308264
30	Ludovico	Ponnsett	lponnsettt@over-blog.com	\N	c8de5f46295e00459f4ddacd0c086e8e	1977-05-18	+261338084769
31	Enrica	Bonniface	ebonnifaceu@163.com	\N	53a11c2aca5f97acdaec3498741ddf6e	1968-01-02	+261331589947
32	Tad	Semkins	tsemkinsv@angelfire.com	\N	f26713f420dfccd5b33f80097df8af0c	1956-08-11	+261337865651
33	Alaster	Tapley	atapleyw@friendfeed.com	\N	94b1c78c28bbf62bfe281398fc97bd16	1977-08-27	+261348804521
34	Antoinette	Fyers	afyersx@ftc.gov	\N	c720ee75f58ebab42afcd003b780f66f	1954-04-18	+261334776006
35	Willette	Antosch	wantoschy@free.fr	\N	f9c6cd9472ef6e44ad2f3bb8761e8c38	1961-04-18	+261334624682
36	Emmalee	Garlett	egarlettz@imgur.com	\N	57a7adc485b61dac6343dff84826fa87	1998-02-03	+261349484335
37	Vale	Reimer	vreimer10@comcast.net	\N	99886fdab7d84a9a5e3b128a54e0f0ff	1968-02-01	+261327795794
38	Gratiana	Thaxter	gthaxter11@dot.gov	\N	3b39d65a9aeed29b8f70c0ac57e821cd	1952-02-14	+261320251578
39	Issie	Menichi	imenichi12@theguardian.com	\N	06874332ff86245c4788bc27f8d092c7	1992-05-01	+261329439867
40	Winn	Hirche	whirche13@phoca.cz	\N	b47aed7a74610f59e6e502b285a0e052	1941-10-29	+261344121028
41	Allene	Cayley	acayley14@shutterfly.com	\N	11d0e0b7d85b10d0934f11ff13cda4a2	1964-08-09	+261347641205
42	Marika	Peirson	mpeirson15@hud.gov	\N	d1346cd966ec8df2c933564b27ce6a31	1965-05-25	+261341331138
43	Diego	Hasselby	dhasselby16@thetimes.co.uk	\N	717ca1a6597b231ad4c5f0045b16be46	1956-06-27	+261331996568
44	Barbabra	Marlow	bmarlow17@php.net	\N	d725502e85cda80ed6c72d914ed22068	1988-08-09	+261320451911
45	Terra	Alenin	talenin18@noaa.gov	\N	8b42e7acce5503312ce7099441e6432e	1944-02-27	+261330843841
46	Aldwin	Rainsbury	arainsbury19@clickbank.net	\N	5ac67e05139f2b227385f9973f87c29f	1953-01-13	+261337128868
47	Samantha	Otley	sotley1a@skyrock.com	\N	daeea3282a5beeb28e3eff0d23fd2536	2000-08-21	+261333628649
48	Consalve	Chaudret	cchaudret1b@360.cn	\N	c32d881f45a75b12cc1f7c220c511ac0	1964-11-29	+261325278750
49	Lewiss	Peller	lpeller1c@phoca.cz	\N	697bc6ea884e0f41f39d37624e30e009	1951-12-24	+261340300387
50	Cash	O' Byrne	cobyrne1d@hibu.com	\N	7ca85a80f8ee63eb01534f4f622cebe6	1954-09-24	+261333045694
51	Aksel	Lock	alock1e@yellowbook.com	\N	798080e79ed231de4873771ceb0edda8	1967-02-24	+261331521164
52	Janey	Melhuish	jmelhuish1f@creativecommons.org	\N	1d02c7b73ceaaa2597b4cda6c741c0ec	1961-05-17	+261339782617
53	Timotheus	Vannini	tvannini1g@umn.edu	\N	780e86844f8d16c60c3c9f3b4b67015a	1982-03-30	+261342789690
54	Lombard	Ambroz	lambroz1h@cmu.edu	\N	1b2e0f229628df5317e6aa080387743c	1979-05-02	+261330404508
55	Clywd	Allix	callix1i@furl.net	\N	7bcfcc63a97a58173eaae526e2d0ecce	1989-08-28	+261328456525
56	Reagen	Paulat	rpaulat1j@wikia.com	\N	d06df6b17709b6b14138a7e141e864ec	1968-02-06	+261344368996
57	Heddi	Jahnel	hjahnel1k@google.nl	\N	144c3f540590f1fd1131388bb52b3ffe	1983-03-05	+261343575469
58	Tessi	McNeish	tmcneish1l@infoseek.co.jp	\N	e8c80c4f9878c14f51b8e9d0fc823b5c	1996-02-24	+261332893317
59	Cort	Siebart	csiebart1m@stanford.edu	\N	7a8fd9aa7d132fad30ae37bfa527929d	1961-11-17	+261325416186
60	Saree	Coggill	scoggill1n@51.la	\N	5a595a9fd76e79aa387c73073915211e	1970-06-12	+261320557875
61	Ethelyn	Fowden	efowden1o@163.com	\N	7854a215c61b59e49267aa5eeafe1147	1948-05-19	+261341666616
62	Dee dee	Timmins	dtimmins1p@dion.ne.jp	\N	052970aa97d9a14dcb09ddb3afbb3404	1968-03-12	+261320072184
63	Bruis	Franks	bfranks1q@unesco.org	\N	1252fb609625647ae560223eefa27bf3	1995-08-07	+261341714743
64	Jamil	Sainter	jsainter1r@taobao.com	\N	3be756aa58ea681feccd5a8945c37d45	1968-09-08	+261344835127
65	Myrna	Dowker	mdowker1s@msn.com	\N	d60211d6c9e83b3cc840c960e0e356b0	1950-06-20	+261329684225
66	Dotty	Mithon	dmithon1t@cloudflare.com	\N	0f3b6ed6555d381c019a63460b9f9e15	1972-08-03	+261330347511
67	Jayme	Rambadt	jrambadt1u@soup.io	\N	d2f470d5cb60cef38fb585e9a4c38b21	1942-01-27	+261326808653
68	Yank	Veque	yveque1v@amazonaws.com	\N	7ada90c1f99a2c64d0617e870e42af8a	1952-08-11	+261341667650
69	Lissi	Trevers	ltrevers1w@tripadvisor.com	\N	05590d8d6402cf1352c0f425ea61cb2d	2002-05-08	+261347658693
70	Fairfax	O'Garmen	fogarmen1x@columbia.edu	\N	8b777caa32259b76bc7cb332c619062d	1998-04-30	+261321729516
71	Sonya	Maddocks	smaddocks1y@qq.com	\N	a3c6c8ffbb629570c7149db2b7780eeb	1947-03-18	+261341714790
72	Monah	Sex	msex1z@plala.or.jp	\N	91958762fb101431a8033133da06b30d	1973-02-28	+261328623986
73	Dennis	Curteis	dcurteis20@furl.net	\N	f023f25d8438fc265197b10243b17e28	1956-09-22	+261337711050
74	Briant	Willows	bwillows21@ycombinator.com	\N	3bee47de072e98b308a0d07744abd21b	1955-08-09	+261345942502
75	Poul	Brecknall	pbrecknall22@miibeian.gov.cn	\N	988d53dda5bf6a7c6a2902b124fa2011	1999-01-31	+261345881538
76	Amandi	Corbally	acorbally23@behance.net	\N	58eb33cd44af4ce4d3959728988fcf68	1954-02-26	+261323104598
77	Sande	Robertucci	srobertucci24@cisco.com	\N	d5aab02201d583d7d68c75f8e7bc0559	1983-08-03	+261320266668
78	Vivia	Lawrey	vlawrey25@bloomberg.com	\N	2e696ab91fe0bf284ad9565162fb3046	1952-09-08	+261336728896
79	Jodee	Whelan	jwhelan26@free.fr	\N	fd24e50193d3f1ebe891953706ee2157	1965-04-12	+261343966041
80	Wenonah	Braxton	wbraxton27@sciencedirect.com	\N	af9584b324984d3872d2b0dadffc8b17	1949-11-21	+261340078003
81	Stafani	Cromly	scromly28@51.la	\N	95c695d83cb901087828d7a3e0fb16a2	1982-10-06	+261341974767
82	Blakelee	Loveman	bloveman29@tripod.com	\N	eb5eea37b8c98d09260c3c48455c9758	1972-08-17	+261336360075
83	Merrile	Pumphrey	mpumphrey2a@opensource.org	\N	86d9a8b4f1af970e26fa1192dc77a167	1972-11-17	+261347770295
84	Carleton	Ferro	cferro2b@smugmug.com	\N	150c6801522f48dd791404b93c24c5fa	1964-12-21	+261347954997
85	Aryn	Medforth	amedforth2c@examiner.com	\N	3465cd783e527edcc42139defd830a18	1953-09-11	+261321150610
86	Tristan	Coyte	tcoyte2d@friendfeed.com	\N	5ffa302015d643276fe20882d1d651f7	1957-02-07	+261334200476
87	Estele	Demelt	edemelt2e@telegraph.co.uk	\N	8381f34b1093fc5cc945b44936f91225	2000-10-10	+261326790507
88	Celestine	Aslett	caslett2f@dedecms.com	\N	084ed5ff128d700aa5b0683d5f3991c7	1962-07-01	+261329673301
89	Darrin	Castille	dcastille2g@indiatimes.com	\N	d178ce7ae190ab946d349bc2b1c2de67	1972-10-01	+261349386492
90	Ermengarde	Mantle	emantle2h@nsw.gov.au	\N	fb9997d7d92e464247c1022f0f625ddc	1942-02-04	+261323037427
91	Nedi	Mallabund	nmallabund2i@goo.ne.jp	\N	1335608a529b4a4b31f8370021c618d0	1972-04-30	+261348233849
92	Lorianna	Gutch	lgutch2j@bing.com	\N	ec1b07c55f71e27378fa98d890909a75	1978-08-25	+261340850771
93	Daryn	Gendricke	dgendricke2k@blogs.com	\N	61499328f8e6eb3520ddb46659030f13	1992-11-23	+261340996888
94	Janene	Seine	jseine2l@umich.edu	\N	4b7f0fcd58a08df5388a7d2b55e0086b	1954-07-05	+261340677321
95	Northrup	Hullett	nhullett2m@washingtonpost.com	\N	b35a429a0fe88f7a9cb6334f1c90c04f	1942-05-30	+261323292479
96	Reece	Winchcombe	rwinchcombe2n@jimdo.com	\N	f8179de1e3f47f32e24913bc306bfbca	2003-07-01	+261328784211
97	Lenee	Bollans	lbollans2o@dmoz.org	\N	33a1f9c61ccf677b523fa30bcde3da4a	1954-11-27	+261342728949
98	Colline	Menichino	cmenichino2p@irs.gov	\N	09b7e95e0a09819f9536bcea60a44be9	2003-09-28	+261325414204
99	Laurens	Beed	lbeed2q@woothemes.com	\N	a1f93bb321b8cb7fa3747eee97986f56	1977-05-11	+261349583328
100	Ferguson	Matresse	fmatresse2r@dmoz.org	\N	c7d2466dc181772c7bb19e2af7b797a4	1963-05-27	+261336105019
101	Heloise	Pecht	hpecht2s@shareasale.com	\N	9bdea9b3af7401926d5e19c4c761d3a5	1998-01-04	+261344865414
102	Brendin	Rubinfeld	brubinfeld2t@is.gd	\N	5a9cd8008c2d9b47c2c1ff607b5e6e7d	1956-04-01	+261344482734
103	Nancie	Sands	nsands2u@wiley.com	\N	a2ed74d88297649edc7a78a1de42e860	1961-11-29	+261336361104
104	Gwenneth	O'Lenane	golenane2v@mlb.com	\N	6d141249c3723bd76216bf53ca8816f6	1996-09-16	+261345272348
105	Erroll	Domonkos	edomonkos2w@taobao.com	\N	5cce065473355befe89fd12dc2a6b151	1940-09-11	+261322714862
106	Nana	Fishwick	nfishwick2x@twitpic.com	\N	9089d01b57dbc2424cef23efb8f326c0	1997-04-15	+261348823741
107	Roxy	McIlmorie	rmcilmorie2y@geocities.jp	\N	1aa4f3a88e7be940e29f34065407f060	1964-08-31	+261342325849
108	Shanon	Kiljan	skiljan2z@soundcloud.com	\N	5d28e428ef0af166edac89d940686515	1958-06-17	+261325094725
109	Jackie	Thew	jthew30@etsy.com	\N	07db250bbce554e4bf17b007b4bcc2b1	1973-07-20	+261328660273
110	Roxine	Longcaster	rlongcaster31@upenn.edu	\N	87d3a3f17eb1d30b71f009cb40c86b15	1982-11-15	+261348305980
111	Ellswerth	Bohlsen	ebohlsen32@canalblog.com	\N	eab0244bdc0b6f1215275f2f38b65b7b	2001-09-07	+261323349301
112	Kurt	Ivanyukov	kivanyukov33@narod.ru	\N	41db167f758c33ee45a713a23d06d78f	1989-04-11	+261348050040
113	Mireielle	Chevers	mchevers34@photobucket.com	\N	449f98e7eba58ed0d163b6418b43278c	1972-01-31	+261343899506
114	Nicolina	Thorsby	nthorsby35@bravesites.com	\N	42814e26452391f1544459ed706ef28c	2002-11-25	+261329239928
115	Hyman	Van de Velde	hvandevelde36@usatoday.com	\N	874fd7a5c5cf07aad1ef48e5928abbf8	2003-07-23	+261346780132
116	Shayne	Maypole	smaypole37@google.co.uk	\N	335e3ed7c13143b09b21b00f2a8afa94	1970-01-25	+261347776078
117	Aloise	Tunnadine	atunnadine38@soup.io	\N	8778f7addf350c3b83f952f6311e18d8	1975-08-27	+261348711740
118	Rurik	Ianizzi	rianizzi39@go.com	\N	a6a048a795b0d0ebe9bf3fcb20610426	1941-11-29	+261347706010
119	Mercy	Worcs	mworcs3a@nasa.gov	\N	19200b02677944190778df66f4a4d4a8	1995-11-26	+261320614765
120	Corie	O'Gorman	cogorman3b@google.ca	\N	652b3bc00369d2733bc1d47803db4a0f	1955-05-07	+261342560506
121	Percival	Graith	pgraith3c@accuweather.com	\N	fd2ded882ce98756b82462c232ce9ef3	1985-06-14	+261332036711
122	Sheila-kathryn	Pinchbeck	spinchbeck3d@google.com.au	\N	4b785caa2be5653db6578e882cb006a9	1944-05-18	+261348512624
123	Cosimo	Hounsome	chounsome3e@dailymotion.com	\N	ce3728258d87477c06cb20f28c23c709	1990-05-27	+261346080838
124	Quinta	Elby	qelby3f@over-blog.com	\N	bae6770d8dcfd102c8741a84ee124885	1967-12-11	+261340644136
125	Ursuline	Thon	uthon3g@washingtonpost.com	\N	61c1dd0a3711f8e72eb015da211ac554	1985-11-27	+261348589916
126	Rip	Evered	revered3h@wiley.com	\N	2a9b0a9ea5d2d54285e06e33e8c01925	1955-04-15	+261340612536
127	Hernando	Vasyaev	hvasyaev3i@hibu.com	\N	bc0abfe92811e364450f3ce5c02058bc	1995-06-23	+261349164283
128	Ashlee	Mellodey	amellodey3j@parallels.com	\N	01c25dd01032259ef75170cb7466e059	1987-07-08	+261333845928
129	Joe	Le Clercq	jleclercq3k@weibo.com	\N	2d3e893817bf1708c7dd60c310d354f7	1993-06-28	+261349578439
130	Maryanna	Mordanti	mmordanti3l@salon.com	\N	6c2d05105867a52c8de3b3a1a1b1183a	1971-09-06	+261343259616
131	Anastasie	Thiolier	athiolier3m@pbs.org	\N	5da5b86114aa18f82b520a9c1379ebcb	1968-11-29	+261346091559
132	Margit	Wylam	mwylam3n@nsw.gov.au	\N	f0b1a32f94a9f267a2841b5282b9ef55	1953-04-09	+261341609816
133	Joey	Filipchikov	jfilipchikov3o@yellowbook.com	\N	a3c87af5568ff34c7b70e2c0c7ca3793	2003-03-24	+261326545301
134	Heath	Roscam	hroscam3p@meetup.com	\N	31de2b9eb1ea517692dc86c96d461d5f	1985-02-09	+261324982283
135	Dom	Bostock	dbostock3q@taobao.com	\N	9e2f4028862326f329d9e34bee2a8f72	1960-08-18	+261347585711
136	Gerhardine	Gethings	ggethings3r@wufoo.com	\N	108fd9de11a5a651987b6fee17867f3c	1954-01-25	+261323287643
137	Brady	Rosone	brosone3s@cyberchimps.com	\N	a994c9a89d979af34ffc04c417a3ff8d	1967-05-25	+261347478030
138	Berrie	Targetter	btargetter3t@surveymonkey.com	\N	c5e8b408a2c490f29102b3016d7e53fb	1999-01-11	+261347094687
139	Maribeth	Gribbon	mgribbon3u@networkadvertising.org	\N	01e7728b928055e900f6680a4f1815ad	1943-02-21	+261345245475
140	Nickola	Killgus	nkillgus3v@naver.com	\N	8ada0d51dc39016e5e07c35eb2a53d11	1970-11-22	+261325176317
141	Hali	Rickesies	hrickesies3w@yandex.ru	\N	faaebb0f857725391bc2efda18eab755	1993-03-30	+261347181999
142	Farah	Milbank	fmilbank3x@microsoft.com	\N	e90852da6f74efaa828c6a17525df4fc	1993-03-08	+261332208678
143	Horton	Dockery	hdockery3y@si.edu	\N	0278370cc44bed0a7760ec3de019ce78	1996-09-11	+261344435449
144	Dorotea	Ruperti	druperti3z@mashable.com	\N	1ac157c37eb01b41c22b12e8893b5fc7	1981-07-06	+261327637316
145	Spencer	Webburn	swebburn40@un.org	\N	6413293018958da583e63576914f85f9	1980-10-13	+261322983731
146	Ania	Banke	abanke41@tuttocitta.it	\N	1b216c5e75b069cfa075e08212972ad9	1940-03-31	+261345752459
147	Ana	McCroft	amccroft42@apple.com	\N	174227f484db3fb1b6b75754f49ba69d	1940-10-08	+261344639080
148	Lainey	Eisold	leisold43@narod.ru	\N	eaa00be67e3976c5970bfa7833c91ad9	1958-12-03	+261327207162
149	Durand	Ashlee	dashlee44@yandex.ru	\N	6f84e48dd41ed76da89f841bc8284ef8	1999-06-06	+261338765446
150	Gertrude	Cayzer	gcayzer45@apple.com	\N	e3d9163049c351761ad483a7606ab5de	1970-11-11	+261330120415
151	Shanan	McDonagh	smcdonagh46@admin.ch	\N	26cc99bcc51b1672b9b6299c3497c1e3	1978-06-23	+261346212711
152	Urbano	Abberley	uabberley47@e-recht24.de	\N	7e50c3ec35b016d797a332074c47e85d	1993-03-29	+261321807145
153	Claudio	Trevino	ctrevino48@kickstarter.com	\N	ae2bc37239eaf9414c0290116be844b9	1948-05-06	+261337346431
154	Nerte	Linder	nlinder49@wix.com	\N	6af057b93bb5d80022cd116ddef1ba22	1986-01-16	+261335125203
155	Oswell	Mufford	omufford4a@google.com.br	\N	8e763ba40025a80cae8f7217582ff44d	1959-03-10	+261331627209
156	Asa	Pennigar	apennigar4b@patch.com	\N	4703915dea66efcc5396f350a49aceb1	1955-06-09	+261338092836
157	Maxie	Samways	msamways4c@123-reg.co.uk	\N	387fe75968f91fce01de61c6fe6dfdae	1975-06-19	+261349458485
158	Jeremie	Ackrill	jackrill4d@hugedomains.com	\N	0872d93222d80de35c63e4ff722c31ae	1996-03-20	+261334664377
159	Marleah	Bodicum	mbodicum4e@nyu.edu	\N	1fc149917a636fc82974c0539fafff71	1985-03-25	+261326761594
160	Stanfield	Pettengell	spettengell4f@vistaprint.com	\N	46dd29ab68060ef50ac448f5157d6638	1993-03-12	+261346034365
161	Bren	Kelledy	bkelledy4g@comcast.net	\N	f9619c2aad4afde10ff8ffba3a4dac15	1964-11-12	+261342152608
162	Willette	Schwander	wschwander4h@linkedin.com	\N	ee263f934ff90e581a546e4355ddf2c5	2000-10-09	+261324419486
163	Emelia	Craister	ecraister4i@vistaprint.com	\N	830a3b6cd0be46bbbea5abc7abe028eb	1977-02-01	+261332352100
164	Hobey	Ballin	hballin4j@123-reg.co.uk	\N	b54cfe9cf2907c8e0530e9367902fd58	1973-04-13	+261343752343
165	Devin	McCarroll	dmccarroll4k@fotki.com	\N	30e1018355f086f8716d80af87442698	1982-02-09	+261349016914
166	Whitman	Renad	wrenad4l@ycombinator.com	\N	86fca223063d3ba87db1fa7a9dd188e3	1992-06-07	+261346473108
167	Edee	Noyes	enoyes4m@smh.com.au	\N	d0641c31062af9da1fa2409f83d00171	1994-09-24	+261333450969
168	Shadow	Boschmann	sboschmann4n@360.cn	\N	d8491c9de9d3f093bfbd8c8b727b0186	2001-01-12	+261327293278
169	Haily	Dainty	hdainty4o@lulu.com	\N	0317162712f161b4eff598d01b4e0503	1990-03-19	+261345336715
170	Margie	Casini	mcasini4p@whitehouse.gov	\N	c3f35ae3731f289f8a2ec86d8dafb32d	1986-08-02	+261322456524
171	Munroe	Ciottoi	mciottoi4q@dion.ne.jp	\N	16ca17d7bd5bd264527e7643abe00981	1988-03-26	+261348970748
172	Zsazsa	Warrington	zwarrington4r@slashdot.org	\N	6bcdacf5ecb2f3134cfd50e29525ac71	1994-04-01	+261345124150
173	Waldo	Slopier	wslopier4s@mozilla.org	\N	d3bde269515810049cbdc41faef8d305	1978-06-20	+261335691396
174	Kerry	Fellon	kfellon4t@independent.co.uk	\N	6cad75326edf10b1afceb23284faaa46	1971-06-23	+261324819223
175	Ruth	Jenner	rjenner4u@ed.gov	\N	f881ae640e0a4ccc88c1856f435c4403	1951-08-22	+261339301639
176	Ardis	Reeve	areeve4v@technorati.com	\N	ad814a625a479516659fe0ffb79f00d4	1967-01-22	+261326463292
177	Blakeley	Solloway	bsolloway4w@com.com	\N	26f6f5f2de786b38c7ebc514c9d1f03a	1979-03-26	+261343455694
178	Louisette	Merrien	lmerrien4x@w3.org	\N	17ac5c60cba64bfe33b8322e97de67e9	1963-10-15	+261345632030
179	Drusy	Thying	dthying4y@e-recht24.de	\N	bdd5b0dcf2f0e4dac1407c6a158c2a39	1962-09-26	+261336987535
180	Karlan	McGroarty	kmcgroarty4z@php.net	\N	0ccc01ff9d5298ae167b01e8918df74b	1955-01-14	+261342777852
181	Federico	Michelmore	fmichelmore50@1und1.de	\N	84a28087efb3ce451c44203a58c4e1ec	1968-09-15	+261345438582
182	Stephine	Kacheller	skacheller51@amazon.com	\N	735067ffd7bf613da775c98f23887a08	1993-04-29	+261324225308
183	Flora	Goburn	fgoburn52@theatlantic.com	\N	43250cbb3be752603ecf7968758b7912	1999-03-06	+261339584437
184	Lowell	Slater	lslater53@flavors.me	\N	2969d09566bce6b4e8ae16ca6d9e25b1	1941-09-18	+261346143561
185	Imogen	Lohmeyer	ilohmeyer54@constantcontact.com	\N	272d58a7dc4275689943e044a5a010dd	2002-03-01	+261324362007
186	Maudie	Stiger	mstiger55@free.fr	\N	f41f64cb2071ec29b3199eacc4bc2f6f	1957-05-22	+261349420057
187	Karlik	Pleace	kpleace56@technorati.com	\N	f669a6a4845c2c2d382835c7d1b4f05d	1964-01-03	+261345995332
188	Webb	Bastistini	wbastistini57@google.com.au	\N	87798570ba1df52f4329eaed06cb1039	1973-05-17	+261343322069
189	Neil	Vasilischev	nvasilischev58@mozilla.org	\N	7d5ec193e665a6ca08094e0566628375	1983-09-19	+261343605781
190	Thibaut	Fellos	tfellos59@google.de	\N	8c2efa2134239618e393418742e96a0f	2000-06-27	+261348231555
191	Ferris	Leadley	fleadley5a@devhub.com	\N	8396d4cd8fa74a040c1de0ecc4627ca5	1981-05-15	+261340918637
192	Harlene	Gamblin	hgamblin5b@baidu.com	\N	685246c50e25fa1a9c7fcb8dfbff3f7f	1943-10-06	+261329796718
193	Chester	Hyams	chyams5c@geocities.com	\N	38950b6857e084f0b94a69e10a0fb861	1990-10-30	+261346961677
194	Nathalie	Dottridge	ndottridge5d@telegraph.co.uk	\N	5663a2fcb62ddd5ea132c1a3f98de91a	1943-12-14	+261330490399
195	Nan	Causey	ncausey5e@tumblr.com	\N	e262d9058349af3281784b738ee74cc5	1970-04-27	+261342594682
196	Hunter	Rosgen	hrosgen5f@barnesandnoble.com	\N	afa4becd155e40c668b8c36d36b66540	1965-07-23	+261324274633
197	Anderea	Trice	atrice5g@wikipedia.org	\N	357a8d05c81b0d51ceb6a054191dc851	2002-11-03	+261344308394
198	Constance	McNeilley	cmcneilley5h@foxnews.com	\N	6d0126b78d55c4961ac3b611fa652b97	1999-12-21	+261333817308
199	Winona	Coward	wcoward5i@istockphoto.com	\N	24a3bb50c4a8f24d94d087b2695781ac	1983-01-07	+261346042438
200	Leanora	Callum	lcallum5j@narod.ru	\N	b52f88f61d1a3910512a810dccda0b72	1964-08-19	+261345642008
201	Reiko	Liddiard	rliddiard5k@yellowpages.com	\N	90c581b58ad9f9e4744b12ef080052ac	1952-01-27	+261325875453
202	Ginny	Juckes	gjuckes5l@mayoclinic.com	\N	288b35d4acc73b1a70badcd749cd80fb	1998-11-15	+261334491619
203	Ralf	Meiklam	rmeiklam5m@lycos.com	\N	aaa4fc3f55f60f884c37777f50272b1b	1965-10-06	+261339140013
204	Olly	Crafts	ocrafts5n@cnn.com	\N	74938c6d268e05efb4cc2f0cf3a329e5	1959-05-18	+261348361293
205	Ruperto	Skaife	rskaife5o@google.cn	\N	612ed60c5816281a76b1acc8c31df658	1997-02-01	+261345516690
206	Malinde	Welford	mwelford5p@ed.gov	\N	3ce7909b69d5414b933c4396bd0eaca0	2002-07-29	+261349645137
207	Rutter	Serman	rserman5q@cmu.edu	\N	aa84e65009929c9a333e2ffb999300d7	1949-07-03	+261345240949
208	Gwyneth	Calvard	gcalvard5r@bravesites.com	\N	4b5a1c338ab9620f898ded0c2ab1ee6e	2003-01-16	+261344426012
209	Nicholas	Dewing	ndewing5s@purevolume.com	\N	4950379b584f13a4fe38134018936e4a	1945-01-08	+261328148843
210	Cathyleen	Denyakin	cdenyakin5t@wp.com	\N	ff7fd105736689cdcd4869066a761783	1968-09-18	+261337689671
211	Nevins	Krysiak	nkrysiak5u@unicef.org	\N	b851ada512deca16ca88acfa646c41a2	1948-07-18	+261347686677
212	Merilyn	Khomich	mkhomich5v@ucla.edu	\N	bc1e7476f0ac8946fe1785ccb215cb10	2003-05-26	+261332192062
213	Madlen	Zorzetti	mzorzetti5w@businesswire.com	\N	a8741d5b23dd2d87fc5150c9a38ebbf0	1945-12-05	+261344993372
214	Christiana	Marritt	cmarritt5x@hugedomains.com	\N	3ccfb6b3a72b6ccc4ab5b3b069da10ce	2002-12-06	+261348793197
215	Ferdinanda	Penrose	fpenrose5y@cdbaby.com	\N	8958692994e6d324a9f53f1e1841cf9c	1965-08-27	+261333885582
216	Olin	Risso	orisso5z@geocities.com	\N	2487d91ea5e03a261ba9c48838c9ff00	1982-01-04	+261341932379
217	Abby	Drance	adrance60@boston.com	\N	78def2e873e6763171e09c28f8fdbccf	1958-03-17	+261341240578
218	Laurent	Garvin	lgarvin61@360.cn	\N	0b75b3abb891d6b1c7649d984f3a059b	1968-01-29	+261342579232
219	Carrissa	Bownass	cbownass62@gizmodo.com	\N	0aacc73c6b8dd3af70c85040f732facc	1990-02-09	+261325285594
220	Virgie	Carnegy	vcarnegy63@ca.gov	\N	21d62359ebed680b118bb59598dbc9b3	1944-12-10	+261349419298
221	Basil	Gilvary	bgilvary64@flickr.com	\N	f0a0c01532d465d90624038900222b2a	1995-09-01	+261333799692
222	Gene	Petrillo	gpetrillo65@tiny.cc	\N	36c48cc6758f1cdb5f84845e4c0579ed	1998-03-21	+261344255651
223	Sonya	Saltmarsh	ssaltmarsh66@fc2.com	\N	79263d61cf8d0e4cc93fcf4d3d41f6d5	1974-09-07	+261344072257
224	Melosa	Naismith	mnaismith67@icq.com	\N	ae1c2b8130860644d03f18ac35d5f44c	1979-12-06	+261349760739
225	Michele	Toderbrugge	mtoderbrugge68@abc.net.au	\N	771081798cf3ab86a241ce45d28f09b5	1971-01-13	+261348793500
226	Genia	Brooks	gbrooks69@webnode.com	\N	19cbc64dd445bb93c5d39e6e04d51117	1979-07-16	+261346155011
227	Stesha	Rozzier	srozzier6a@technorati.com	\N	f4572f3beabd2ddbe145e349b054f0de	2002-05-01	+261332352405
228	Moina	Grumell	mgrumell6b@opensource.org	\N	3c637431bd5b5dd0df9eba4198d41d10	1970-02-16	+261343174096
229	Laughton	Ghilks	lghilks6c@si.edu	\N	1876c572453da9b5ba200901830f77e6	1982-11-14	+261328649910
230	Brigitta	Hales	bhales6d@seesaa.net	\N	d249dea2731a6a089276a6f4fed1a1cd	1986-01-09	+261342958638
231	Ariella	Bolstridge	abolstridge6e@freewebs.com	\N	e31e2ed7d788a4c6e9b8c4fdb86e9c55	1983-03-07	+261348233874
232	Adda	Itzig	aitzig6f@webmd.com	\N	d604b69803cbc137ce5202c43ed9495b	1996-09-16	+261345203542
233	Theressa	Kensitt	tkensitt6g@cafepress.com	\N	b0e203dacb1ab33a058add1edacb3212	1954-08-15	+261344898834
234	Colline	Kisting	ckisting6h@deliciousdays.com	\N	c0f52121e9c94b32d05a1f875503de5a	1988-08-02	+261323973676
235	Rafaelita	Roles	rroles6i@house.gov	\N	7bfd22bb72f38ffac0daadb0ea4a6caa	1980-11-12	+261345819396
236	Fredrick	Ivakhin	fivakhin6j@rakuten.co.jp	\N	15e56a7b4a13a7da50a499dfc7e06545	1954-06-10	+261331964779
237	Karoly	Whitlam	kwhitlam6k@latimes.com	\N	55753ce8b7a6855d690e8ee2ffbda19d	1950-10-04	+261349349925
238	Ellyn	Dalgarnowch	edalgarnowch6l@yale.edu	\N	f88c5e20f60c6ba09113277c68d82b0e	1982-08-02	+261334889995
239	Normy	Gajewski	ngajewski6m@studiopress.com	\N	e605069b2d1c1e8f03ae64a3d88d439e	1973-04-24	+261346198043
240	Peadar	Losebie	plosebie6n@mit.edu	\N	6c2b88d003004bebe23de9b6a99e3735	1978-12-17	+261347109033
241	Donnie	Curthoys	dcurthoys6o@bloomberg.com	\N	791cf40a4357077718c9eb8d70f2f75a	1971-04-08	+261349289268
242	Mendy	Enticott	menticott6p@huffingtonpost.com	\N	6389db7c89955525712f711a94f57730	1986-10-05	+261348434274
243	Marie-jeanne	Iddenden	middenden6q@slate.com	\N	09d6bd3117257b1c60680fcbae227ed9	1942-09-02	+261327727187
244	Stanfield	Gomme	sgomme6r@macromedia.com	\N	664af1c80e55d1d9cd5aa9fe0fee1864	1997-08-27	+261326456884
245	Egan	Darrington	edarrington6s@opera.com	\N	ec0468dc0ab04fdd326f9659b8ca46a3	1954-04-18	+261344146767
246	Laina	Emlyn	lemlyn6t@nationalgeographic.com	\N	b7f3396669b61959793e1f4d1f82db6f	1947-12-24	+261347104503
247	Vail	Mouan	vmouan6u@chron.com	\N	0634c52fdc90644008d6e89ab9aa64c1	1944-10-17	+261323045719
248	Dosi	Gerrey	dgerrey6v@wp.com	\N	11fc5c574cc34bfad055e6ef43ab3144	1966-05-23	+261342559046
249	Cherida	Sporrij	csporrij6w@yellowbook.com	\N	ab0954951c0307c61cf2eb5127c80cc1	1972-06-26	+261338556654
250	Shena	Vankov	svankov6x@utexas.edu	\N	e992299c6e24cd8640c0e0815d07ac12	2002-04-30	+261347721464
251	Elmer	Ivan	eivan6y@tinyurl.com	\N	72effe163d5d47fce2bf25663bbdaf53	1960-10-29	+261335128236
252	Symon	Amsden	samsden6z@unesco.org	\N	fea105c159a1914b968ba656e167a59c	1994-11-21	+261336209950
253	Jere	Wey	jwey70@multiply.com	\N	4325755cb5a7d6ecc15bdec0dcec2e19	1953-02-02	+261326674264
254	Sophey	Richen	srichen71@ucoz.com	\N	1902bb35f99684354f9823a8cdc4f4cc	1968-06-21	+261322516014
255	Marty	Bezarra	mbezarra72@twitpic.com	\N	2490058f60679251783c25537643d233	1990-05-07	+261341484298
256	Mariska	Pinnick	mpinnick73@artisteer.com	\N	cb9d8d1f19aa8a9ea5ef303ced46b65b	1948-10-06	+261345591669
257	Gothart	Dyett	gdyett74@columbia.edu	\N	e691bd7e5946d3da6504ff5b48697aaf	1960-02-11	+261347046860
258	Filberte	Streatfield	fstreatfield75@ning.com	\N	28402bed552eabc28b0380cc39354b3b	1990-06-05	+261320072966
259	Dana	Patrono	dpatrono76@booking.com	\N	2b520123af04d7f004fd7c20c060d602	1940-05-17	+261342021876
260	Sibel	Yanov	syanov77@yale.edu	\N	d9dce1d35734f842bc312068a319c40b	1989-10-27	+261332195883
261	Meghan	Dicken	mdicken78@microsoft.com	\N	1741af9cb4d7d4b44d3f45ec5af31dc6	1958-09-24	+261345060267
262	Karoly	McMahon	kmcmahon79@japanpost.jp	\N	009c1b489a511661f6178c554eec233a	1946-12-27	+261343103122
263	Linnea	Leehane	lleehane7a@ca.gov	\N	31485469a5cecec03c38f96c5b19ee66	1982-04-03	+261341415941
264	Spike	O'Fearguise	sofearguise7b@csmonitor.com	\N	057af1da21dc6c6e888fb2c086d626f8	1982-03-29	+261331995340
265	Alberto	Crookes	acrookes7c@ifeng.com	\N	acbef33b51ec042489a09256824c6172	1996-05-06	+261349564882
266	Oby	Le Surf	olesurf7d@techcrunch.com	\N	813eaff25a6b6c73d6090dc0a5a11db8	1977-04-19	+261325899011
267	Charles	Jinda	cjinda7e@engadget.com	\N	80e07ce0c73167997ab0175dca149049	2002-01-19	+261345694530
268	Teddy	Hurren	thurren7f@google.de	\N	baebdfab454c251d8b3f005594430002	1943-11-01	+261329975696
269	Loella	Cramond	lcramond7g@harvard.edu	\N	9925bf4401dd20774822988c4330d521	1952-03-09	+261343243335
270	Upton	Croll	ucroll7h@ow.ly	\N	b3ade5657cec1f7940b0cff8ace67c35	1964-08-10	+261333810489
271	Rosalinde	Allkins	rallkins7i@linkedin.com	\N	adb091b79f06498f73edd1590783f0d4	1998-12-12	+261323033599
272	Crissy	Latimer	clatimer7j@cpanel.net	\N	993c06d0aa33a7adcdb6961060451759	1977-06-19	+261345113396
273	Cathee	Fishenden	cfishenden7k@globo.com	\N	2fe889dd819b10d4a774f83e81d145b0	1984-04-17	+261323949805
274	Sutton	Daouse	sdaouse7l@xrea.com	\N	3a1d095274d4cf08a8006c2705ff2263	1956-12-02	+261342588722
275	Roselle	Gores	rgores7m@thetimes.co.uk	\N	ceb31b5055676c194a5ffaa90d56a21a	1997-05-02	+261341622954
276	Lazare	Easseby	leasseby7n@hexun.com	\N	fb5ce8d05e8dc23e32120394a6d134c8	1974-01-02	+261323021805
277	Alecia	Saing	asaing7o@ifeng.com	\N	23016a916b0e5091ab54299df959f32c	1973-11-09	+261346772180
278	Lanny	Iley	liley7p@joomla.org	\N	27e1bf5327cb637a7a4e3efee4246bbb	1960-12-01	+261331319490
279	Wayland	Coddington	wcoddington7q@usnews.com	\N	f15abb8f9ddb60b53d65587425560517	1947-01-08	+261347301940
280	Eddie	Boydon	eboydon7r@ftc.gov	\N	e83db328ecd77928daae020e84a31363	1996-01-02	+261341014761
281	Eamon	Crisell	ecrisell7s@tripadvisor.com	\N	c486a99187a304167294af06499a8334	1943-12-14	+261347717501
282	Abe	De Stoop	adestoop7t@kickstarter.com	\N	e55a050c9ecec129ae293a38a2be01e8	1988-02-29	+261326662296
283	Chicky	Leonarde	cleonarde7u@alexa.com	\N	4e1ffc4f5748df0581648e1341a2c6e3	1969-08-02	+261327431820
284	Kellen	Bach	kbach7v@prweb.com	\N	64cc2677761400a2a6c7204cbe1ee23f	1951-07-17	+261339474941
285	Rycca	Woolerton	rwoolerton7w@usda.gov	\N	49d3066c58b053019d730190e5a91b55	1976-02-15	+261348138078
286	Mata	Savary	msavary7x@wisc.edu	\N	8d0d064a8a7112ff2fc610f23a4a6944	1960-04-24	+261347819961
287	Raffaello	Winear	rwinear7y@myspace.com	\N	fa60372c09cad07b6ec4e1dd3faee9fc	1981-11-06	+261327896403
288	Winthrop	Mabbott	wmabbott7z@jiathis.com	\N	7c4481c9e5d9bc1265490ef111bae0ef	1994-03-16	+261345194082
289	Cirilo	Airey	cairey80@sfgate.com	\N	005443e276c525d76a9211952c61b4b2	2000-07-09	+261339811473
290	Georgianna	Ambrogelli	gambrogelli81@cafepress.com	\N	d6f046e6d16e744da40ad6a8df08dbb2	1969-06-09	+261342825924
291	Luther	Shadfourth	lshadfourth82@army.mil	\N	47d5636cf67ca5367c9b6cd94d1f3ff6	1959-01-30	+261345969593
292	Arturo	Curragh	acurragh83@webs.com	\N	a63a7c2dded46e057a633bd37c42d020	1944-02-03	+261333844609
293	Randy	Reburn	rreburn84@usda.gov	\N	0ccdfcace3cbef3f7c9b9aeb1d168080	1984-07-02	+261348859516
294	Janean	MacVaugh	jmacvaugh85@yelp.com	\N	b169496e1e7b5aec56b2a52654277831	1942-05-04	+261335977894
295	Carolyn	Cahillane	ccahillane86@army.mil	\N	b5cb87036498c1adfaa4e613fbb4e9c2	1976-05-07	+261334601337
296	Claiborne	Elden	celden87@php.net	\N	f7a67d4dbd88fbddca1fadac24fcc380	1961-05-12	+261320999591
297	Carolin	Omond	comond88@nasa.gov	\N	aaba36f70853cc8446c5c3cc7ab1995d	1957-08-14	+261344802307
298	Perice	Rosencrantz	prosencrantz89@drupal.org	\N	0702704b2f84e7194a76dd4addde70fb	1988-11-01	+261342010307
299	Wilbur	Fills	wfills8a@hugedomains.com	\N	493fd15ab4d71b4b4ecced1f72343962	1941-12-06	+261340062968
300	Irena	Branni	ibranni8b@posterous.com	\N	e89e7829407f8a7a2b3916418421a6ff	1944-09-14	+261341223061
301	Gabi	Kliche	gkliche8c@alexa.com	\N	9d01258a39e8ef9bc7cedf97c344a379	1965-03-23	+261340664316
302	Ad	Lambarton	alambarton8d@tripod.com	\N	ee424b644e08b414e2ef58f155c39282	1959-08-29	+261348467385
303	Mareah	Ducker	mducker8e@reverbnation.com	\N	4a4c0fd24151b40a5cec29e4a50c3cef	1989-02-08	+261346850147
304	Marleah	Evison	mevison8f@blogger.com	\N	e25572d01c15c7c9bc8b763eee72bdf8	1988-06-15	+261349220779
305	Melody	Bentson	mbentson8g@craigslist.org	\N	2a5d9088e48f5afea49391b61c2df0fc	1990-04-27	+261323863698
306	Barde	Reichardt	breichardt8h@deliciousdays.com	\N	4cccae1336250e177a58bd56114db80d	1944-07-25	+261341578949
307	Alwin	Erickssen	aerickssen8i@ft.com	\N	a7fee475cbe0606f511588bda04088c3	1995-02-02	+261327366107
308	Gabi	Van Schafflaer	gvanschafflaer8j@photobucket.com	\N	09e60443419ad62df8cee7252eb641f9	1965-04-20	+261340771554
309	Austine	Gudger	agudger8k@yellowbook.com	\N	8be81ea2d8b52e979937255a42b410a6	1972-11-25	+261343904612
310	Cornie	Dormer	cdormer8l@samsung.com	\N	171aa02c056ec7ba85eb27df0622f081	1989-10-11	+261347491009
311	Hobie	Getty	hgetty8m@facebook.com	\N	1f8fd61a34ce660faa1dbd81ff64c49f	1949-02-22	+261339582987
312	Monroe	O'Connel	moconnel8n@nydailynews.com	\N	b3dd9a471204912e5dfdecdefe717d4b	1978-04-22	+261340404845
313	Laina	Le Galle	llegalle8o@elegantthemes.com	\N	1c4f0ecd01fc7de9aaa048a6ca8025d8	1953-06-15	+261323760317
314	Faber	Raiman	fraiman8p@princeton.edu	\N	a2057b4ad7585f0ae9cbb130e9d553ae	1950-03-30	+261347397194
315	Shermie	Birnie	sbirnie8q@plala.or.jp	\N	f58c90ed2aefd21c9272053e32147d69	1983-09-30	+261328421796
316	Muriel	Moorfield	mmoorfield8r@php.net	\N	5c93156375bb2d6419ba5e8ab97d1252	1999-01-13	+261347521134
317	Arlin	Latore	alatore8s@macromedia.com	\N	71a19a24d54dbdb54c9b84d5fb360cd1	1964-11-27	+261323078861
318	Loralie	Cossons	lcossons8t@oakley.com	\N	f260f94dd58bb12a1deb7cc90fe33ea6	2001-03-27	+261345812493
319	Brendan	Jeacop	bjeacop8u@dyndns.org	\N	eb5f417e6bb6cc030cb04c19b8f3ca09	1959-10-21	+261339854453
320	Leeanne	Bartram	lbartram8v@bravesites.com	\N	92c3b78287d810966e3b432b9af6fede	1975-06-17	+261340650747
321	Berke	Kinder	bkinder8w@tiny.cc	\N	79122425a1e22bba2de1220c72c0ffcd	1961-05-02	+261333061111
322	Allissa	Bisco	abisco8x@wix.com	\N	cca6fbb65a28bc46d617efbdb135b9fa	1944-10-29	+261349176723
323	My	Couper	mcouper8y@blogspot.com	\N	b65782906ea8b570aab306d3b6cae619	1970-02-18	+261332089759
324	Mohandas	Whetton	mwhetton8z@wix.com	\N	2c5c30dbcf0a3f8c2686cf871d3cd39a	1942-01-22	+261346483815
325	Dorry	Brittles	dbrittles90@opensource.org	\N	7785893d65fdb8c59c07c69321737a00	1949-03-30	+261321366397
326	Fredrika	Murcott	fmurcott91@addtoany.com	\N	e8a636f47be216cf8a5e3ac495c7a1b1	1963-09-08	+261343750426
327	Vassili	Binder	vbinder92@google.ru	\N	5b2e4a6dd68e5285a4d958e8bf54aa90	1959-01-19	+261320363943
328	Edouard	Buney	ebuney93@paginegialle.it	\N	bcbdcc7156ea7b904346de46fd57e4ef	1955-04-01	+261338102935
329	Anetta	Rehme	arehme94@geocities.jp	\N	5dfbb6e7ba966736d08bc34225d35c7e	2000-10-29	+261332765452
330	Cynthy	Wands	cwands95@wired.com	\N	d106bd1f2483aea1f22b164c9be247fa	2001-05-08	+261341987593
331	Desmond	Ashenhurst	dashenhurst96@printfriendly.com	\N	2ecc9c33505efa306e93c72a8c1873db	1947-05-21	+261329067311
332	Alphard	Abbiss	aabbiss97@wikimedia.org	\N	7e2c593c746e330ea4b158403b6a358a	1971-10-25	+261345970090
333	Lorenzo	Rolf	lrolf98@dailymotion.com	\N	6fe95c342ca3f56448a4656cbfc879c5	1955-11-21	+261341665955
334	Casey	Jore	cjore99@blinklist.com	\N	d4332e81fea18b4be90e442bb8807589	1974-06-28	+261337236758
335	Agosto	Eames	aeames9a@mashable.com	\N	45c94e9b951f68aa3cb66d2533500c54	1947-11-28	+261321066156
336	Hendrika	Swales	hswales9b@google.cn	\N	ec8b85888105323430362dc3580f76d0	1978-11-29	+261348059616
337	Ganny	Pegram	gpegram9c@google.com.br	\N	156f720f0c2cc4b647e93ec148f1bbe4	1940-07-16	+261344236856
338	Fair	Lammie	flammie9d@google.nl	\N	160c0c76ab140b0d90987cff24343633	1958-12-30	+261335520278
339	Jerrold	Bluschke	jbluschke9e@sfgate.com	\N	10d12c35ab9cab1ad7cad5dab997451f	1987-09-03	+261335292571
340	Ernie	Figurski	efigurski9f@blog.com	\N	918f5a00228af9bc334046699350c0ee	1962-11-17	+261344182224
341	Samaria	Ferrucci	sferrucci9g@wordpress.com	\N	4e325711945c4dad55bf79cde3af8e52	1951-08-16	+261323143000
342	Annora	Danilenko	adanilenko9h@wix.com	\N	dd0ab819dda1410ae590a7dd9b4db73d	1983-04-16	+261340943241
343	Vanya	Golightly	vgolightly9i@technorati.com	\N	bd4915f18d5dbae6e315ae879681f432	1970-11-02	+261328739624
344	Poul	Stanman	pstanman9j@nba.com	\N	743694a264539c843a2ccee657d7519e	1946-05-10	+261342871957
345	Stu	Carlill	scarlill9k@gnu.org	\N	6ae9b00023ad9d29fc786925210ab5f0	1953-10-17	+261333419363
346	Allistir	Quinsee	aquinsee9l@walmart.com	\N	6d3c59ea336eaba4bd48d1a72f6639eb	1981-03-18	+261343952996
347	Graehme	Hainey	ghainey9m@bloglines.com	\N	0eb032db7b551edebe75b2d743695c9b	1986-09-25	+261325840339
348	Ingamar	Hendren	ihendren9n@gnu.org	\N	8fa06915ba9471f7121283052dd91fce	1945-01-19	+261330012333
349	Candida	Graves	cgraves9o@lulu.com	\N	11f2eb88628ce70604f4c7c069af19ef	1994-06-21	+261323242275
350	Timothee	Gilhouley	tgilhouley9p@rediff.com	\N	5bc40f985f5d84dd78b56963104c70d0	1954-07-03	+261342134963
351	Fowler	Livock	flivock9q@ebay.co.uk	\N	8286a44d518f6efcc6ecd6d8a09dd1c4	1951-06-04	+261329415000
352	Dionisio	Roggieri	droggieri9r@aboutads.info	\N	18f5a1392ea37382d3508bcd4555c80f	1977-12-31	+261342553382
353	Nedi	Causier	ncausier9s@statcounter.com	\N	45142a65327174f8c20aa5587ccc49e3	1951-08-20	+261341700279
354	Darice	Sinnett	dsinnett9t@blogtalkradio.com	\N	320d498290eac3225296a6c07a14cc47	1990-01-17	+261334118165
355	Benito	Butrimovich	bbutrimovich9u@home.pl	\N	0bbda4864a5bf7d9bd8a5e465cf9c302	1951-04-05	+261348565187
356	Wynnie	Abry	wabry9v@ibm.com	\N	e9d9ca8c6c1cbb0e53f9bed5255be5a2	1954-12-06	+261343584728
357	Libbi	Castelin	lcastelin9w@technorati.com	\N	bbbea9d2c0afff95aafd287cff0dd2ad	1987-07-30	+261333640233
358	Peyter	Martschke	pmartschke9x@alexa.com	\N	0be7b1777c9837cb0d45b84a4a5af857	1949-11-30	+261342649982
359	Auberon	McGuinley	amcguinley9y@desdev.cn	\N	18f3ffb55df50baf6cb604f7a195c5e4	1989-10-04	+261347028889
360	Cyndi	Shafier	cshafier9z@cafepress.com	\N	9dc17712a3ed9f3fbaa441ce54703c7f	2003-11-09	+261348686345
361	Kienan	Lindsey	klindseya0@webmd.com	\N	c388e7412287d45edcfeee47ccb23e5d	1951-12-13	+261335145815
362	Merrel	Tear	mteara1@ft.com	\N	1b4dd09aa24ff64262b28a197bc9af38	1995-04-10	+261323819703
363	Nathanial	Mum	nmuma2@fc2.com	\N	a38e56a5cfe487e2f5d14f28410c5057	2000-07-12	+261332295249
364	Ophelie	McLae	omclaea3@biblegateway.com	\N	3c5c8b707d9ea41527d8b640b390185d	1969-08-06	+261334099624
365	Wanids	Dearnaly	wdearnalya4@independent.co.uk	\N	45bbbfbea3eff22cbee1432bfdb47805	1941-03-22	+261334021936
366	Thornie	Bleaden	tbleadena5@admin.ch	\N	07fafdf5c9c3888c2bdd2056cd67ff0e	1966-09-24	+261335228031
367	Jase	Burtwistle	jburtwistlea6@seattletimes.com	\N	579df1c915987e9335572e6532cba5fb	1976-06-06	+261343486257
368	Alvinia	Penner	apennera7@europa.eu	\N	0b806f3d0bd7899cea68493600367d61	1983-06-12	+261344914270
369	Cally	Camm	ccamma8@slideshare.net	\N	897e571d1c736f205a1f062e59a2cf15	1951-07-02	+261327875212
370	Ag	Rix	arixa9@samsung.com	\N	b5bfe9de6a6c2271ad8a50557e428059	1956-10-19	+261349259312
371	Leila	Gallear	lgallearaa@pinterest.com	\N	165f96a532713c465296eb8c62362efa	1994-04-04	+261345728448
372	Catha	Piet	cpietab@nymag.com	\N	92ce15e88c9dbe7bfa844d0629733a21	1987-01-08	+261325255986
373	Lauraine	Pill	lpillac@lycos.com	\N	d499be18b2cdae5c499d2d9d7d61d011	1954-11-26	+261327633980
374	Nedi	Ottey	notteyad@usa.gov	\N	883e821b35ce3104d0a268fef111a6cf	1962-02-13	+261338648366
375	Darnall	Stoile	dstoileae@jimdo.com	\N	bd3c0a119fef8f1138afc5dde4915503	1950-06-19	+261340783353
376	Junia	Vaggs	jvaggsaf@barnesandnoble.com	\N	9191e40a2da0718907cb255864dc4958	1994-04-16	+261331570875
377	Shea	Mutter	smutterag@wp.com	\N	79dcb4795c761412f8ae539f31803a0d	1976-09-23	+261326161536
378	Shelbi	Napper	snapperah@php.net	\N	d4ce58a184ddc806fd6f2910ae74d898	1971-03-03	+261321157006
379	Marsh	Stopper	mstopperai@telegraph.co.uk	\N	50cc5f47758a00c02168252bceea4d32	1972-06-11	+261348212399
380	Skell	Rooney	srooneyaj@printfriendly.com	\N	d7419a7eb58a01fce8b6e6eb4eca28bc	1961-02-07	+261348739446
381	Emyle	Boud	eboudak@technorati.com	\N	d03282991f3ecf9c0a2c2bd085f83763	1952-05-08	+261337707620
382	Torrence	Manhood	tmanhoodal@fema.gov	\N	816bd59d8c935fb39b7d24308e2a720b	1947-12-11	+261342813715
383	Kailey	Rentoll	krentollam@blog.com	\N	d7ba08f87a5595bd339a344e368a177e	1994-06-02	+261341693755
384	Willey	Puddle	wpuddlean@desdev.cn	\N	0db606a81e22aefb05fb76973f218398	1999-10-20	+261342550959
385	Stefan	Yushin	syushinao@yandex.ru	\N	fdb54c7b048c6a94e18e41f290783914	1954-05-24	+261341567466
386	Eliza	Puden	epudenap@netvibes.com	\N	9fe6bdc6c9b04bf53957d5462bfb5544	1981-06-10	+261326763324
387	Jeno	Hearons	jhearonsaq@upenn.edu	\N	42f74bee9d3f2a25aebdb307fca0f3b0	1988-04-03	+261340608630
388	Loretta	Reedick	lreedickar@miibeian.gov.cn	\N	b7b549e0cf135851425736a9468903f6	1968-12-04	+261331660511
389	Shaylah	Tournay	stournayas@hao123.com	\N	6ef8d4f9ceb522651cd44c5587365883	1967-03-03	+261327544452
390	Ulla	Kestle	ukestleat@gov.uk	\N	39dfda2915ed20f496ba810a5b72c62e	1987-01-23	+261322054726
391	Morly	Adolfsen	madolfsenau@nyu.edu	\N	23856f82f40bd50f1d7894488293c9ff	1954-09-19	+261349016442
392	Ag	Parkyns	aparkynsav@berkeley.edu	\N	4411cb8e4ce94c574ef7d8b45fc5c90a	1957-10-03	+261322950057
393	Guenevere	Dupoy	gdupoyaw@blogtalkradio.com	\N	c13986834ecf6bb712ed401a3ede8659	1974-10-22	+261346809439
394	Cesare	Measham	cmeashamax@sun.com	\N	ede3bced68c97164c3eeb5c049404be3	1997-09-29	+261341641711
395	Jeanne	Medley	jmedleyay@netvibes.com	\N	62bbbe7ce50e40862ba4ff40a238dea9	1962-06-18	+261343766201
396	Shaylah	Matresse	smatresseaz@multiply.com	\N	f00defba872e1a7295d77f125bf8c777	1991-02-21	+261338484622
397	Vida	Grasser	vgrasserb0@foxnews.com	\N	d2b07ac87590d107a372d2e571c3922d	1972-05-24	+261342648246
398	Kristofer	Lyngsted	klyngstedb1@123-reg.co.uk	\N	08bc77455d85342bef43ef6e218f65b3	1979-12-11	+261322935450
399	Ansel	Pindar	apindarb2@fc2.com	\N	38c0dd884e36ecdd3963b1c20d38d846	1962-12-09	+261335570629
400	Noreen	Trewhela	ntrewhelab3@cafepress.com	\N	fc57fff99c5c804884ef2ef14e337096	1956-02-10	+261340067643
401	Sheeree	Dungey	sdungeyb4@exblog.jp	\N	88b52e834b0dbe00ae86ba3c264228ac	1960-10-02	+261325382320
402	Woody	Dreigher	wdreigherb5@weebly.com	\N	baa29197203a0a1d2988c78733e53a54	1970-08-23	+261332374183
403	Pancho	Layland	playlandb6@samsung.com	\N	0ccfbe1b659a1a5d2150c976ba3c1c41	1992-04-16	+261341796784
404	Silvia	Root	srootb7@ask.com	\N	a65fbfb3b9b0929050ab9b50756f6307	1968-11-03	+261344264547
405	Heddie	Brumbye	hbrumbyeb8@timesonline.co.uk	\N	9dee3fae5e929a77fdddc1c7cab8848c	1971-01-28	+261341681373
406	Alayne	Ralfe	aralfeb9@jigsy.com	\N	a1f17f9520216467c37db138b7ce62e2	1959-12-03	+261343050950
407	Clarey	Klampk	cklampkba@sina.com.cn	\N	6be3295b6b6098ee2636bb6d2d102c84	1975-11-12	+261338364438
408	Gibby	Mc Caughan	gmccaughanbb@jigsy.com	\N	026930b60480c5e063735c5546418391	1984-12-12	+261336002641
409	Jyoti	Jellings	jjellingsbc@chronoengine.com	\N	fb48d13eed5073f174f7d55d7471ec61	1964-08-10	+261341118203
410	Kerby	Puleston	kpulestonbd@issuu.com	\N	468b7f7bd964f2dfee477fd14c7cd40c	1973-03-12	+261332464882
411	Esther	Wyley	ewyleybe@icq.com	\N	711d3bfe6920396f7873a0c683bfaa22	1971-09-05	+261345241219
412	Becca	Trass	btrassbf@addtoany.com	\N	038e34c69c774018eb64ac6cfc5e31ef	1946-03-23	+261339295943
413	Rosella	Stidston	rstidstonbg@seesaa.net	\N	9fc924accbed9547543da25f3f8c156d	1955-05-11	+261344118815
414	Jodi	Earnshaw	jearnshawbh@shareasale.com	\N	6414e1770de3df81a7addd4119222d71	1951-06-19	+261345092687
415	Codie	Craigg	ccraiggbi@upenn.edu	\N	37116a286ef4b49ee3439a952fd64766	1946-07-05	+261323786578
416	Thorsten	Simpkin	tsimpkinbj@soup.io	\N	7bb967f7a83343b97df7367a87dbc3a2	1941-04-03	+261325129488
417	Dot	Pargiter	dpargiterbk@reuters.com	\N	e7906e387fbe293d15367602c7a738a6	1963-03-03	+261348134248
418	Wilbert	De Ruel	wderuelbl@studiopress.com	\N	37b1e65bc01e5df8e986888bb00f5472	1963-05-20	+261346506053
419	Steven	Blackwood	sblackwoodbm@wp.com	\N	de66f1caa2074fcb0bdec8b1c8282723	1962-10-12	+261341600527
420	Munroe	Figure	mfigurebn@vimeo.com	\N	d5808aedb4339196e6c0fbdb9f2fe686	1942-07-17	+261324471138
421	Sayer	Polet	spoletbo@craigslist.org	\N	433301fe96210efdd80dffd65aedf158	1949-10-21	+261342701839
422	Tatiana	Fray	tfraybp@timesonline.co.uk	\N	d48331a49c2bedcb57fada7215be436f	1999-11-10	+261344213029
423	Norby	Smethurst	nsmethurstbq@liveinternet.ru	\N	0b9a3dc62a3b7af4a3c1893b62d8dd86	1966-10-26	+261344124478
424	Alphonse	Lurcock	alurcockbr@baidu.com	\N	634f0d07ed9b82b85afadd6147a00dcb	1959-11-26	+261333730040
425	Deeyn	Gilcrist	dgilcristbs@ed.gov	\N	8c6738551217712e54c370f9ab90c752	1967-12-21	+261336671273
426	Catina	Waistell	cwaistellbt@deviantart.com	\N	12b7795f1ec997d9cbce751af15c8551	1940-12-22	+261326149076
427	Ariella	Askey	aaskeybu@symantec.com	\N	eced6b8b1c6547a7bb7ced981048b979	1948-01-27	+261335314028
428	Elizabet	Detloff	edetloffbv@msu.edu	\N	cbc70ceee91c8c4e661df239f62825d1	1996-08-11	+261328436678
429	Abey	Mulford	amulfordbw@ovh.net	\N	c906a02b34d355bc8401370105317ee8	1963-09-01	+261343953041
430	Stacie	Lockyer	slockyerbx@1688.com	\N	b50ad3ece8d81cd614a0d20fd8b14fd7	1965-07-07	+261341901815
431	Elvis	Marian	emarianby@harvard.edu	\N	2cbf12b82f6df053685725f58dc612aa	2003-06-08	+261342470953
432	Anatol	Longina	alonginabz@paypal.com	\N	7c01ed812c672d5b8917ef5e93323534	1993-01-01	+261327688168
433	Joli	Duckworth	jduckworthc0@issuu.com	\N	5f0a182ad5fa462b4f1f9e958c28d08d	1977-10-24	+261332708833
434	Pincus	Moverley	pmoverleyc1@shinystat.com	\N	12f29000833479705d470a83d68534bc	1987-12-02	+261344629333
435	Orelia	Verecker	overeckerc2@redcross.org	\N	f796f777970337d67d7196dabe22c492	1945-12-23	+261346505382
436	Duane	Hargey	dhargeyc3@wiley.com	\N	77654a741ea405ca9f9e9e2550e6add1	1982-12-10	+261329106157
437	Linell	Espadas	lespadasc4@boston.com	\N	2a81f00431a8572e758e130f40ca4534	1990-11-20	+261326970546
438	Enriqueta	Roscam	eroscamc5@yellowpages.com	\N	68e51ac23d21fc887dff4a5ea3c298e6	2003-11-07	+261349901639
439	Fletch	Woodfine	fwoodfinec6@ameblo.jp	\N	ceeda7f113bced44da261e56cda16e9b	1976-10-11	+261340074448
440	Nichol	Prandy	nprandyc7@uiuc.edu	\N	b3342b04c84cd18942f564ade257e19c	1945-09-14	+261333687449
441	Othelia	Artiss	oartissc8@tiny.cc	\N	944b6a64ddd49ec755b17ad5e25b3e68	1983-06-21	+261335881684
442	Diane	Hazeldene	dhazeldenec9@phpbb.com	\N	f862b0433355dbe926fb338418850a53	1951-02-15	+261349162419
443	Elsy	Liger	eligerca@plala.or.jp	\N	8aba9cb573508c28f87317c334631bf1	1983-11-19	+261340057242
444	Marna	Sparshatt	msparshattcb@reverbnation.com	\N	d97510c964b9523214baa4f97359b369	1955-03-26	+261331746368
445	Liva	Millmore	lmillmorecc@china.com.cn	\N	d552e14c0370e92ed19928c45d8c02ea	1979-12-20	+261340019096
446	Garrett	Coping	gcopingcd@paypal.com	\N	ede87924b7314570ae20f7031fcd13df	1966-09-23	+261338901531
447	Alejandrina	Gruby	agrubyce@360.cn	\N	bcd07e44c133cbaffd8a4b8268b11f5c	1954-10-25	+261344536045
448	Adey	Jurgen	ajurgencf@foxnews.com	\N	2525fde1dc2cfddacf50ac27ba32008e	1944-03-23	+261320498790
449	Ottilie	Woodroff	owoodroffcg@nymag.com	\N	ef8637a2d531a3213e873fca067e535a	1988-06-08	+261320901520
450	Lefty	Angel	langelch@yandex.ru	\N	e2d1940aea9fe824f232f0d37141efdd	1986-10-16	+261320018864
451	Herculie	Cockrem	hcockremci@lulu.com	\N	52c9d906db6bc098244a5248afa9b7c1	1969-09-28	+261334563904
452	Olav	Loosley	oloosleycj@spiegel.de	\N	e3a6d148151ecd32b5025f4666ae7da0	1965-12-18	+261321450251
453	Rozele	Seavers	rseaversck@wordpress.com	\N	e28485bf718223059bacc998f28e4948	1981-03-27	+261335539302
454	Lucia	Gettings	lgettingscl@army.mil	\N	d131366a483908d62b135eaef20130db	1981-08-03	+261342190477
455	Stanley	Paoloni	spaolonicm@bbc.co.uk	\N	6a1d75fb4e1864be672bc0f97fa99d77	1967-05-01	+261337042651
456	Raphaela	Bofield	rbofieldcn@aol.com	\N	d5bb086bb413bedee07ccd9c9de00744	1997-09-30	+261334195085
457	Eldridge	Southall	esouthallco@hatena.ne.jp	\N	cab437485115aa45857fe6a270265506	1975-07-13	+261341640613
458	Kiah	Fourcade	kfourcadecp@unicef.org	\N	ebc957e857f939ffcaa5e38e49cef3a2	1953-09-16	+261342355884
459	Felita	Pearse	fpearsecq@cbslocal.com	\N	eb7b4682156ddbae00aacc68d346ff03	1972-04-17	+261331184093
460	Tabbitha	Robic	trobiccr@nasa.gov	\N	e02f5616f192eb7f754dc6ec96686ad0	1940-07-02	+261349094979
461	Seka	Baselio	sbaseliocs@istockphoto.com	\N	8dd8ce9dd5a5d1f802f790110d241c4e	1994-03-26	+261336670449
462	Eliza	Sword	eswordct@booking.com	\N	46e4fe44c4c5102d909920466b769ebe	1978-01-30	+261343026430
463	Emmerich	Lening	eleningcu@domainmarket.com	\N	91004188bcea543ed92d836eeb0da906	1980-06-29	+261324370402
464	Lorette	Tomaino	ltomainocv@apple.com	\N	13179e907a1df3b75cc34042ca43789d	1968-11-11	+261344671600
465	Donal	Trimmell	dtrimmellcw@yahoo.co.jp	\N	1ccb5ecba30ed981e06d35b2529a1f12	1955-10-16	+261345108106
466	Uriah	Whitley	uwhitleycx@yale.edu	\N	0c393b7b496e0eff24b6e533056fb228	1956-09-06	+261340889603
467	Emilia	Osgar	eosgarcy@myspace.com	\N	50c9a1666b2f876e71946bb717f3ab41	1963-03-12	+261327010503
468	Benn	Vasile	bvasilecz@barnesandnoble.com	\N	312e631702c245bb4c4d545438c384e9	1956-02-03	+261345554161
469	Gusty	Lackey	glackeyd0@latimes.com	\N	80c27a973ce3467612aec4e712021cd9	1964-11-19	+261330283349
470	Leora	Mullard	lmullardd1@webeden.co.uk	\N	7a6016b7270af84a4bb95214a6fe892f	1948-08-10	+261348011722
471	Kailey	Hew	khewd2@discuz.net	\N	988da1e32d82e0e0eabe31b791529327	1977-10-31	+261347612216
472	Huntlee	Keppel	hkeppeld3@wufoo.com	\N	61016bdeacdba707ca09abea51f963b7	1987-11-22	+261348846213
473	Igor	Stucksbury	istucksburyd4@constantcontact.com	\N	e5d379fbc6a879d6975e7f009a3e720f	1960-04-10	+261348382839
474	Lester	Cayle	lcayled5@rediff.com	\N	867f748f28263575356de00837f4a882	1950-12-20	+261330940007
475	Far	Demke	fdemked6@barnesandnoble.com	\N	3f4febc8411f721e9db09661b70d13ff	1946-04-20	+261340541180
476	Marna	Edlington	medlingtond7@qq.com	\N	3e636bf43ef87b726026f03923536745	1990-09-16	+261330692808
477	Amble	Meert	ameertd8@hhs.gov	\N	1033ae4fd74ad840141f146cbd6534d6	1963-03-01	+261344676900
478	Karolina	Brambill	kbrambilld9@ted.com	\N	40748fe06f8cddd2850171800f6432c7	1996-07-08	+261328695610
479	Ann	Wapples	awapplesda@techcrunch.com	\N	1e2559550748e7d0e2a9debfbcd7bbbe	1974-08-06	+261341057337
480	Joete	Boundey	jboundeydb@nifty.com	\N	eabe8453316f9338b2725125b15153b7	1947-03-08	+261322539905
481	Sheffy	Kingdom	skingdomdc@free.fr	\N	b870252bf78d16bfa79586405148a65c	1973-02-07	+261335573125
482	Tiena	Panchin	tpanchindd@paypal.com	\N	166a985d1d21937484459e8102ff5be5	1973-06-16	+261327620493
483	Grazia	Bingley	gbingleyde@independent.co.uk	\N	021c4ea3febcb1108b19d71720b66ede	1941-07-28	+261336346029
484	Bobine	Bondesen	bbondesendf@rakuten.co.jp	\N	81911d5a53cecb0e05dd39036ab89f88	1963-08-06	+261341252389
485	Fletcher	Ketchell	fketchelldg@elegantthemes.com	\N	38f3185d547c070b0cdb52cdc260c9ca	1998-05-31	+261344257564
486	Rolph	Lobell	rlobelldh@scientificamerican.com	\N	188e71f5faba1cc9f98ca2a3044b0a20	1993-10-27	+261333376818
487	Kristel	Madgewick	kmadgewickdi@europa.eu	\N	920758d9d67c86935a23238cfe5d41c2	1994-04-07	+261349739602
488	Marcelline	Sainte Paul	msaintepauldj@go.com	\N	5dc4f2cd6dba4b213f6217d543f486c1	1981-07-17	+261336204005
489	Ernest	Martell	emartelldk@bluehost.com	\N	7cf8f02d88cdfb840a1fb0e0f579114a	1975-01-25	+261347390370
490	Willetta	Bowfin	wbowfindl@npr.org	\N	a35f89ff435acd9950a12231e1f14d30	1997-08-11	+261326739018
491	Nickola	Norsworthy	nnorsworthydm@php.net	\N	cc482874e24f0945db0a36b25b1d6d0f	1999-03-07	+261341368115
492	Jodie	Bagshaw	jbagshawdn@hugedomains.com	\N	70aac310204cf20112ec548a6fc05a1e	1993-10-31	+261342522601
493	Geordie	Anslow	ganslowdo@ft.com	\N	ec581c6f3bcbba554e0b7bc1301bbe2f	1955-11-19	+261346317292
494	Denni	McJury	dmcjurydp@freewebs.com	\N	653e3f4d8a7545f8514b133931311bd8	1988-02-17	+261344042821
495	Avis	Thurby	athurbydq@cloudflare.com	\N	0951d05fa2a8a92cea98a41f211eb848	1987-09-16	+261321164184
496	Norri	Parken	nparkendr@123-reg.co.uk	\N	f38919d405e3032672c619a59285a9db	1978-08-15	+261326087040
497	Kirby	Heads	kheadsds@csmonitor.com	\N	da022a03e779db98fb6388b259516c70	2000-04-14	+261343124497
498	Augustine	McMurdo	amcmurdodt@naver.com	\N	687500ac5cd7f6124225599d3e514b8c	1996-12-22	+261327048499
499	Sheelagh	Inns	sinnsdu@fema.gov	\N	451fc9f8b25563820f7ae04b947621b9	1991-05-03	+261339955717
500	Avictor	Lightbowne	alightbownedv@usnews.com	\N	42c90209d6f15c2cbfd8f24ac4fad55e	1980-02-21	+261346893481
501	Omero	Antognazzi	oantognazzidw@japanpost.jp	\N	baf03e3f479702a1794ca5b68b179ef0	1949-11-15	+261349825112
502	Mayor	Wharton	mwhartondx@linkedin.com	\N	cee342719d2bad719f1a0029ffd76db4	1954-10-04	+261320682928
503	Moshe	MacKeller	mmackellerdy@issuu.com	\N	cf57c25a6c31e9ebef76283c600521b8	1950-01-20	+261349863124
504	Gerri	Kiehnlt	gkiehnltdz@stanford.edu	\N	4ffb709b9a3985ea6f2bb749fa812b95	1982-05-02	+261346341866
505	Alverta	Rourke	arourkee0@discovery.com	\N	0051b68a639b7181bcb3cef732839c92	1992-08-29	+261342234357
506	Elmore	Moen	emoene1@ow.ly	\N	6a0a74f157a20cb27304dbc55922a63c	1949-08-28	+261342576880
507	Dickie	Perello	dperelloe2@gizmodo.com	\N	2ba7dca7ddcc124f9ad8de73929f3ffa	2002-10-01	+261337167214
508	Athena	Benoy	abenoye3@youku.com	\N	7554a797451d06c77701b41e513a026a	1960-01-30	+261345673164
509	Darrell	Labbe	dlabbee4@usa.gov	\N	325b07216548ed20328a84bb1ae291f1	1942-09-12	+261349366150
510	Darb	Iban	dibane5@ftc.gov	\N	8ce6bbca275343580f2428ef67545df8	1992-09-04	+261348277694
511	Rickey	Yoskowitz	ryoskowitze6@hibu.com	\N	dc4b2eac2210ae563d9bb218d1cba07b	1960-10-15	+261341928533
512	Gloriana	Chinnick	gchinnicke7@buzzfeed.com	\N	6196398ef5e3a6b30f001f7593710c80	1975-08-23	+261330660915
513	Desdemona	McCrossan	dmccrossane8@cyberchimps.com	\N	46a8852ecab7cebffbf26da4b87527e6	1990-03-03	+261322760818
514	Colby	Langstrath	clangstrathe9@geocities.com	\N	5e96c53dd11875a18eb01c8bc479e2b0	1970-03-29	+261320830257
515	Bastian	Whates	bwhatesea@forbes.com	\N	97c1d1d660d4e1d5040a27e3bd82964e	1999-01-03	+261345346014
516	Mortimer	Smale	msmaleeb@youtu.be	\N	319a3cedf0b0d8ea2fc3814489d0d8cd	1978-07-03	+261343287779
517	Rita	Pietraszek	rpietraszekec@unblog.fr	\N	d94f601eb64e18cb8662ba88e1fbea0b	1953-10-01	+261332264105
518	Oliy	Iacomi	oiacomied@cocolog-nifty.com	\N	dfdaf271c05ae7f302709bba1209e43c	1976-08-16	+261346223849
519	Jobye	Zamorrano	jzamorranoee@mediafire.com	\N	61235ff0a0443f45ae89003bda6a8c73	1957-08-22	+261347944395
520	Odell	Redfern	oredfernef@ucoz.com	\N	8338caa485112fd99118bc7e27c0504b	1951-01-04	+261339636629
521	Evered	Hobble	ehobbleeg@yolasite.com	\N	5d6a56e370481bae9abf3d1691b7370a	1979-08-26	+261336499784
522	Josie	Philpots	jphilpotseh@skyrock.com	\N	594171cf0e50c1fc5481973b7fa69eb7	1994-11-20	+261325733610
523	Mellisent	Endricci	mendricciei@latimes.com	\N	955c3a14b4b9e80f04f19ccdc670da47	1944-02-23	+261347591541
524	Kassie	Wrist	kwristej@nhs.uk	\N	02734c541d5ad907d81ccaa0e7b7240f	1966-05-02	+261347641863
525	Shaylyn	Corry	scorryek@printfriendly.com	\N	3d55a771839830bc6016328a8ba43ad7	1981-12-01	+261333167250
526	Reg	McCosh	rmccoshel@yahoo.com	\N	b05ebee5e77441a4a531b8437bf31646	1954-06-15	+261344302280
527	Addi	Berzon	aberzonem@oaic.gov.au	\N	c0c58594a3b14a9670c7cfa94f58ed70	1965-02-09	+261326520442
528	Kaylyn	Gallego	kgallegoen@harvard.edu	\N	c94f83153b87b240d8b308907b1dbb1b	1945-07-21	+261330538390
529	Brenda	Olpin	bolpineo@typepad.com	\N	8db5caeda18610473ab0bb1af75bdbb4	1940-09-11	+261324253291
530	Humfrey	Harragin	hharraginep@pbs.org	\N	bbd666d3846960452f8b479bdfb1c83e	1971-06-21	+261346663495
531	Kelwin	Darwin	kdarwineq@wunderground.com	\N	c7a17e01d9f6b3aa9ae2bc949d9efbd8	1959-08-16	+261345998154
532	Shaun	Treagust	streaguster@example.com	\N	609f4c353ad57a12bf4313bea9e05b09	1960-07-23	+261321032518
533	Johann	Dy	jdyes@networksolutions.com	\N	dd78e8e09b852313d1a4d8e8584c5b5d	1943-08-18	+261340081881
534	Camala	Closs	cclosset@wordpress.org	\N	737dce07c9e1a055cb3bc10ac6121be9	1946-01-04	+261345802039
535	Alberta	Fetterplace	afetterplaceeu@zimbio.com	\N	97baea315d2fe29aeff716280563e0f6	1985-07-15	+261343499016
536	Elbertina	Huccaby	ehuccabyev@wikipedia.org	\N	6811c6a76388c275a7a88126d14236c5	1981-02-04	+261343971692
537	Virginie	Slyford	vslyfordew@psu.edu	\N	d34bf1ecb0718bd6c9c81867d439cfce	1994-01-22	+261322393348
538	Maje	Gorse	mgorseex@rakuten.co.jp	\N	ec2e326a9223b1309903881d331bbc16	1946-04-05	+261347719004
539	Jude	Bend	jbendey@icio.us	\N	f8a23f22d90782fb88b98e354f4f2619	1963-10-02	+261333623982
540	Goraud	Cochet	gcochetez@cbc.ca	\N	c3855424560e1245edafc3fdb364a6c4	1970-05-10	+261340364989
541	Ignace	Asche	iaschef0@va.gov	\N	4e467a5154e9d598236a5c3fcd7b051d	1994-10-26	+261328153708
542	Shannen	Kleinberer	skleinbererf1@ox.ac.uk	\N	be06327f773ea4428c15fd33ca6efe4b	1977-03-04	+261322519950
543	Olag	Lakeman	olakemanf2@is.gd	\N	f4e040a5bcbdc5699b16b1d14d09f7f6	1995-01-05	+261341070448
544	Berkley	Bellerby	bbellerbyf3@list-manage.com	\N	a03fcd1f81aef6916848ec70f37a83d0	1967-11-28	+261329566455
545	Tiffi	Maybury	tmayburyf4@shareasale.com	\N	cdc2fde665e8c3ebf8b1493665fcb76c	1971-12-12	+261342300955
546	Dalston	Peacocke	dpeacockef5@hhs.gov	\N	ecef2b7f04eab8fe2636e29b56e076ae	1944-01-04	+261341466134
547	Kitty	Sempill	ksempillf6@artisteer.com	\N	1201710a497b23c82421f97dffcdf027	1987-07-30	+261338900131
548	Joli	Prydden	jpryddenf7@squarespace.com	\N	d427b6f476529c7ba72f9a3ec9ae52c4	1958-05-01	+261349900524
549	Federico	Wakerley	fwakerleyf8@skyrock.com	\N	4df1b8ade3f7c13d7c3f1a8f9a938495	1944-01-14	+261330684442
550	Janessa	Elfleet	jelfleetf9@irs.gov	\N	a4c8c65ebfe21a34e86148509de437b5	1992-10-20	+261320627787
551	Edythe	Feaviour	efeaviourfa@de.vu	\N	e0bc2c39a2637af473707d978f413428	1998-02-14	+261343060922
552	Nona	Eliasson	neliassonfb@reuters.com	\N	5407cc03bdfc9e640f73ba87470c2517	1986-08-19	+261348981457
553	Janos	Colling	jcollingfc@google.ru	\N	f1b9743ade415f0ccffd9d5f3c3838bc	1949-04-03	+261340434904
554	Evy	Foxwell	efoxwellfd@networkadvertising.org	\N	ef4ab36c0956d056fd0fa3dd0f13d283	1978-08-14	+261341805009
555	Thelma	Vivien	tvivienfe@com.com	\N	b1547082dd5e092866d43cf76880e9e3	1950-11-04	+261349239100
556	Emmalynne	Dinsey	edinseyff@over-blog.com	\N	d1417275e961a6bf4d7801f91b99ccf3	1945-02-17	+261347500411
557	Iver	Billington	ibillingtonfg@sitemeter.com	\N	c237b65e79aec42993f1a7df4fee0df9	1978-07-21	+261327190898
558	Blinni	Cheak	bcheakfh@springer.com	\N	4af7889c0ac79b6bff15d25d0e639e1c	1984-02-10	+261342818497
559	Harriette	O'Flaherty	hoflahertyfi@feedburner.com	\N	621a96b0864fc1e9300d445931ee3721	1957-05-06	+261322257355
560	Selby	Paulisch	spaulischfj@dot.gov	\N	5cc6a1ea88daabbfb00769bff7b9cc75	1997-04-09	+261348573419
561	Kyle	Colebourn	kcolebournfk@squidoo.com	\N	c4e024fccbb7d0c7e4557919019e793a	1976-02-04	+261349977191
562	Sandro	Freschi	sfreschifl@admin.ch	\N	5a865764d5482dd75ee0838d0cf61589	2000-10-06	+261333182360
563	Jasper	Zelner	jzelnerfm@howstuffworks.com	\N	d8ab598babc4e8d6065c0aab890d1d9f	1997-10-24	+261337722955
564	Filberto	Crumbleholme	fcrumbleholmefn@typepad.com	\N	d311bbb95838b79b55eb5682f73a7619	1992-08-13	+261336057443
565	Gladys	Wane	gwanefo@nba.com	\N	71a0abd23d53511f9cc28afe6159f92e	1997-06-07	+261337690655
566	Levin	Lyst	llystfp@github.com	\N	de74e509bb183dd027499d93103eef34	1953-08-28	+261348739187
567	Corey	Burchard	cburchardfq@samsung.com	\N	a30c8cef1fc72aeb5f6226f506d34fc9	1964-01-02	+261322424566
568	Vaughan	Sapp	vsappfr@parallels.com	\N	cbafe4bf63c87b053085569ead694c9b	1989-07-20	+261331552459
569	Salomon	Deacon	sdeaconfs@youku.com	\N	d8a3bd339a2f4e881698b29bb90fe077	1961-03-15	+261321843198
570	Debra	Kivits	dkivitsft@epa.gov	\N	aa88d36ca21dd9621059de5aeaa118bd	1975-04-24	+261321787570
571	Fanya	Celez	fcelezfu@t.co	\N	9914a0eb6ecad88accb24f4a6a27a248	1954-08-03	+261349002541
572	Zaccaria	Pender	zpenderfv@blinklist.com	\N	7e2d7b20c8358274606bac86a23a9177	1967-01-31	+261344715135
573	Clare	Samudio	csamudiofw@topsy.com	\N	e5abf206ff54021898b6a5574cdb50cb	1990-10-12	+261348183215
574	Odelle	Bettanay	obettanayfx@bloglovin.com	\N	f5e9b91278aebe55041d5f6df64edb56	1980-08-21	+261349348736
575	Juditha	Murrill	jmurrillfy@amazon.com	\N	59a22743da04d1926052298a5a061c09	1950-12-13	+261333421769
576	Hastings	Shekle	hsheklefz@stanford.edu	\N	b3fe56c4647bf745a33f689b054d735b	1981-03-28	+261330955275
577	Pepi	Macauley	pmacauleyg0@elegantthemes.com	\N	a02ed4077f43b61968256e75aaf9d628	1962-07-20	+261329015051
578	Brandice	Delafoy	bdelafoyg1@tiny.cc	\N	874e888772313c591ce12ca198922c36	1980-04-12	+261347521569
579	Loreen	Sylvaine	lsylvaineg2@mashable.com	\N	6483b361dd363d2a4db345241fa6bcb9	1963-01-19	+261345858569
580	Smith	Jaslem	sjaslemg3@who.int	\N	7f843398ea1ebe8a9c72cafa8db4ca61	1960-10-01	+261344806445
581	Emerson	Cullington	ecullingtong4@webnode.com	\N	34d3aa221e819d208553d94c2881ee36	1986-09-30	+261339733325
582	Elke	Palethorpe	epalethorpeg5@simplemachines.org	\N	547924dbc2c886b5b222ddde33bf3ce5	1946-03-05	+261343500522
583	Casey	Kingscott	ckingscottg6@craigslist.org	\N	f9a378b1c85379a9a83c95982c727b22	1963-05-18	+261333583525
584	Yul	Denisyev	ydenisyevg7@addthis.com	\N	64c044f6f4fdfafea05423b91bbaa209	1943-04-26	+261320912397
585	Nickolas	Dayment	ndaymentg8@ocn.ne.jp	\N	f0e59bbd77d2df59788721992832ac34	1940-08-15	+261335126639
586	Karalee	Dryden	kdrydeng9@apple.com	\N	f89777c2ed37e656c48ce2410b79a16a	1966-07-05	+261344928373
587	Gratia	Wilmington	gwilmingtonga@tripod.com	\N	7a3bf46b6c44b41f7f2b6bfd3183ef05	1998-08-12	+261342986288
588	Rhea	Lestor	rlestorgb@cbslocal.com	\N	cf1054ef04a33947a1e436f08761409a	1993-08-03	+261325170237
589	Alvin	Lune	alunegc@zdnet.com	\N	02890d3a8dd9f429a31eba6f31c2da9f	1996-07-21	+261344264869
590	Rance	Magovern	rmagoverngd@ftc.gov	\N	ce3b597d961ac927fbe981c323d0bbe8	1967-04-04	+261320521787
591	Opalina	Clendennen	oclendennenge@aboutads.info	\N	f8dbec4f8058d15aa38c769bdfda6e8b	1981-02-05	+261349246224
592	Ramsay	Tilburn	rtilburngf@shinystat.com	\N	dcae7192bfdaa813c4067a6b47a1c8c8	1999-05-01	+261341337886
593	Marion	Blasli	mblasligg@com.com	\N	b59f8a9f7b2adf14333cf2e0d0b347d4	1965-05-14	+261347731140
594	Hanna	Regorz	hregorzgh@msn.com	\N	3c4be0998dd9ffeb5586ccae10f6d3d9	1940-05-13	+261323363197
595	Allin	Ianni	aiannigi@livejournal.com	\N	0105b9efc1954611d0b89a1209122f58	1952-06-07	+261322146877
596	Laird	Kohrt	lkohrtgj@google.ca	\N	302ca42ab01d19bb3e3d4080ee4eb51a	1965-07-17	+261346992810
597	Susan	Hauch	shauchgk@washington.edu	\N	9d8ea38de1401deb3aebea0cf36cfb89	1962-08-22	+261328756197
598	Gabriel	O'Reagan	goreagangl@newyorker.com	\N	db4e90f61db5054940efa80afeb9b034	1998-09-16	+261346195527
599	Ev	Stappard	estappardgm@netvibes.com	\N	5f4096f9215b5b5f0e7671d4fcd6b345	1979-03-18	+261341164685
600	Wolfy	Rubinfajn	wrubinfajngn@uol.com.br	\N	36b3b1f7d89b57c9527c234f36ce2bd4	1960-08-26	+261343831687
601	Hussein	Dahlborg	hdahlborggo@nps.gov	\N	6a54ba6bc6d343edfb3a1d0f95458fb2	1948-07-17	+261349915669
602	Stu	Lambdin	slambdingp@alexa.com	\N	64e8b1b4bc80291dfc1231306d5c030c	1980-06-17	+261347511521
603	Bartholomeus	Cridland	bcridlandgq@techcrunch.com	\N	a33e83160df5ac24d7263636a6c3779e	1979-12-31	+261331536946
604	Whit	Ouldcott	wouldcottgr@mayoclinic.com	\N	c9b8a21b62ff51b0ae54dcb6b0310b89	1964-02-20	+261326849866
605	Karim	Portriss	kportrissgs@blogtalkradio.com	\N	7af8570ea32ec7d6831b73835ecb51b5	1999-02-06	+261339015076
606	Alverta	Einchcombe	aeinchcombegt@admin.ch	\N	c3219dfefc347191347edcfaa5ae8872	1968-03-12	+261341486772
607	Erasmus	de Cullip	edecullipgu@netscape.com	\N	b5f2e29085d54deed6f3e99ef1451bdf	1941-10-23	+261341852960
608	Nisse	Scrivinor	nscrivinorgv@hostgator.com	\N	629d3410ce73b7e90129f534c2fae409	1988-12-21	+261334486349
609	Kellsie	Artus	kartusgw@zdnet.com	\N	2b6d0b0736d2e0d1a003f27f59688c88	1996-06-02	+261327931029
610	Katusha	Van der Veldt	kvanderveldtgx@va.gov	\N	dfef2b2a47c65be20da95342f8d9f599	2003-09-21	+261320467604
611	Annamarie	Fried	afriedgy@wisc.edu	\N	2131ba7f207d499bbcc99b4fcc437439	2000-07-08	+261344050186
612	Kendra	Durie	kduriegz@wikia.com	\N	501d49a19b087d8c74f36e93691ca7e7	1954-04-12	+261323940671
613	Ingunna	Braidman	ibraidmanh0@people.com.cn	\N	aeca5878f6a48d63f04043bd9d42596f	1954-04-15	+261348944317
614	Noellyn	Face	nfaceh1@weebly.com	\N	f1cf328df0bb3636bd45b4631add36bd	1966-04-23	+261338545113
615	Russ	Whoston	rwhostonh2@drupal.org	\N	197867b5e576ab00bf5fab632343be26	1980-10-23	+261340254276
616	Rodrique	Pullan	rpullanh3@sfgate.com	\N	9a7368b0823cd78eb28f85ce5406717a	1997-02-27	+261335101870
617	Jasmine	Dallow	jdallowh4@e-recht24.de	\N	d0b8c27ac8207e6edd1b3e6ce9dfce67	1976-11-01	+261324937505
618	Roze	Levings	rlevingsh5@wunderground.com	\N	7871aa6a3e4c5e007900f93faaff3716	1957-04-06	+261340745995
619	Alphonso	Henkmann	ahenkmannh6@smh.com.au	\N	579e74a63c55f24ae661941d1ae7bca7	1979-08-28	+261321325522
620	Eugenie	Lesser	elesserh7@ifeng.com	\N	8858509546428cd92db7ab374441f317	1999-05-31	+261344752439
621	Dorie	Dolby	ddolbyh8@tripod.com	\N	70a1b4260b260988cb90a2525028a22f	1970-04-23	+261349114055
622	Oberon	Gennerich	ogennerichh9@barnesandnoble.com	\N	3e8f488c05263e988607483778dbe158	1954-12-30	+261320726274
623	Suzette	Clarycott	sclarycottha@globo.com	\N	3de52aa4878757ab757542db62692bd9	1945-05-18	+261334197520
624	Mab	Scamel	mscamelhb@slideshare.net	\N	cd7dbd844f4fc324c9d7ce1c6c782b91	1975-10-06	+261347724213
625	Pietro	Munden	pmundenhc@nyu.edu	\N	a077eb0546d13810d156d029065a1bde	1965-09-14	+261324418738
626	Estele	Postance	epostancehd@e-recht24.de	\N	26eb6e9669ae9903d57b756ef8a5b224	1979-11-14	+261344644754
627	Cathyleen	Counsell	ccounsellhe@sciencedaily.com	\N	c8fb3b357ee9b7df70252a109110416e	1948-02-13	+261330340406
628	Meier	Strete	mstretehf@yale.edu	\N	487c8c12e72df865dffb82b39a7ab2bf	1981-03-03	+261333463050
629	Oates	Clell	oclellhg@uol.com.br	\N	f7729fac756b101ba056018c75114fb7	1961-11-29	+261335233920
630	Francine	Baile	fbailehh@va.gov	\N	981a8890bf9d9279e37e62a011920a9a	1956-07-31	+261349560216
631	Mirabella	Cowperthwaite	mcowperthwaitehi@skyrock.com	\N	76102f8676fe7b47ac194fca15a469e5	1949-03-23	+261347999924
632	Maureene	Scrimshire	mscrimshirehj@cdc.gov	\N	00864aa534d6ff03dfdb728357a98da7	1945-06-18	+261348196389
633	Anallise	Climo	aclimohk@phoca.cz	\N	131b76f637808b7f2ce40a0054dba677	1987-09-22	+261325801726
634	Gaylor	Brusin	gbrusinhl@woothemes.com	\N	51aecfb6faddeb65bc7988ef70f291af	1953-04-18	+261323474254
635	Layla	Demare	ldemarehm@tumblr.com	\N	759e1bed570c9b9fcfd33cd8e0f9ed47	1967-06-09	+261334833962
636	Shel	Boundy	sboundyhn@washingtonpost.com	\N	9b8ed149dd00ac874b7083c83eb1d5f7	1963-07-11	+261344171611
637	Carolin	Spehr	cspehrho@japanpost.jp	\N	3065a90c6b4489ca9db3fd863f867563	1954-06-13	+261328780108
638	Dorthy	Leveritt	dleveritthp@tmall.com	\N	f39c5707a8bc084c3cb98c1cc5801a6a	1940-10-12	+261344205774
639	Birgitta	Yea	byeahq@trellian.com	\N	ee9fc00d7002a70155791c5cf7b2771f	1980-03-31	+261329115194
640	Norma	McCauley	nmccauleyhr@de.vu	\N	bfce7a223af2ab7f7a3439443fa30df4	2002-07-13	+261345943022
641	Roseline	Budibent	rbudibenths@t.co	\N	1e03dacd28f39df0ec5006ee713bb6aa	1977-04-26	+261324139117
642	Norry	Gulvin	ngulvinht@goo.ne.jp	\N	3f6232423ab87e75e3491b85fe839b1f	1954-11-04	+261332794702
643	Sheffy	Matejovsky	smatejovskyhu@opensource.org	\N	8b83aa3ab9ade6d9848c94b272900a78	1949-04-20	+261349955382
644	Florinda	Spreag	fspreaghv@hud.gov	\N	b7515cbde5c6fa29800e33099d8bbb26	1999-01-22	+261321898264
645	Flss	Cantu	fcantuhw@typepad.com	\N	5d1f615c6b65b90ec45b94044c79f8f5	1979-12-09	+261327667810
646	Wes	Speck	wspeckhx@biglobe.ne.jp	\N	8e5bed0b6891dc97ccfcbc4f4b4f85ae	1971-10-04	+261325797961
647	Olin	Ransom	oransomhy@spiegel.de	\N	5e3b3190a53b85142369259c4639db91	1952-02-01	+261333898249
648	Virgina	Hollyland	vhollylandhz@gravatar.com	\N	69549feedf6c95d74a857ece532badc1	1943-08-12	+261341894182
649	Harli	Bessent	hbessenti0@miibeian.gov.cn	\N	06452851f8fe1a690602461c00782c8c	1976-02-22	+261320747618
650	Ariel	Greatrakes	agreatrakesi1@cornell.edu	\N	2d602ea82f2cdb9fc61404c757b56f55	1992-05-04	+261327564631
651	Faustina	Fillimore	ffillimorei2@infoseek.co.jp	\N	8642249ffb4494835845c0267f3707af	1979-02-07	+261344264782
652	Lorine	Imms	limmsi3@canalblog.com	\N	4af803b8855516897bdcd8b7d6eff06a	1942-02-22	+261343641250
653	Ardisj	Sanderson	asandersoni4@angelfire.com	\N	53116f226b3d3910f72927801bb82577	1986-11-03	+261329090917
654	Jeanette	Vasnetsov	jvasnetsovi5@yellowbook.com	\N	ec27913b67fedbf16a786c6c438c4557	1996-04-01	+261347508225
655	Zitella	Ogbourne	zogbournei6@bizjournals.com	\N	39e2c8f5781388d85930db2827ede0a2	1963-12-22	+261341290593
656	Lennard	Bartrap	lbartrapi7@eepurl.com	\N	de6f2c2f53510612271caa2daa19ca70	1975-09-14	+261349478196
657	Carce	Eastope	ceastopei8@huffingtonpost.com	\N	40db7a0d04c0211337536b7ab7b408f3	1960-07-13	+261327713902
658	Dara	Bees	dbeesi9@blogtalkradio.com	\N	a54b14f8bcb90ad90143861d3f104b71	1956-09-26	+261336047108
659	Marsha	Cuncliffe	mcuncliffeia@google.com	\N	5a92d226ac5b86d55e799b565a042105	1989-10-21	+261344305038
660	Virgie	Jent	vjentib@delicious.com	\N	cb9b98dc8479289ef3076e9785cff4b5	1999-02-08	+261325540883
661	Otis	Moon	omoonic@apache.org	\N	9ea53fb02edf2ba6a982c4b81d272726	1992-04-12	+261345278714
662	Barnabe	MacGettigen	bmacgettigenid@cargocollective.com	\N	4019ca9c118b2b400a1fed0ae986583a	1944-06-24	+261348993373
663	Curtice	Ansty	canstyie@de.vu	\N	245ea0e2ae27538f3e2b56d8d1206f43	2003-05-20	+261348778705
664	Andros	Spera	asperaif@utexas.edu	\N	85d13b2805f4251678763db1340eaa70	1957-09-03	+261344389310
665	Misti	Tupp	mtuppig@furl.net	\N	e72fea6c9f09b5425b4d2f8300b3c157	1997-09-19	+261320602213
666	Artie	D'Elias	adeliasih@unicef.org	\N	b3ba89511366501246014d429659df99	1965-12-30	+261332216398
667	Ursola	Tombling	utomblingii@wp.com	\N	a7621d9f877655c045128a248403092a	1960-09-16	+261333481921
668	Marchelle	Grandham	mgrandhamij@wired.com	\N	5f22542fc9f553814d326f32ad554e9f	1968-11-26	+261324258585
669	Wynn	Fluck	wfluckik@dailymail.co.uk	\N	edc3b2616a4e25b5690de2fd8f131b38	1945-08-18	+261349008014
670	Sanford	Haffenden	shaffendenil@latimes.com	\N	43b0384cc7ebd312feb632caf2b0c38e	1957-11-27	+261334733079
671	Christian	Aronowicz	caronowiczim@mail.ru	\N	9741f454ee49c554b29494c152193007	1958-09-12	+261347000477
672	Hamil	Melton	hmeltonin@biblegateway.com	\N	ff2e580d01229a7488efeee01c20996d	1998-04-30	+261347141032
673	Godwin	Farnhill	gfarnhillio@tripadvisor.com	\N	96ea354cbffeb550e356374b79a1fcc7	1961-04-03	+261344296994
674	Patrica	Risdall	prisdallip@etsy.com	\N	acdf0d1cdd006da460ae7530467f717c	1983-08-24	+261337374229
675	Ferdinanda	Le febre	flefebreiq@independent.co.uk	\N	807b9e24d3d186d5f5eb752bb7275818	1990-02-19	+261336191811
676	Florence	Magovern	fmagovernir@ucoz.com	\N	3c0a823bcb98f61e5e3af48b6c957f3e	1957-11-15	+261348267740
677	Marta	Scotney	mscotneyis@4shared.com	\N	b5418b2673a2675f609dc605a830f52e	1998-05-04	+261346021593
678	Davon	Battison	dbattisonit@ycombinator.com	\N	c3f42369a48906bc9fb6eb571891dbd8	1994-04-15	+261343745883
679	Davida	Ference	dferenceiu@networkadvertising.org	\N	168e30534542691881bc1100dd1cb999	1958-06-23	+261348001308
680	Benji	Saffill	bsaffilliv@infoseek.co.jp	\N	e33c294f76ec5d23c6b61f0ffaaf3cc8	1997-07-03	+261340826719
681	Kori	Hobbema	khobbemaiw@scientificamerican.com	\N	a5c93cd6d425f6fe9cf23efe9c323f68	1960-05-19	+261320237634
682	Barri	Kesley	bkesleyix@oracle.com	\N	46b5e56018e766f271f7f783066d26f9	1960-11-22	+261346991899
683	Gwynne	Spriggs	gspriggsiy@theglobeandmail.com	\N	f2d51ba1edd2a3027cd03585d82ecd12	1941-03-17	+261323069267
684	Eduardo	Beneyto	ebeneytoiz@answers.com	\N	7078ea7092bd2046ab86792913322c81	1990-11-17	+261338934694
685	Bethena	Poulden	bpouldenj0@google.com	\N	0803017d2c3f0ff17330e8d511cbbe8d	1961-10-18	+261345797545
686	Alf	Banes	abanesj1@xrea.com	\N	06074823bea8b3c512f91ee0e97aee9c	1986-06-18	+261322151683
687	Rogerio	Hort	rhortj2@hexun.com	\N	f4bea941f9270a972c0587697078d437	2003-07-07	+261343163939
688	Domini	Dudson	ddudsonj3@squidoo.com	\N	48e590eabdb947855dc61c40aef03aee	1961-09-25	+261336317208
689	Selia	Gligorijevic	sgligorijevicj4@oaic.gov.au	\N	ad7f40ed9b8db3d6fa4482f63a0e521b	1962-06-30	+261342804691
690	Tomaso	Glasscoe	tglasscoej5@cnet.com	\N	26aece06dfc67f17df294cd4249a3e8c	1977-01-08	+261349159618
691	Lenna	Strase	lstrasej6@eepurl.com	\N	1fe0864d5ce3bfea5eaf2a51edfcb89a	1996-10-05	+261344474704
692	Joeann	Braybrook	jbraybrookj7@wikipedia.org	\N	a52eae67432dd41d8311a7105d9e24ac	1975-01-09	+261342843609
693	Tilly	Ilchuk	tilchukj8@goo.ne.jp	\N	c1195edeeb8115226b0a74c1f0f8021a	2001-06-19	+261348286479
694	Morissa	Gong	mgongj9@europa.eu	\N	e9c2acc65f368838437c3df4e6838ba1	1997-08-01	+261342069390
695	Jamey	Colliss	jcollissja@mtv.com	\N	39cff4a040782cb9c6ff9e73a9e2cb17	1950-07-02	+261349627876
696	Elie	Steere	esteerejb@people.com.cn	\N	df3bb465c52d2e099aa4e8a77d1241b4	1965-06-05	+261327313353
697	Bunny	Reading	breadingjc@themeforest.net	\N	f1366a5954499160b544b28b4be29022	1948-03-16	+261336852833
698	Bibbie	Dureden	bduredenjd@live.com	\N	2a6b75c2735444a133fd15fb31f85fac	1972-11-30	+261336086975
699	Heloise	Dufoure	hdufoureje@gov.uk	\N	085cbc5c5f7668fa6d8fc09fbbe0d1ac	1944-06-24	+261325531233
700	Hansiain	Skull	hskulljf@networkadvertising.org	\N	d16b0885051f750c18d66b098c807be2	1991-07-23	+261348341678
701	Kenny	McCutcheon	kmccutcheonjg@symantec.com	\N	364ba3c4b552e2eed349df196e6131c9	2002-01-04	+261338490717
702	Jobye	Hender	jhenderjh@mayoclinic.com	\N	62ca9a0f2bf4815e995dd7bf82e4c007	1969-10-07	+261345334473
703	Dacy	Whymark	dwhymarkji@wikia.com	\N	81c01c60164c8e7bd27701c58e0ef15e	1950-06-03	+261346783083
704	Svend	Engledow	sengledowjj@bing.com	\N	fafee4d39db7c08d9dfec5a7aa5eba29	1958-12-24	+261349453654
705	Grier	Limpertz	glimpertzjk@zimbio.com	\N	8b4009aa84e5095af975c9774a71f1d6	1994-06-06	+261321158093
706	Griselda	Binfield	gbinfieldjl@lulu.com	\N	336f8e7acfde0d905c4d8a61167c3f13	1949-07-10	+261342587728
707	Loralie	Labell	llabelljm@ebay.co.uk	\N	862cc917fd3d79e1ed242fa2120f0918	1994-11-08	+261337376179
708	Clem	Drinkeld	cdrinkeldjn@infoseek.co.jp	\N	1427ec56cf2e075028695bcf9b01e422	1974-03-23	+261337692992
709	Rosabella	MacGown	rmacgownjo@google.ca	\N	f7ac7984e3e0dd9c7b97e599f0a83cdc	1951-08-01	+261331102882
710	Gusta	Olander	golanderjp@blogtalkradio.com	\N	fdb01039b9b39430165d854abf3b8d12	1941-05-03	+261333355152
711	Olivier	Alvey	oalveyjq@oaic.gov.au	\N	cff54e9ff80ba1dcce8f0762aa5e7f8b	1943-02-03	+261348877481
712	Dunstan	Rolling	drollingjr@reverbnation.com	\N	9688c158dd6f4017502f76eb9910e46a	1971-11-16	+261342577547
713	Vanni	Skough	vskoughjs@gizmodo.com	\N	02a74d544004b659d5abb270841485c1	1945-08-20	+261335547345
714	Jobye	Stoate	jstoatejt@umn.edu	\N	3039384662f77551f2c56611bac3a8bf	1999-04-29	+261348737450
715	Pia	Chalcraft	pchalcraftju@addthis.com	\N	d6fcc181a1f34ff8a689fa587c3f99dc	1943-04-20	+261342337122
716	Carmine	Deporte	cdeportejv@slashdot.org	\N	d5a95403df7447ed284f432f477c5110	1967-09-17	+261338894814
717	Clareta	Lackmann	clackmannjw@desdev.cn	\N	abd7fffa85fb98879ea4b936f957bb81	1943-09-18	+261344603323
718	Ennis	Verdie	everdiejx@ehow.com	\N	f5fc1166c027c2fe1d054e7e4dfe1612	1982-04-10	+261345441599
719	Malissa	Hathaway	mhathawayjy@intel.com	\N	8d8bb41496b520dac556070848438ae4	1954-10-16	+261341365086
720	Vinni	Gyurkovics	vgyurkovicsjz@qq.com	\N	5ef83eb5aa627849e359e079b7b9224e	1942-02-01	+261329020975
721	Edward	Kingswoode	ekingswoodek0@bluehost.com	\N	1cda20e9ed2bc99f803da27682d829de	1981-04-19	+261339267905
722	Jobye	Aronstam	jaronstamk1@mashable.com	\N	c42f6686f6a0ce3f237aa44bf206f725	1972-05-03	+261347344645
723	Fionna	Whipple	fwhipplek2@desdev.cn	\N	79224974f6e6accb8940068df3c5bd05	1940-06-28	+261341112848
724	Symon	Lambrook	slambrookk3@admin.ch	\N	cc1213cf11412b3e5ef5f5dd0665e55c	1974-08-06	+261335795639
725	Mireille	Schinetti	mschinettik4@123-reg.co.uk	\N	529487e6d62d3b4b7bfd695c4d9bd5b7	1945-09-20	+261343085195
726	Osmund	Duiguid	oduiguidk5@wufoo.com	\N	166a04002a560562b2082ac0894ee23d	1998-12-26	+261331196673
727	Eddie	Pickersgill	epickersgillk6@xing.com	\N	98fdfa13066a76406547dbe86654fb58	1965-02-23	+261347477852
728	Ciel	Baggaley	cbaggaleyk7@multiply.com	\N	3730666df17515d4766b8a73e4663443	1962-03-05	+261325438177
729	Hugh	Heinssen	hheinssenk8@friendfeed.com	\N	efa1029b73eb291238671960ba7f41b6	1967-12-27	+261328018543
730	Stephannie	Staresmeare	sstaresmearek9@live.com	\N	37baea1c28715c33ab6362cccefb3aaa	1995-07-17	+261326309420
731	Duky	Gillooly	dgilloolyka@lycos.com	\N	9673fe6fbd29d58c3813c62199d1b3a0	2001-11-05	+261322508893
732	Base	Billings	bbillingskb@discuz.net	\N	544f6abbfc0a5805ef5b99a3cbf797b7	1942-05-22	+261343350564
733	Jacquette	Capenor	jcapenorkc@freewebs.com	\N	9c015908bed1feac4203f72c67475cde	1947-06-13	+261324603041
734	Marchall	Glowacki	mglowackikd@tinyurl.com	\N	e51bcc18844f962a23da563102ee0f4f	1950-05-20	+261348233596
735	Mable	Clayhill	mclayhillke@sogou.com	\N	986ecc0bbbcdf51f1c037d3370c7df58	1961-06-17	+261347255585
736	Lynnett	Farnfield	lfarnfieldkf@yandex.ru	\N	48c14d6919ae0228071775e44e4ffd0f	1984-02-08	+261347762387
737	Dolli	Brickner	dbricknerkg@arstechnica.com	\N	85b8ba14ab486ca266b89dc8c76eb174	1947-12-05	+261337991752
738	Carri	Leathem	cleathemkh@tmall.com	\N	b23197a52e23e56cb3c3c28deeca1fc3	2002-01-28	+261345537962
739	Lyndel	Taill	ltaillki@theglobeandmail.com	\N	66f837484402813b216513192e91541e	1957-07-07	+261331084329
740	Selby	Yackiminie	syackiminiekj@google.fr	\N	253d9fa734dabd5276c823c61f738da4	1995-01-13	+261330272527
741	Constancia	Collister	ccollisterkk@last.fm	\N	e049ac2602f6a8b38e077413ce403b88	1951-03-08	+261331492432
742	Myra	Brasier	mbrasierkl@apple.com	\N	35fdb8b95b4c5fde5f4ac05d9336f28c	1970-01-27	+261345413721
743	Letitia	Carlesso	lcarlessokm@nhs.uk	\N	05276fe3520cec44f7023e6ca4939803	2002-01-17	+261332997149
744	Brittan	Priestley	bpriestleykn@wikimedia.org	\N	d150615ab7de10718e2e214c455085bc	1943-06-04	+261330095074
745	Gerladina	Trazzi	gtrazziko@jigsy.com	\N	e752cb6d6040b88691a9968c7eb28186	1960-08-07	+261321549142
746	Liana	Thirst	lthirstkp@mtv.com	\N	f0ed91afc713eb411ca0e08f1acd97da	1948-02-21	+261340258035
747	Eilis	Oxtaby	eoxtabykq@independent.co.uk	\N	cc1e9bf3ba2f70827e83afa8f729f7c4	1959-09-10	+261324265416
748	Richy	Barnewall	rbarnewallkr@geocities.com	\N	fb490823371539d97f40abe829b6dd3e	1962-10-26	+261327961976
749	Jerald	Campo	jcampoks@aol.com	\N	a8c15659541b05aa1f711cae47d2f394	1948-08-22	+261324143674
750	Briano	Du Fray	bdufraykt@jigsy.com	\N	2a80265f104777e79b79f4f85bbb601f	1969-11-14	+261324125536
751	Kylen	Emptage	kemptageku@ucsd.edu	\N	bd1aa4f24a52a486931ba08a356dd441	1950-05-23	+261342447813
752	Huberto	Jenicke	hjenickekv@sitemeter.com	\N	5da9b80449460fd944d4298c0b0e4061	2000-02-29	+261320735080
753	Tiffani	Tomowicz	ttomowiczkw@china.com.cn	\N	afec4c50942a8d544d19fa50ebda3a00	1949-03-27	+261343569458
754	Obed	Arnaudon	oarnaudonkx@wiley.com	\N	e19401c704802f9c9be7ecf8272bf974	1988-04-01	+261341140582
755	Dorine	Cancutt	dcancuttky@omniture.com	\N	13928aa1cc0e41dd550bbd0e7be4bc81	1980-11-15	+261345991162
756	Marve	Kemsley	mkemsleykz@flickr.com	\N	112c8456cbc3e4eb52193d6982fb5dab	1987-02-26	+261328038961
757	Gene	Ferrari	gferraril0@bing.com	\N	d8f1f76f159888e0ada29386063a029e	1996-03-21	+261326119285
758	Keith	Fibbitts	kfibbittsl1@w3.org	\N	8054452b927944ec54061d2b877f1606	1987-08-29	+261338496705
759	Phillis	Gleadhall	pgleadhalll2@jugem.jp	\N	8ff1830241c05bf63ffe0a292de656ef	1973-08-27	+261346584828
760	Alia	Jee	ajeel3@mail.ru	\N	4f6a629573c18aaafe1388d70d7317b2	1951-04-01	+261337596854
761	Leora	Dermott	ldermottl4@arizona.edu	\N	640f517851477d0ce2bed45dc94fda30	1971-12-10	+261346423083
762	Paloma	Kuhlmey	pkuhlmeyl5@foxnews.com	\N	2a1ec09c7e057362358d1afc643b8bea	1986-01-27	+261342013747
763	Julie	Blose	jblosel6@gravatar.com	\N	fe90e829c5e9f6ddfc70ecd6631e0599	1959-11-07	+261343646085
764	Dacie	Matas	dmatasl7@desdev.cn	\N	558ea6c3e99d7ed6b08b5cbcbfc829d0	1968-06-07	+261332849863
765	Diana	Gipson	dgipsonl8@joomla.org	\N	c9c2c893ef1a7acf3e057a2eedcbcb51	1991-05-04	+261341038902
766	Fredrika	Dober	fdoberl9@free.fr	\N	2b3f91dad8d044c0a59ac1f23bcc3aa3	1945-11-26	+261340015957
767	Gideon	Rosnau	grosnaula@usgs.gov	\N	b6b6a5e57fa81a7f0477640382334816	1987-06-05	+261340961469
768	Brady	Stearne	bstearnelb@google.cn	\N	99d18b88fad943e61c10c0118e510892	1999-08-13	+261336181917
769	Mariquilla	Itzcovich	mitzcovichlc@1688.com	\N	f970b7512ef7060a22942445c08d3318	1954-10-10	+261341508719
770	Luz	Sainter	lsainterld@bizjournals.com	\N	bd34eae172822bd9faf351f5fcc1272b	1985-08-27	+261349122824
771	Etta	Smithin	esmithinle@reddit.com	\N	7ebfa04048de16518fc0763260868fcc	1946-01-14	+261349607855
772	Murdoch	Presdee	mpresdeelf@thetimes.co.uk	\N	484c6e476565f293b8f02384cca18039	1965-06-08	+261326987766
773	Phelia	Sara	psaralg@china.com.cn	\N	9b41986c538f8a3d0cb9f06d8d8a7557	1991-01-30	+261349424683
774	Standford	Frankcomb	sfrankcomblh@redcross.org	\N	9b5e8dca4c107436b8f03e759337ee19	1971-08-31	+261321056257
775	Dory	Petruskevich	dpetruskevichli@google.com	\N	e318f473ee754a4cd333134b0f5e9641	1965-02-20	+261328595058
776	Ikey	Bliss	iblisslj@umn.edu	\N	9e0e18433b7ae07228000553d613e272	1981-09-02	+261335354502
777	Joey	Svanetti	jsvanettilk@slideshare.net	\N	bc35997efed595cd06cdb86fcd97c675	1987-08-17	+261348017589
778	Florri	Matuszynski	fmatuszynskill@wisc.edu	\N	1f14dc88c3f3958a25249773540d6b87	1987-01-15	+261338686012
779	Lek	Hellicar	lhellicarlm@ftc.gov	\N	962cef625f0e9eccb721c56bdf918093	1941-05-23	+261323126817
780	Teresa	Gascone	tgasconeln@behance.net	\N	48a3e7f6c59ef45c028ef2a3abb38e24	1974-11-09	+261333906478
781	Greer	Rowler	growlerlo@seattletimes.com	\N	5c539eeef72db62d2ea6b98f53c6d041	2000-11-13	+261325198684
782	Dede	Blaney	dblaneylp@imageshack.us	\N	39a10434c916339f1f5483946ddd9625	1974-01-21	+261329871625
783	Tamma	Burberye	tburberyelq@toplist.cz	\N	f404d278724c785a42cf49da7699e793	1959-10-18	+261320675661
784	Doti	MacVay	dmacvaylr@friendfeed.com	\N	435ec667f3a92c21ce8e54f274027382	1970-02-02	+261342899545
785	Alexander	Pidgeon	apidgeonls@ftc.gov	\N	38f331b9d99045a11748845ab64c7698	1970-02-22	+261342284150
786	Mayor	Gheerhaert	mgheerhaertlt@nba.com	\N	c619d739ffeaa01f101e195a7ea23047	1968-04-11	+261341223473
787	Launce	Jaspar	ljasparlu@comsenz.com	\N	516f3323271ece0fa800f7cdbd3db3e4	1995-12-29	+261348494177
788	Arielle	Ponsford	aponsfordlv@unc.edu	\N	1061d61db6c8b9aca4309dff41763598	1972-10-07	+261346149105
789	Emily	Cleverly	ecleverlylw@springer.com	\N	06c692436c685cefcc73a989e73fba93	1976-04-04	+261330926544
790	Robbin	Dowglass	rdowglasslx@fotki.com	\N	b52f708c5b6ff7f920098eb85a9dea8f	1968-03-06	+261324554223
791	Felipa	Chalker	fchalkerly@ucoz.ru	\N	327f453e77a2f7cffad15b45191bb547	1974-11-22	+261327320289
792	Charlot	Trippett	ctrippettlz@tmall.com	\N	725eee03085cb499dc6349ed87a01724	1972-05-25	+261333771378
793	Adore	Slisby	aslisbym0@i2i.jp	\N	a94d2e55b22461cd570a77ce7a5e8fc9	1952-03-21	+261344003620
794	Giordano	Hawkshaw	ghawkshawm1@baidu.com	\N	3f292096af00db6067f3c326c47c3f3c	1964-04-15	+261337783663
795	Ashleigh	Restall	arestallm2@guardian.co.uk	\N	a602c7124172a5a1d8449cc532f6deed	1955-04-13	+261339155070
796	Brinna	Yeoman	byeomanm3@yahoo.com	\N	75e77c40da36eca9044a6b28947b03b9	1981-07-10	+261330051898
797	Tamiko	Yanez	tyanezm4@ucoz.ru	\N	8c58986a7a81e4567044e75ece177630	1965-03-05	+261323649750
798	Lulu	Soot	lsootm5@163.com	\N	ad486a4268d0b734bf5b3ae1c42e05a2	1961-07-02	+261338449377
799	Cacilia	Muirden	cmuirdenm6@ebay.co.uk	\N	38da6865f48aa07d4e83cd0ba2900fdb	1952-11-26	+261340849077
800	Annalee	Lambswood	alambswoodm7@narod.ru	\N	ebf8c280d381d1aac8ebf68a46a6b1e0	1985-01-10	+261345753422
801	Daile	Sundin	dsundinm8@instagram.com	\N	9dcdabd2e6fdab449ef1fc97c8e89fd2	1970-09-04	+261330836833
802	Clive	Peiser	cpeiserm9@businessweek.com	\N	1a85046d514f279a27e016b5af8f1e93	1991-01-31	+261343568775
803	Ardella	Abatelli	aabatellima@ucoz.ru	\N	87d95c129e90bc4be0c769efeff0d806	1949-04-16	+261321239100
804	Lucian	Pischel	lpischelmb@statcounter.com	\N	aa990b538ae8e6fa9d9a574fcbfa71ef	2000-10-07	+261337885847
805	Hollis	Nuscha	hnuschamc@networkadvertising.org	\N	f89d8683898db9eef4e507209499c8b1	1977-04-29	+261321382367
806	Krystyna	Sextone	ksextonemd@moonfruit.com	\N	19018e7d3f9f9b2401e2b7c6a78eb805	1965-01-16	+261338555036
807	Jackson	Shoute	jshouteme@xrea.com	\N	d39fd3f7958f5d26fd27f478355f2a1e	1946-03-19	+261320066699
808	Meghan	McEvay	mmcevaymf@usnews.com	\N	17daae039f49574e519494aeaf367ae6	1954-02-12	+261345893538
809	Elden	Althorpe	ealthorpemg@guardian.co.uk	\N	3a88171e8bd4ba9095c9fa87812349d1	1954-06-27	+261343991028
810	Zacharias	Simanek	zsimanekmh@patch.com	\N	e28022ce9051cc3fc77a1d56ae96e6c5	1966-09-03	+261324499647
811	Fidelity	Hulke	fhulkemi@apache.org	\N	ca2d216050647b8c3a57acd1a060ac12	1975-04-28	+261341296621
812	Erwin	Plumley	eplumleymj@bbc.co.uk	\N	a303352bf2615230a03309fb628e6d44	1950-10-12	+261339171544
813	Garik	Smorfit	gsmorfitmk@skyrock.com	\N	dd832fde6051809e99f403124d26df57	2000-12-16	+261344165896
814	Steffen	Lingner	slingnerml@nhs.uk	\N	787e600428cef3a5c33787e4fd83cfd3	1988-09-19	+261341767681
815	Julianne	Kilbey	jkilbeymm@wix.com	\N	1db5d62387ace36b3f15307f6e182930	1946-01-05	+261332894955
816	Rosalie	Bachelar	rbachelarmn@netscape.com	\N	27f7d5d4a8a06fbcb68dc37c8c8e8eef	1999-03-04	+261322616466
817	Lorens	Stredder	lstreddermo@macromedia.com	\N	d87788e9306712b0939449b66ec743e4	1979-11-03	+261348018374
818	Caryl	Triggle	ctrigglemp@sun.com	\N	a813d5ce7a1919ef38e6cc38ab48ffac	1957-11-10	+261320055143
819	Bree	Demogeot	bdemogeotmq@imageshack.us	\N	6baede12c19b6e3084c03f21bdb5177a	1963-06-27	+261345641554
820	Wolfy	Rapier	wrapiermr@i2i.jp	\N	a6e0e87dad68be916551f15ab06fa017	1973-05-31	+261341132107
821	Hardy	Freed	hfreedms@gmpg.org	\N	ac351b1c2c0bf620a88a122369426bfc	1983-03-12	+261328474863
822	Merlina	MacEntee	mmacenteemt@ox.ac.uk	\N	a2773a4b1bea04e619cd68720848c0bf	1992-12-25	+261343051871
823	Linzy	Rakes	lrakesmu@desdev.cn	\N	768500109c2a8210d229af8707ceb57d	1953-11-09	+261341131942
824	Gina	Ayars	gayarsmv@theguardian.com	\N	af2519745fc7a34e77521a68b42d3f0d	1955-10-31	+261338454715
825	Chico	Beever	cbeevermw@soundcloud.com	\N	56e386ee3c4fb5eda78f558a637c862b	1970-01-10	+261321154982
826	Caesar	Clatworthy	cclatworthymx@newsvine.com	\N	3c12fd6bcbe8a87b8ada42b75a7089bf	1970-04-23	+261347880062
827	Casie	Stanners	cstannersmy@mapquest.com	\N	edf6785da6311acb754c825ab4a6527b	1967-03-16	+261344508371
828	Sal	Geharke	sgeharkemz@weather.com	\N	2cd92bb7eec1aed5748bd77ad784e873	2001-03-07	+261349667083
829	Aloysius	Freiburger	afreiburgern0@networkadvertising.org	\N	db18ff3cf3ac2ab0b679a6373cb17420	1984-05-10	+261343376242
830	Charlotta	Dewire	cdewiren1@nasa.gov	\N	d79ea49ae114d90035008a8b792cc37c	1950-01-13	+261322321698
831	Marita	Rispen	mrispenn2@yolasite.com	\N	60d956571e35ffdcaea571ced270d868	1944-06-20	+261349749418
832	Robby	Lode	rloden3@php.net	\N	a90dfc632efe1d3f04bdba5f19d52924	1950-08-30	+261343806017
833	Michel	Stainbridge	mstainbridgen4@moonfruit.com	\N	2ac46e82a0d0acede91f25ed78d5f59f	1987-12-10	+261326817866
834	Calley	Strathern	cstrathernn5@google.co.uk	\N	82eef8f5be862b1b78b5cb04dd7aef46	1960-05-19	+261325933166
835	Tierney	Girod	tgirodn6@over-blog.com	\N	967b54bb2cc0cef50fde841da9f11a99	1957-05-12	+261341581199
836	Lucais	Liddell	lliddelln7@cbslocal.com	\N	f94b6da8695e0dba5543039418a813c2	1967-09-06	+261342853864
837	Bradley	Demangeot	bdemangeotn8@jimdo.com	\N	0e838405885d7b259194b1ee75a61d75	1974-07-22	+261321635659
838	Louisette	Vagges	lvaggesn9@360.cn	\N	19f7916b0edd7313475b697ce91963a0	2003-09-10	+261331473127
839	Lorine	Elsie	lelsiena@e-recht24.de	\N	49604c5a6682eb95065890d77d4f2806	1981-08-08	+261323277493
840	Robb	Ivy	rivynb@wufoo.com	\N	443d480d1363240d0dd5481aee58972b	1990-09-17	+261326201141
841	Emilio	Petters	epettersnc@pagesperso-orange.fr	\N	52a454552c4e0fd05b375f08206ed654	1974-09-02	+261344963226
842	Lesli	Dransfield	ldransfieldnd@engadget.com	\N	5aaad3f99854116f9518eca2f2c56aa3	1957-02-14	+261323401737
843	Ginevra	Wordsworth	gwordsworthne@list-manage.com	\N	d07556375c19c31fbc1f831a875b064f	1952-10-20	+261339523255
844	Arlena	Minguet	aminguetnf@theatlantic.com	\N	edc78d4eb7d3c1224feac29f89e3affe	1972-01-23	+261339772344
845	Caritta	Turnor	cturnorng@apache.org	\N	ae4c5fd86d8f21035b76f1067d6f143e	2001-03-06	+261341493242
846	Estele	Simeoli	esimeolinh@goo.ne.jp	\N	98f808b739a486e30a379dddcfcb6486	1990-05-14	+261344068294
847	Raffaello	Vischi	rvischini@wikipedia.org	\N	69bcfea3ce015d18105d525bf441b727	1951-05-01	+261348536692
848	Pier	Hryniewicki	phryniewickinj@cam.ac.uk	\N	8383f37e1152e4a877d8273037a8188b	1954-06-13	+261340423424
849	Jerri	Blinkhorn	jblinkhornnk@scientificamerican.com	\N	dd0d0c29440b7c98a0cd3b9f3e8dc40b	1959-08-18	+261335319060
850	Dino	Bullon	dbullonnl@themeforest.net	\N	34e070f54e748248d8c328fa599d46dd	1972-05-09	+261344577859
851	Niko	McCurlye	nmccurlyenm@blogger.com	\N	b7119d4c95bb1d0b994b0ccf8e90c8f0	1963-07-21	+261334613212
852	Duane	Ramsay	dramsaynn@usda.gov	\N	84a3ad62ab992b1a87d5350d3f9c7aaa	1987-10-05	+261331327651
853	Donica	Greally	dgreallyno@dion.ne.jp	\N	a0567a7bbd0cf67543098fe22e8146ec	1969-01-17	+261323828187
854	Willow	Bramich	wbramichnp@elpais.com	\N	2d717e718c79e968f2f6a07337010fd8	1947-04-06	+261346266177
855	Emmott	Garron	egarronnq@army.mil	\N	66edf6db0658667ada878feaa8023a9c	2003-03-15	+261335141845
856	Orran	Witul	owitulnr@ft.com	\N	661bdabde49284f656b066d26f962ba7	1961-04-05	+261341185132
857	Haywood	Mell	hmellns@t-online.de	\N	e2283a594daca1b2b9b2db912ad09da5	1943-08-30	+261342648094
858	Bartholomew	Burl	bburlnt@livejournal.com	\N	e443be346e49380e24ca3a821bb617b6	1990-10-13	+261347961098
859	Abbey	Lounds	aloundsnu@sphinn.com	\N	291860c7d1d1ee7d0ecc78000e6d139b	1949-03-02	+261343886524
860	Sidonnie	O'Heffernan	soheffernannv@technorati.com	\N	2485a9bb04c04759bbc9e3e8d01d9e02	1987-02-16	+261326245713
861	Clint	Tizard	ctizardnw@illinois.edu	\N	5e1827428575a0073bca4a26320cb5d2	1979-05-29	+261342955890
862	Meryl	Haxby	mhaxbynx@vinaora.com	\N	10bcf8b897abdbccad50629a3764d16f	1962-11-25	+261331664904
863	Isaak	Clemon	iclemonny@ihg.com	\N	9d55b273ab09657b64b070b9b39133e2	1997-03-06	+261320791507
864	Clive	Faro	cfaronz@google.de	\N	a4601c72d8b4e537a083ca39ea798d3c	1971-05-06	+261343599360
865	Suzann	O'Gready	sogreadyo0@tumblr.com	\N	f67da286df5d561e3e65d1ee860fbabe	1952-10-26	+261341017749
866	Drona	Faraday	dfaradayo1@blinklist.com	\N	26730c48dd5b2de3edc5ab5a7e56f718	1997-03-17	+261320196384
867	Bliss	Persey	bperseyo2@alexa.com	\N	158b90cbdedddce55087f0ec38cd1fb8	1963-07-31	+261348224134
868	Dominick	Hutchinson	dhutchinsono3@indiatimes.com	\N	00d230ccef3431dd34dd64a5dc067b65	2003-04-14	+261348845536
869	Carolee	Shemmin	cshemmino4@dropbox.com	\N	bbf65b6fe707cbf265538a4b0acbebf8	1963-05-01	+261348204147
870	Kaye	Blucher	kbluchero5@vinaora.com	\N	64e2d83b338fcbd92bcc045a3f4a063f	1958-09-18	+261348355573
871	Belita	Standish-Brooks	bstandishbrookso6@va.gov	\N	9699eb56d6fc781eb21269f8323d2de7	1952-11-27	+261341788261
872	Cornelle	Mc Cahey	cmccaheyo7@samsung.com	\N	d2d7379a7b85a296cb268d17f569721f	1976-01-23	+261327055284
873	Mead	Aitken	maitkeno8@bing.com	\N	9e0cb50f7f3461a493e288fdd77f79a0	1956-03-25	+261340973082
874	Jenifer	Maxworthy	jmaxworthyo9@ed.gov	\N	ae2eacebdfa5bde475ca87766e9f36d4	1993-12-12	+261337633472
875	Petronille	Bonicelli	pbonicellioa@prlog.org	\N	1efb9bcdfa8c615d94726275c9c9e271	1997-12-10	+261332708447
876	Genvieve	Stanney	gstanneyob@ca.gov	\N	8129fb14c6621946983e5b69d96858e4	1979-01-17	+261340044863
877	Lilas	Lochet	llochetoc@theglobeandmail.com	\N	48da3a328dc27ac9194a2fbfe0e6ed6f	2000-10-22	+261331403980
878	Belinda	Aggott	baggottod@epa.gov	\N	1a66a67ecc62a730c29faa302ab13b18	1994-03-23	+261349205201
879	Kiley	Lambrook	klambrookoe@dmoz.org	\N	f0a7b4b94500859b42590d7797adc0b1	1984-09-15	+261349576789
880	Mollie	Nosworthy	mnosworthyof@godaddy.com	\N	c59dbfd1218108f23ec090e0d22e134a	1962-03-12	+261346068232
881	Alexandr	Rapport	arapportog@theatlantic.com	\N	dfe70698a246d9246669aae321bc81ba	1942-07-31	+261320398471
882	Darsey	Capron	dcapronoh@intel.com	\N	b7ccb48b55376cad176aa47bd017228b	1946-04-30	+261326741204
883	Robinett	Brittlebank	rbrittlebankoi@qq.com	\N	b30483aa449c6475d50320f6f2b0153c	1940-10-13	+261342107022
884	Bastian	Casella	bcasellaoj@google.com	\N	cdecbee268c04d3cbeb28824a8ebb96e	1943-10-30	+261327728983
885	Katharina	O'Dreain	kodreainok@springer.com	\N	eb7a7298fd67ace89d26667e19e47381	1954-10-31	+261346905221
886	Aristotle	Antonescu	aantonescuol@paypal.com	\N	8cec4697c8e8a7e7d3bf47444f3dad4d	1965-11-09	+261326390248
887	Raviv	Dunsmuir	rdunsmuirom@who.int	\N	abc119cddf1cf38db21f7d406ac430ce	1979-03-28	+261348932111
888	Olva	Youthead	oyoutheadon@si.edu	\N	6ee8a0f6a095249c6459ec78a2d1ca2d	1977-03-05	+261336819189
889	Jere	Myton	jmytonoo@tuttocitta.it	\N	fe39122811a63bc710b24dfa319a5e54	2002-01-17	+261341093340
890	Penelopa	Gerler	pgerlerop@ucla.edu	\N	572fb156279569db59745776b2b3769a	1967-01-22	+261331376463
891	Dimitry	Shoebottom	dshoebottomoq@blog.com	\N	ae0850ad01590eb3f5b02aa9d869902c	2000-11-08	+261327404436
892	Roseanne	Dillinton	rdillintonor@dion.ne.jp	\N	33b189abe4cb7c053b6e1cf23a6c643f	1965-01-11	+261325560970
893	Gaultiero	Lunny	glunnyos@bandcamp.com	\N	65be700935491927d361b9e8f3e6984d	1963-08-31	+261323084389
894	Karalee	Dallywater	kdallywaterot@reverbnation.com	\N	c50ab0e8986d2d9979b4f55920c91079	1990-03-20	+261338745418
895	Jemmie	Chalke	jchalkeou@google.nl	\N	8bcfe4822c26ea5ba082549b6bc924c0	1984-04-13	+261329563720
896	Chryste	Brosoli	cbrosoliov@wsj.com	\N	6bfb603e2b82721b746075adc5166b10	2003-02-27	+261347514471
897	Carmella	Redholes	credholesow@ted.com	\N	455c2ef51534683f8a3fe759e40e842d	1979-08-29	+261323030484
898	Keely	Hymus	khymusox@exblog.jp	\N	4f0056829cf7df06107a5cf5c3d49018	1980-03-06	+261342747551
899	Jenny	Thornton-Dewhirst	jthorntondewhirstoy@businessweek.com	\N	5fee756a9cf1d3084dd462cebd340bfd	1963-10-14	+261321174729
900	Lorrayne	Labon	llabonoz@unblog.fr	\N	e3a82b7829b634d9eaa6348fc6149c18	1978-12-20	+261342021940
901	Urson	Goodhall	ugoodhallp0@taobao.com	\N	68a446dfc2be44d32d851f42c52be9c7	1982-06-19	+261348968413
902	Kippie	MacMakin	kmacmakinp1@acquirethisname.com	\N	c5cfca3461cf49037fa4d4c929ccd783	1972-05-27	+261320533610
903	Guenna	Clancy	gclancyp2@yelp.com	\N	53b203d491913d801d48d661a782ef5d	1958-05-22	+261324536068
904	Guthrey	Wynter	gwynterp3@cbsnews.com	\N	fe3310636f6b3041ae566e033c1c0708	1945-01-20	+261349812124
905	Laureen	Sandifer	lsandiferp4@usa.gov	\N	9d589fd26ab21ee1452e1bd04ae77eae	1957-01-19	+261342393520
906	Winn	Jeffers	wjeffersp5@alexa.com	\N	2df0aaf620f67cc74816ee0ddbd61a4a	1953-09-13	+261340163685
907	Elmore	Orbell	eorbellp6@merriam-webster.com	\N	43614284c1eb758f8c6d9b667fc815dd	1984-04-01	+261349700637
908	Valeria	Spittall	vspittallp7@pen.io	\N	e15040e62457c7846b4551a49c571eef	1986-06-12	+261343980330
909	Ilaire	Andreacci	iandreaccip8@reverbnation.com	\N	c7091c9f90261e091d5725c9cc282477	1975-09-12	+261346226915
910	Perceval	Kellert	pkellertp9@odnoklassniki.ru	\N	4238289a7fe002d481d3bed43e492c35	1986-11-17	+261347436834
911	Gavin	Skuse	gskusepa@zimbio.com	\N	3976075051e2487e0236685e7fa33579	1973-08-26	+261349990681
912	Gerianne	Dombrell	gdombrellpb@aol.com	\N	441bedd7b6b9bccb98c8114d9c8d07c8	1997-02-08	+261325965296
913	Panchito	Comber	pcomberpc@ucoz.ru	\N	476c507bcacafc6cfba3ce98cd207073	1999-08-23	+261328231451
914	Antonio	Alibone	aalibonepd@arizona.edu	\N	bbad8fce58ab68714cf87ee0f9f57798	1970-09-27	+261347109300
915	Kissie	Marages	kmaragespe@illinois.edu	\N	0104dc4cd1a2f8818c2220aa7aa03dc4	1968-11-11	+261341420104
916	Andra	MacAnelley	amacanelleypf@state.gov	\N	4ee5364e32e0f0f675877cd831f4d05f	1948-03-17	+261322125855
917	Aridatha	Coverley	acoverleypg@nyu.edu	\N	68dfa0887d598548e8d5bbc209f171bb	1987-09-17	+261332210902
918	Dolores	Broadberry	dbroadberryph@yahoo.com	\N	b186acc439dba16abf78a06f3c5f4ec9	1942-03-14	+261347847680
919	Aretha	Tearle	atearlepi@adobe.com	\N	8c5f0c6012b0770792fde23d73de1edd	1971-09-10	+261344960490
920	Angie	Cosford	acosfordpj@oaic.gov.au	\N	3fa683d800890f658d93605ac8ec6439	1974-12-14	+261343524260
921	Carmelina	Schirok	cschirokpk@4shared.com	\N	fa631828d6603bc73afc2982bff2a702	1987-04-08	+261344259593
922	Rayshell	Stilgo	rstilgopl@buzzfeed.com	\N	825c0cf69a2811b4977c49bed882ba75	1981-12-03	+261327534720
923	Rice	Moyers	rmoyerspm@goodreads.com	\N	4cf80031fb367981efc47e264e418845	1966-11-10	+261345874504
924	Fredi	Wetheril	fwetherilpn@washington.edu	\N	a2ded88a716555970e2e0933e5fbbcbb	1970-07-22	+261348694217
925	Ann	Scuffham	ascuffhampo@webs.com	\N	3b587035e3d376f25a9bc4c9aaeb6a2e	1947-04-03	+261339852686
926	Clayborn	Wattins	cwattinspp@virginia.edu	\N	63b19af8dbd9cbc39c1668d92d04554a	1968-09-04	+261335394362
927	Michaeline	Guillard	mguillardpq@berkeley.edu	\N	12ade34fc19b2758d6a7bed8071a6af2	1995-06-24	+261342607659
928	Kristien	Lober	kloberpr@sun.com	\N	6de5119d505ad152e26cd95fe242c2b5	1992-02-27	+261330051827
929	Bill	Gravey	bgraveyps@ucoz.com	\N	fc35d62ff4584a496ad3ddf68f29aeaf	1998-12-03	+261345672029
930	Dolley	Grewar	dgrewarpt@sogou.com	\N	d83c0ea80ddd7bfa4f87cad6b1a26b17	1997-06-18	+261325668918
931	Lexi	Fayter	lfayterpu@hexun.com	\N	85bffd66cdb39af0c7172bbc58fea5cb	1945-09-17	+261338678460
932	Averyl	Lenney	alenneypv@nhs.uk	\N	f38fc076e9488e7ec99b0ea5bfb09a19	1945-06-23	+261335871189
933	Gretta	Ecob	gecobpw@feedburner.com	\N	b69e111760e339158b354fd1eddd42de	1985-03-09	+261347835498
934	Andree	Bontoft	abontoftpx@youtube.com	\N	b7e806bcc1307fe571e0a351c5b52f0c	1985-06-25	+261337188591
935	Shea	Cristofolini	scristofolinipy@ted.com	\N	941e0d74a7eb8db3fe046acf9f0283aa	1980-05-21	+261337548997
936	Arabela	Durgan	adurganpz@seesaa.net	\N	dc61db867fcf3ecba91387742b3092a6	1986-06-17	+261337385039
937	Rainer	O'Fogarty	rofogartyq0@github.io	\N	b6a6110c0a74c20e5e22736337d644d8	1983-08-31	+261326048401
938	Andres	Took	atookq1@mozilla.com	\N	f57812470ae0254becb88971bc796dce	1997-07-25	+261349460378
939	Spencer	Fibbens	sfibbensq2@google.com.au	\N	f32c032ed58991e810a44a215a144521	1953-12-10	+261328604263
940	Dionne	Mulrooney	dmulrooneyq3@si.edu	\N	8dbfe3596ecfc62cc9691048505a05dc	1956-05-22	+261328509499
941	Stevie	Humbles	shumblesq4@acquirethisname.com	\N	101a8fb9c457b15b9fb3ffeea1c06c30	1951-11-12	+261338356057
942	Erich	Brosio	ebrosioq5@apple.com	\N	c01a5061a93c87e50f4e347e8f673b81	1949-11-17	+261329861895
943	Dolph	Kinnin	dkinninq6@google.it	\N	24451c7b77bbba7e5202475d190043a4	1989-08-17	+261334493521
944	Margaux	Van Arsdall	mvanarsdallq7@seattletimes.com	\N	e08d113cf7323d57cf2560d4e7d92fad	1944-02-09	+261341600970
945	Edwina	Rodenhurst	erodenhurstq8@spotify.com	\N	80b510a58b68af70457d308c9707431c	1986-05-28	+261331789015
946	Dinnie	Cavan	dcavanq9@1und1.de	\N	8fbd02a234ba115b82c6eade5799cd8b	1975-08-01	+261340933671
947	Veradis	Tzarkov	vtzarkovqa@weather.com	\N	a821f875ac80f3fb110c991dc2eb4b0a	1996-11-01	+261341521776
948	Susette	Coverlyn	scoverlynqb@1und1.de	\N	748b9127b5febe0c39c253acd9191e7a	1947-12-06	+261336354246
949	Natividad	Brunn	nbrunnqc@360.cn	\N	b256b708e46d092ceaa4c408991925ea	1967-06-30	+261337027439
950	Florentia	Withers	fwithersqd@slashdot.org	\N	b903b7af804ba8b7c7d09cf7e3b144e2	1984-07-05	+261349595631
951	Ginny	Bourbon	gbourbonqe@privacy.gov.au	\N	a38ae3e2741689ecf5cffbae826f9567	1979-10-01	+261345967689
952	Ferdie	Haberjam	fhaberjamqf@craigslist.org	\N	ee0ef0e1aa67c44565c3425e4941483a	1943-06-17	+261340562212
953	Allsun	Drewitt	adrewittqg@dropbox.com	\N	911218ba0e540ebda827de06c88ba9f1	1999-11-10	+261322002708
954	Deeanne	Lisamore	dlisamoreqh@cnet.com	\N	156e4d0984c53467220460cefd70e0b4	1988-07-20	+261349463121
955	Randolf	Maffeo	rmaffeoqi@github.io	\N	09fdca6c65d003b800d4260d408f956b	1972-08-25	+261345544327
956	Wendell	Peppard	wpeppardqj@sohu.com	\N	4de454796b0b7647c5a981ea8e3d89c2	1990-06-08	+261340840064
957	Jacob	Bedford	jbedfordqk@a8.net	\N	bc3049eec41c5112041e0eac86543cd7	1966-06-18	+261335686217
958	Ibbie	McLaine	imclaineql@nifty.com	\N	78c0f46cb8edebe23326200853a20eb8	1998-04-20	+261323611731
959	Adan	Matushevich	amatushevichqm@smugmug.com	\N	1dec4110eeeda5556c8622a8dcb4f0db	1997-09-23	+261331131620
960	Dru	Ebbers	debbersqn@flavors.me	\N	c8a797d13e9d0fec125f4bda80070038	1962-03-06	+261338502861
961	Pancho	MacKay	pmackayqo@miitbeian.gov.cn	\N	9ab488b0eeea78d21d7f64dce3264431	1968-04-18	+261322146009
962	Riki	Pyford	rpyfordqp@adobe.com	\N	7ed44f9d51618fda54dcfdc466890b63	1941-11-18	+261343541873
963	Odelinda	Castiblanco	ocastiblancoqq@is.gd	\N	db3a644db5131d6d0b2cf0ffc54dd0ae	1965-10-12	+261346564312
964	Scarlet	Goodbur	sgoodburqr@pbs.org	\N	09e0628b7a4b7bdb5059dff4226efde3	1971-04-20	+261337361884
965	Dede	Carbett	dcarbettqs@pagesperso-orange.fr	\N	23fcab1771279bb9c70f759db4f7821c	1970-08-29	+261334862647
966	Agatha	Lindroos	alindroosqt@slate.com	\N	ce4dbd67b3a08b933f326d8e48f309bb	1950-09-27	+261346452816
967	Van	Moizer	vmoizerqu@shinystat.com	\N	c9bce9d69a25a33bae995db7e2ff685b	1955-08-13	+261321492067
968	Danica	Bedome	dbedomeqv@wikia.com	\N	e0347a2d9724a7605c9e83d2e74e56bb	1957-02-02	+261346160532
969	Fax	Daborne	fdaborneqw@mapquest.com	\N	9b1f67964b720667c8b2eaeb31004011	1988-06-02	+261343746071
970	Devonna	Cardnell	dcardnellqx@cam.ac.uk	\N	c63bc1fe54be49501ca56f6b64832b50	1944-04-27	+261348620675
971	Daune	Guiver	dguiverqy@fda.gov	\N	0d6f5bea75fb4747a0ead08e62349270	1986-08-11	+261346112388
972	Vannie	Fobidge	vfobidgeqz@hp.com	\N	2e064859655c52a4943f8b99d7bce765	1941-08-18	+261349837381
973	Ingaberg	Keetley	ikeetleyr0@tripadvisor.com	\N	798a744d428b52a4ec002a4ee829aa7c	1959-10-10	+261342517302
974	Erma	Pleaden	epleadenr1@goo.ne.jp	\N	c028fa7d4c0b5cff743603c67ed7e8c5	1990-06-14	+261327244726
975	Spencer	Bellam	sbellamr2@typepad.com	\N	cae2d60ea274f624188b8effd7676d7a	1987-03-17	+261333140875
976	Louella	Bark	lbarkr3@drupal.org	\N	3e2db946cfce6492695b98cb8b963a9d	2003-10-24	+261339485906
977	Alyce	Hebburn	ahebburnr4@whitehouse.gov	\N	ab7295cf0f6ee1d4fd59847f1ef40e0d	1944-10-17	+261334142544
978	Regan	Patriskson	rpatrisksonr5@stanford.edu	\N	5fbdbb6e4acf5c7f63ef60058479a445	1963-02-20	+261335582463
979	Robyn	Van der Beken	rvanderbekenr6@addthis.com	\N	8534b6747080a607c7f40ee1278eda5e	1966-11-24	+261326887322
980	Yuma	Gergely	ygergelyr7@epa.gov	\N	0615e46c3b5c910e3c4558ea2a5f6ea3	1957-03-07	+261348571953
981	Town	Windle	twindler8@usa.gov	\N	2933f21799f4275fb305c7e1b8c66f3d	1958-05-12	+261334239138
982	Tiphanie	Fayerman	tfayermanr9@surveymonkey.com	\N	33136627762084574aecddd38bad8d6e	1955-04-26	+261327367070
983	Gisele	Brommage	gbrommagera@wunderground.com	\N	dcb000038d7fa3cf913983dbc585e31c	1968-03-16	+261340584335
984	Masha	Rolph	mrolphrb@google.ca	\N	802b889094af98b0b37a6d12e747bd3a	1962-08-18	+261340052813
985	Sileas	Knowller	sknowllerrc@ca.gov	\N	e8c6eb7c512fd1c0c5bf5b68310556af	1941-06-30	+261345570616
986	Shayne	Guttridge	sguttridgerd@reverbnation.com	\N	217fa608ebcaf53ed31ef0ee799d7d35	1940-11-14	+261340788023
987	Griffin	Willshear	gwillshearre@webmd.com	\N	c2930fd956c7f94009459b34b5e7aa16	1943-05-10	+261346524087
988	Willie	Sertin	wsertinrf@uol.com.br	\N	37d3a5015d4ac69d247a6f7803598e31	1950-07-08	+261340349852
989	Jermain	Klasing	jklasingrg@dmoz.org	\N	5457ba2bdffc034063f2a0cf16c67cd9	1962-10-09	+261348126889
990	Antonina	Scowcroft	ascowcroftrh@google.ru	\N	4664874391a12d4e7b827bc4e4312852	1978-06-29	+261329017700
991	Josiah	Klein	jkleinri@phpbb.com	\N	98a2320735bb3b3885f359d6d3b5e0fd	1989-12-15	+261330758233
992	Martelle	Pearcy	mpearcyrj@storify.com	\N	c1252be8fabd2ac7ece64ade954c2575	1943-05-31	+261343347734
993	Ozzy	Bellenger	obellengerrk@nasa.gov	\N	494ace620ecf86ad222e5c84428ccc47	1982-05-05	+261342928862
994	Olympia	Newall	onewallrl@noaa.gov	\N	930cac039ed935040c64819e6aba44eb	1949-01-11	+261326317139
995	Evania	Karolewski	ekarolewskirm@goodreads.com	\N	4faa9aba8a327731ded0c4157ac287dd	1953-12-11	+261349336391
996	Nara	Sola	nsolarn@washington.edu	\N	e715565880d3cf32d8f2a8e58f5a3943	1959-11-22	+261328719717
997	Jennifer	Jervois	jjervoisro@phoca.cz	\N	b2df2ccd559241b660f17fe50bbe6f7e	1983-01-02	+261334191685
998	Elsi	Leithgoe	eleithgoerp@goo.gl	\N	4f9bdf29646e7b7fa3154574d997f1d0	1973-07-23	+261322065496
999	Janine	Frake	jfrakerq@sourceforge.net	\N	4f80d20f471fc84d7b6be62535a1ab7b	1959-03-11	+261343588572
1000	Vicky	Killich	vkillichrr@howstuffworks.com	\N	ba851b8c2fa88d07f0557942f5aec1c0	1965-06-18	+261330251360
1001	vinesh	vinesh	vinesh@gmail.com	\N	b2115ae04fa514655e5673c8c3fba309	1965-06-18	+261330251360
1002	tsinjo	tsinjo	tsinjo@gmail.com	\N	e5150923d7d06f1550566e049a83f2dc	1965-06-18	+261330251360
1003	rakoto	rakoto	rakoto@gmail.com	\N	202cb962ac59075b964b07152d234b70	2001-10-02	+261347182214
\.


--
-- Data for Name: commentaire; Type: TABLE DATA; Schema: public; Owner: tranotsika
--

COPY public.commentaire (id_commentaire, id_publication, id_client, date_commentaire, texte_commentaire, vu) FROM stdin;
1	1	1002	2022-07-09 13:14:33.160357	tena liana ah azafady	f
\.


--
-- Data for Name: detail_tags; Type: TABLE DATA; Schema: public; Owner: tranotsika
--

COPY public.detail_tags (id_detail_tag, id_publication, id_tag) FROM stdin;
1	1	48
2	1	14
3	1	49
4	1	36
5	2	45
6	2	39
7	3	9
8	3	5
9	4	37
10	4	48
11	4	12
12	4	16
13	5	7
14	5	38
15	5	16
16	5	42
17	5	22
18	6	35
19	6	27
20	6	20
21	6	18
22	7	25
23	7	47
24	8	19
25	8	33
26	8	4
27	9	26
28	9	39
29	10	39
30	11	29
31	12	15
32	12	35
33	13	45
34	13	12
35	14	39
36	15	32
37	15	46
38	16	21
39	17	39
40	18	9
41	18	11
42	18	37
43	18	7
44	18	18
45	19	8
46	19	30
47	19	5
48	20	42
49	20	30
51	20	13
52	20	41
53	21	17
54	21	40
55	22	17
56	23	27
57	23	1
58	23	29
59	23	7
60	24	1
61	24	3
62	24	26
63	25	37
64	26	23
65	27	25
66	27	20
67	27	18
68	28	47
69	28	22
70	28	1
71	29	32
72	29	1
73	29	48
74	29	8
75	29	36
76	30	20
77	30	10
78	31	25
79	31	26
80	32	11
81	32	7
82	32	24
83	33	15
84	33	27
85	33	37
86	34	41
87	34	19
88	34	1
89	34	43
90	35	27
91	35	5
92	35	12
93	36	14
94	36	33
95	37	13
96	37	47
97	37	30
98	37	44
99	37	12
100	38	37
101	38	20
102	38	40
103	39	27
104	40	27
105	41	46
106	41	9
107	42	26
108	42	7
109	42	6
110	42	4
111	42	11
112	43	28
113	43	20
115	43	31
116	44	14
117	44	19
118	44	13
119	44	3
120	45	32
121	45	29
122	45	30
123	45	47
124	45	26
125	46	37
126	46	6
127	46	5
128	47	34
129	47	32
130	47	10
131	48	35
132	48	19
133	48	46
134	48	25
135	49	30
136	50	18
137	51	40
138	51	5
139	51	43
140	51	12
141	52	40
142	52	18
143	52	1
144	52	6
145	52	49
146	53	38
147	53	5
148	53	31
149	53	33
150	54	2
151	54	28
152	55	16
153	55	24
154	55	25
155	56	44
156	56	21
157	56	46
158	57	35
159	57	19
160	57	16
161	58	8
162	58	16
163	58	11
164	59	26
165	59	4
166	59	33
167	59	16
168	60	11
169	60	34
170	60	42
171	61	45
172	62	11
173	62	49
174	62	48
175	62	45
177	63	25
178	63	19
179	64	11
180	64	29
181	64	31
182	64	7
183	65	6
184	65	38
185	65	34
186	65	32
187	65	21
188	66	38
189	66	14
190	67	13
191	67	41
192	67	35
193	68	1
194	69	26
196	69	13
197	69	21
198	69	1
199	70	47
200	70	17
201	70	48
202	71	23
203	71	36
204	72	35
205	72	22
206	73	27
207	74	22
208	75	6
209	76	7
210	76	11
211	76	22
212	77	11
213	77	45
214	78	19
215	78	3
216	78	12
217	78	33
218	79	49
219	79	41
220	80	4
221	80	3
222	80	47
223	80	11
224	80	42
225	81	5
226	81	4
227	82	31
228	83	13
229	84	49
230	84	8
231	85	48
232	85	26
233	85	47
234	85	37
235	86	49
236	87	34
237	87	29
238	87	33
239	87	25
240	87	15
241	88	19
242	88	18
243	89	24
244	89	8
245	90	23
246	91	40
247	92	9
248	93	9
249	94	4
250	94	28
251	94	17
252	94	2
253	95	49
254	96	45
256	96	10
257	96	40
259	97	20
260	98	26
261	99	14
262	99	19
263	99	4
264	99	38
265	99	12
266	100	22
267	101	1
268	101	6
269	101	40
270	101	33
271	101	16
272	102	2
273	102	22
274	102	17
275	103	41
276	103	18
277	103	26
278	103	28
279	104	47
280	104	42
281	105	28
282	105	32
283	105	48
284	106	1
285	106	24
286	106	7
287	106	3
288	107	34
289	108	11
290	108	46
291	108	22
292	108	9
293	109	15
294	109	32
295	109	30
296	109	31
297	110	32
298	110	29
299	110	1
300	110	48
301	111	1
302	111	4
303	112	44
304	112	13
305	112	30
306	113	4
307	113	28
308	113	45
309	114	7
310	114	37
311	114	9
312	114	16
313	115	12
314	115	28
315	115	40
316	116	11
317	116	37
318	117	42
319	117	25
320	117	33
321	117	14
323	118	29
324	118	40
325	118	41
326	118	27
327	119	14
328	119	48
329	119	13
330	119	32
331	119	45
332	120	47
333	121	28
334	121	13
335	121	34
336	121	26
337	122	49
338	122	22
339	123	37
340	124	29
341	124	41
342	124	7
343	124	13
344	125	27
345	125	23
346	125	5
347	125	35
348	125	9
349	126	2
350	126	26
351	127	46
353	127	5
354	128	10
355	128	25
356	128	23
357	129	33
358	129	19
359	129	49
360	129	35
361	130	45
362	130	24
363	130	47
364	130	41
365	130	40
366	131	14
367	132	23
368	132	26
369	132	19
370	132	45
371	133	16
372	133	46
373	133	49
374	134	47
375	134	18
376	135	44
377	136	37
378	137	41
379	137	39
380	137	8
381	138	38
382	138	45
383	138	4
384	139	45
385	139	18
386	139	42
387	139	2
388	140	10
389	140	21
390	140	25
391	140	43
392	141	3
393	141	27
394	142	34
395	142	46
396	142	22
397	143	24
398	143	21
399	143	48
400	143	42
401	144	26
402	144	49
404	144	30
405	144	25
406	145	9
407	145	46
408	145	13
409	145	30
410	146	31
411	146	2
412	146	6
413	147	7
414	147	40
415	147	30
416	147	45
417	148	42
418	148	44
419	148	23
420	148	36
421	148	29
422	149	37
423	150	12
424	150	31
425	150	26
426	151	38
427	151	16
428	152	38
429	153	41
430	153	25
431	153	5
432	153	14
433	154	15
434	154	1
435	155	3
436	156	14
437	157	37
438	157	42
440	157	11
441	157	38
442	158	44
443	159	1
444	159	25
445	160	49
446	160	3
447	161	7
449	161	16
450	162	47
451	162	32
452	162	7
453	162	20
454	163	20
455	163	27
456	163	38
457	163	18
458	163	32
459	164	2
460	164	18
461	165	27
462	165	15
463	165	48
464	166	11
465	167	29
466	167	33
467	167	42
468	167	30
469	167	47
470	168	41
471	168	34
473	168	19
474	169	13
475	169	20
476	170	20
477	171	21
478	172	11
479	172	40
480	172	46
481	172	23
482	173	26
483	174	29
484	175	9
485	175	48
486	176	1
487	176	39
488	176	7
489	176	17
490	177	7
491	177	17
492	177	31
493	178	9
494	178	24
495	178	26
496	178	19
497	179	6
498	179	47
499	179	48
500	179	44
501	179	33
502	180	7
503	180	2
504	180	37
505	181	38
506	181	3
507	181	47
508	182	10
509	182	3
510	183	21
511	183	36
512	183	45
513	184	21
514	184	37
515	184	8
516	184	17
517	184	44
518	185	46
519	185	34
520	185	2
521	185	35
522	185	30
523	186	37
524	187	36
525	187	17
526	187	18
527	188	44
528	189	14
529	189	4
530	189	7
531	190	37
532	190	36
533	190	29
534	190	16
535	190	20
536	191	43
537	191	10
538	191	44
539	191	20
540	192	42
541	193	2
542	193	23
543	194	49
544	194	37
545	195	14
546	195	34
547	195	31
548	195	21
549	195	39
550	196	17
551	196	45
552	196	37
553	196	38
554	197	33
555	197	46
556	197	16
557	197	10
558	197	13
559	198	39
560	198	31
561	198	1
562	199	44
563	199	43
564	199	29
566	200	33
567	200	39
568	201	44
569	201	47
570	202	47
571	203	42
572	203	27
573	203	24
574	203	33
575	203	26
576	204	7
577	204	36
578	205	47
579	205	21
580	206	40
581	206	37
582	207	18
583	208	29
584	208	12
586	209	35
588	209	44
589	209	22
590	210	7
591	210	37
592	210	47
593	211	29
594	211	1
595	211	13
596	211	37
597	212	6
598	212	2
599	212	15
600	212	1
601	213	27
602	214	33
603	215	34
604	215	18
605	215	19
606	215	10
607	216	39
608	216	3
609	216	7
610	216	14
611	217	19
612	217	33
613	218	22
614	218	11
615	218	16
616	218	23
618	219	23
619	219	11
620	219	29
621	219	27
622	220	40
623	220	8
624	220	28
625	221	36
626	221	26
627	221	2
628	221	38
629	221	10
630	222	18
631	223	8
632	223	36
633	224	12
634	225	41
635	225	26
636	225	29
637	226	31
638	227	29
639	228	36
640	228	3
641	229	12
642	229	30
643	229	11
644	230	23
645	230	26
646	230	7
647	230	41
648	231	21
649	232	37
650	233	17
651	233	18
652	233	6
653	234	3
654	234	39
655	234	37
656	235	43
657	235	28
658	235	23
659	235	6
660	235	42
661	236	29
662	236	33
663	236	37
664	236	39
665	237	41
666	237	48
667	237	28
668	238	22
669	238	11
670	238	49
671	238	24
672	239	10
673	239	5
674	240	24
675	240	46
676	241	47
677	241	14
678	241	31
679	241	45
680	242	36
681	242	7
682	242	30
683	242	41
684	242	4
685	243	30
686	243	13
687	243	36
688	243	1
689	243	45
690	244	25
691	244	39
692	244	15
693	245	20
694	245	22
695	245	49
696	245	30
697	246	44
698	246	35
699	246	24
700	247	38
701	247	24
702	247	39
703	247	29
704	247	37
705	248	28
706	248	27
707	249	22
708	249	8
709	249	19
710	249	27
711	250	31
712	250	35
713	250	28
714	251	30
715	251	9
716	251	17
718	251	34
719	252	27
720	253	39
721	254	44
722	254	13
723	254	43
724	254	22
725	255	32
726	255	34
727	255	28
729	255	36
730	256	22
731	256	27
732	256	39
733	256	24
734	257	24
735	257	26
736	258	26
737	258	36
738	259	25
739	259	48
740	259	20
741	259	47
742	260	48
743	261	31
744	261	33
745	262	24
746	262	19
747	263	3
748	263	12
750	263	22
751	263	19
752	264	6
753	264	3
754	264	45
755	264	9
757	265	26
758	265	14
759	266	4
760	266	6
761	266	49
762	266	26
763	266	20
764	267	24
765	267	31
766	267	21
767	267	35
768	268	49
769	268	30
770	269	32
771	270	43
772	270	38
773	270	8
774	270	27
775	271	45
777	271	3
778	271	13
779	271	24
780	272	33
781	272	29
782	273	36
783	273	16
784	273	34
785	273	20
786	274	3
787	274	1
788	274	37
789	275	3
790	275	33
791	276	36
792	276	11
793	276	14
794	277	38
795	277	4
796	277	6
797	277	10
798	277	35
799	278	48
800	278	17
801	278	33
802	278	22
803	278	5
804	279	20
805	280	21
806	280	23
807	280	34
808	280	6
809	281	46
810	282	23
811	282	42
812	282	48
813	283	15
814	283	8
815	283	27
816	283	2
817	283	20
818	284	7
819	284	27
820	284	12
821	285	10
822	286	36
823	287	13
824	287	11
825	288	5
826	288	39
827	288	25
828	288	7
829	288	17
830	289	18
831	289	36
832	289	7
833	289	17
834	290	47
835	290	10
836	290	35
837	290	34
838	291	23
839	291	13
840	291	43
841	291	4
842	292	40
843	292	12
844	293	44
846	293	20
847	293	46
848	293	45
849	294	30
850	294	4
851	294	16
852	294	38
853	294	9
854	295	19
855	295	15
856	295	3
857	295	11
858	295	33
859	296	2
860	296	18
861	297	48
862	297	20
863	297	7
864	297	23
865	298	28
866	299	10
867	299	22
868	300	6
869	300	19
870	300	48
871	300	26
872	301	28
873	301	2
874	301	6
875	301	22
876	301	3
877	302	15
878	303	48
879	303	26
880	304	36
881	304	40
882	304	1
883	305	28
884	305	43
885	305	40
886	306	13
887	306	6
888	306	39
889	306	32
890	306	20
891	307	20
892	307	38
893	308	20
894	308	40
895	309	41
896	310	24
897	310	13
898	310	20
899	310	34
901	311	43
902	312	20
903	313	19
904	314	25
905	315	35
906	315	23
907	316	28
908	317	8
909	317	38
910	318	40
911	318	18
912	318	16
913	318	42
914	319	37
915	319	8
916	319	19
917	320	10
918	320	14
919	320	48
920	320	29
921	321	1
922	321	35
923	321	22
924	321	4
925	321	12
926	322	8
927	322	39
928	322	5
929	323	22
930	323	37
931	323	33
932	323	47
933	323	4
934	324	18
935	324	24
936	324	35
937	325	29
938	326	17
939	326	13
940	326	34
941	326	35
942	327	28
943	327	3
945	327	14
946	327	34
947	328	21
948	328	34
949	328	18
950	328	13
952	329	41
953	329	29
955	329	30
956	330	12
957	330	7
958	330	14
959	330	27
960	331	26
961	331	27
962	331	19
963	332	45
964	332	30
966	332	18
967	332	46
968	333	12
969	333	28
970	334	5
971	335	3
972	335	19
973	335	47
974	336	12
975	336	13
976	336	21
977	336	2
978	337	25
979	337	46
980	338	17
981	338	13
982	338	34
983	338	20
984	339	3
985	339	38
986	339	1
987	339	22
988	339	16
989	340	11
990	340	28
991	341	29
992	341	2
993	342	32
994	343	25
995	343	3
996	343	44
997	344	41
998	344	45
999	345	47
1000	345	3
1001	345	31
1002	345	11
1003	345	14
1004	346	25
1005	347	28
1006	348	32
1007	348	7
1008	348	43
1009	348	40
1010	349	42
1011	349	23
1012	349	49
1013	349	13
1014	349	20
1015	350	43
1016	350	23
1017	351	25
1018	352	24
1019	352	48
1020	352	41
1022	353	36
1023	353	49
1024	353	42
1025	354	8
1026	354	34
1028	354	13
1029	354	45
1030	355	1
1031	355	17
1032	355	24
1033	355	38
1034	355	29
1035	356	1
1036	356	6
1037	356	17
1038	356	13
1039	357	44
1040	357	16
1041	357	19
1042	357	22
1043	358	38
1044	358	40
1045	359	26
1046	359	41
1047	359	4
1048	359	12
1049	360	16
1050	360	15
1051	360	38
1052	360	31
1053	360	44
1054	361	19
1055	361	47
1056	361	20
1057	361	24
1058	362	4
1059	362	41
1060	363	39
1061	363	2
1062	363	22
1063	363	13
1064	363	10
1065	364	15
1066	364	47
1067	364	19
1068	365	3
1069	365	32
1070	365	8
1071	365	14
1072	365	24
1073	366	46
1074	366	38
1075	366	34
1076	366	27
1077	367	40
1078	367	7
1079	367	26
1080	367	8
1081	368	23
1082	368	38
1083	368	19
1084	369	45
1085	369	9
1086	369	24
1087	369	40
1088	369	41
1089	370	25
1090	370	16
1091	371	4
1092	371	19
1093	371	32
1094	372	29
1095	372	32
1096	372	15
1097	372	13
1098	373	43
1099	373	39
1100	373	25
1101	374	26
1102	374	48
1103	375	39
1104	375	32
1105	375	21
1106	375	20
1107	376	31
1108	377	9
1109	377	36
1110	378	13
1111	379	15
1112	379	22
1113	379	48
1114	379	39
1115	379	1
1116	380	30
1117	380	13
1118	380	2
1119	380	20
1120	380	26
1121	381	28
1122	382	42
1123	382	41
1124	383	33
1125	383	46
1127	383	3
1128	384	21
1129	384	8
1130	384	27
1131	385	26
1132	385	22
1133	385	49
1134	385	15
1135	385	47
1136	386	39
1137	386	19
1138	386	14
1140	386	36
1141	387	48
1142	387	11
1143	387	39
1144	387	23
1145	388	47
1146	388	12
1147	388	33
1148	388	45
1149	388	30
1150	389	24
1151	389	42
1152	390	39
1153	390	21
1154	390	22
1155	391	38
1156	391	23
1157	391	7
1158	391	25
1159	391	39
1160	392	22
1161	392	48
1162	392	6
1163	392	39
1164	393	12
1165	393	11
1166	393	48
1167	393	44
1168	394	25
1169	395	11
1170	395	18
1171	395	31
1172	396	6
1173	396	5
1174	396	7
1175	397	1
1176	397	45
1177	398	11
1178	398	1
1179	398	22
1180	398	5
1181	398	7
1182	399	3
1183	400	43
1184	400	24
1185	400	41
1186	400	20
1187	401	18
1188	401	8
1189	401	4
1190	401	9
1191	401	44
1192	402	16
1193	402	12
1194	402	37
1195	403	20
1196	403	33
1197	403	14
1198	404	8
1199	404	42
1200	405	7
1201	405	8
1202	405	13
1203	406	30
1204	407	7
1205	407	22
1207	408	37
1208	408	23
1209	408	9
1210	408	2
1211	409	21
1212	409	7
1213	410	36
1214	411	40
1215	411	5
1216	412	48
1217	412	12
1218	412	11
1219	413	33
1220	414	35
1221	414	32
1222	415	9
1223	416	2
1224	417	35
1225	417	38
1226	417	45
1227	417	14
1228	417	47
1229	418	32
1230	418	18
1231	419	44
1232	419	32
1233	419	21
1234	419	14
1235	420	29
1236	420	2
1237	420	46
1238	420	30
1239	421	13
1240	421	42
1241	421	46
1242	422	42
1243	422	9
1244	422	27
1245	422	46
1246	423	26
1247	423	21
1248	423	5
1249	423	39
1250	424	42
1251	425	25
1252	425	19
1253	425	48
1254	425	41
1255	426	29
1256	426	24
1257	426	40
1258	426	15
1259	426	33
1260	427	37
1261	427	4
1262	427	38
1263	428	5
1264	429	40
1265	429	46
1266	430	20
1267	430	35
1268	430	12
1269	430	45
1270	430	36
1271	431	25
1272	432	19
1273	432	26
1274	432	24
1275	432	3
1276	432	48
1277	433	45
1278	433	42
1279	433	24
1280	433	20
1281	434	43
1282	434	18
1283	434	1
1284	434	31
1285	435	1
1286	436	46
1287	436	15
1288	437	34
1289	437	1
1290	437	41
1291	437	35
1292	438	41
1293	439	5
1294	439	37
1295	439	19
1296	440	17
1297	440	10
1298	441	37
1299	441	42
1300	441	49
1301	441	43
1302	442	27
1303	443	11
1304	443	20
1306	444	42
1307	444	6
1308	444	18
1309	444	26
1310	444	31
1311	445	13
1312	446	1
1313	446	17
1314	446	12
1315	446	32
1316	446	23
1317	447	32
1318	448	32
1319	448	39
1320	448	31
1321	448	22
1322	448	40
1323	449	33
1324	450	7
1325	451	31
1326	451	38
1327	451	19
1328	451	27
1329	452	3
1330	452	18
1331	452	44
1332	453	37
1333	454	19
1334	454	35
1335	454	30
1336	455	30
1337	455	33
1338	455	10
1339	455	42
1340	456	32
1341	456	13
1342	456	30
1343	456	12
1344	457	21
1345	457	27
1346	458	38
1347	458	40
1348	458	46
1349	458	25
1350	458	35
1351	459	17
1352	459	38
1353	459	43
1354	459	28
1355	460	45
1356	460	23
1357	460	34
1358	461	40
1359	462	9
1361	462	35
1363	463	3
1365	463	15
1366	463	43
1367	464	3
1368	464	2
1369	464	11
1370	464	21
1371	465	12
1372	466	27
1373	467	13
1374	467	9
1375	467	2
1376	467	48
1377	468	40
1378	468	3
1379	468	4
1380	468	43
1381	468	27
1382	469	2
1383	470	5
1384	470	40
1385	470	44
1386	470	32
1387	471	48
1388	472	32
1389	472	35
1390	472	33
1391	472	19
1392	473	47
1393	473	6
1394	474	11
1395	474	28
1396	474	43
1397	475	28
1398	475	5
1399	475	11
1400	476	2
1401	476	21
1402	476	45
1403	476	30
1404	477	38
1405	477	42
1406	477	17
1407	477	24
1408	478	32
1409	478	25
1410	478	19
1411	479	28
1412	479	19
1413	479	13
1414	479	14
1415	479	23
1416	480	46
1417	480	6
1418	480	11
1419	481	48
1420	481	26
1421	482	33
1422	482	9
1423	482	34
1425	483	40
1426	484	14
1427	484	45
1428	485	30
1429	485	19
1430	485	22
1431	485	10
1432	485	45
1433	486	25
1434	486	28
1435	487	7
1436	487	36
1437	488	44
1438	489	13
1439	490	15
1440	491	20
1442	491	14
1443	492	30
1444	493	39
1445	494	26
1446	494	41
1447	494	27
1448	495	17
1449	495	41
1450	495	46
1451	495	23
1452	495	47
1453	496	48
1454	496	13
1455	497	20
1456	497	4
1457	498	20
1458	499	5
1459	500	29
1460	500	34
1461	500	1
1462	500	8
1463	501	23
1464	501	27
1465	501	31
1466	501	34
1467	501	41
1468	501	43
1469	501	44
1470	501	45
1471	501	46
1472	501	47
\.


--
-- Data for Name: detail_utilite; Type: TABLE DATA; Schema: public; Owner: tranotsika
--

COPY public.detail_utilite (id_detail_utilite, id_utilite, id_publication) FROM stdin;
1	2	1
2	3	1
3	1	1
4	2	2
5	3	2
7	2	3
8	1	3
10	3	4
11	1	5
12	3	6
13	1	7
14	2	7
15	3	7
16	1	8
19	2	9
20	3	9
21	3	10
22	3	11
23	2	11
24	1	12
25	2	12
27	1	13
28	2	14
29	1	14
30	3	14
31	1	15
32	2	15
33	3	15
34	3	16
35	2	16
36	1	17
37	3	18
38	3	19
39	2	20
40	3	20
41	1	20
42	2	21
43	2	22
44	2	23
45	2	24
46	3	24
47	1	24
48	2	25
49	1	25
50	2	26
51	1	26
52	1	27
53	2	27
54	1	28
55	3	28
57	2	29
58	3	29
59	1	29
60	3	30
61	2	31
62	1	31
64	1	32
66	2	32
67	2	33
68	3	34
69	1	35
70	1	36
71	2	36
72	3	36
73	2	37
75	2	38
76	1	38
77	2	39
78	1	39
80	3	40
81	1	40
82	2	41
84	3	41
85	2	42
86	3	42
87	3	43
88	1	43
89	2	43
90	3	44
91	2	44
93	1	45
94	2	46
95	1	46
96	3	46
97	3	47
98	3	48
101	1	49
102	1	50
103	1	51
104	3	51
106	2	52
107	2	53
108	1	54
109	2	54
110	3	55
111	2	55
112	3	56
113	1	56
114	2	57
115	1	58
116	1	59
117	1	60
118	3	61
119	1	61
120	2	61
121	2	62
122	3	62
124	3	63
126	2	64
127	2	65
128	1	65
129	3	66
130	1	67
131	2	68
133	2	69
134	3	69
135	1	70
136	3	70
137	3	71
138	1	71
139	2	72
141	1	72
142	1	73
143	2	74
144	3	74
145	1	74
146	1	75
147	1	76
148	3	76
149	2	76
150	1	77
151	3	78
153	2	78
154	1	79
155	2	79
156	3	79
157	2	80
158	3	80
160	3	81
161	1	82
162	3	83
163	2	83
164	3	84
165	1	84
166	1	85
167	3	85
168	2	86
171	1	87
173	3	88
174	1	88
175	1	89
176	3	89
178	1	90
180	2	91
181	1	92
183	2	93
184	1	94
185	3	94
187	1	95
188	2	95
189	3	96
190	3	97
191	1	97
193	2	98
194	1	99
195	2	100
196	3	101
198	2	101
199	3	102
201	1	102
202	2	103
204	3	103
205	1	104
206	3	104
207	2	105
209	3	105
210	1	106
211	3	106
213	1	107
215	2	107
216	2	108
217	3	109
218	3	110
220	3	111
221	2	112
222	3	113
223	2	114
224	3	114
226	1	115
227	2	116
228	3	116
230	3	117
231	1	117
232	3	118
234	2	118
235	2	119
236	1	119
237	3	119
238	3	120
239	3	121
240	2	121
241	1	121
242	3	122
243	3	123
244	2	123
246	3	124
247	1	124
249	2	125
250	1	126
252	2	126
253	2	127
254	3	127
255	1	128
256	1	129
257	3	130
258	1	130
260	3	131
261	2	131
263	3	132
264	2	133
266	1	133
267	2	134
268	3	135
271	2	136
272	1	136
273	2	137
275	1	138
276	2	139
277	2	140
278	3	140
279	1	140
280	2	141
281	2	142
282	1	142
284	2	143
285	2	144
287	3	145
288	1	145
290	3	146
291	3	147
292	2	147
294	1	148
296	3	149
297	1	149
298	1	150
299	3	151
300	2	151
301	1	151
302	3	152
303	3	153
304	3	154
305	1	154
307	3	155
309	3	156
312	3	157
313	2	157
314	1	157
315	1	158
316	1	159
318	2	160
319	3	160
320	2	161
322	1	161
323	3	162
324	1	162
325	3	163
326	1	163
327	1	164
328	2	165
329	1	165
330	1	166
331	2	166
332	1	167
333	1	168
334	3	169
336	3	170
337	1	170
338	2	171
340	3	172
341	2	172
342	1	172
343	2	173
345	3	174
346	1	175
347	2	175
348	1	176
349	2	177
350	3	177
351	2	178
352	3	178
353	1	179
354	3	179
355	2	179
356	1	180
357	2	180
359	1	181
360	2	181
361	1	182
362	3	182
363	1	183
364	2	183
366	2	184
367	3	185
368	2	186
370	1	187
373	3	188
374	1	189
375	2	189
377	2	190
378	1	190
379	2	191
381	3	192
382	2	192
384	3	193
386	2	193
387	1	194
388	2	194
389	2	195
391	3	195
392	1	196
394	2	196
395	3	197
396	1	197
398	3	198
399	1	199
400	2	199
401	1	200
402	2	200
404	1	201
405	2	201
406	1	202
408	2	202
409	2	203
411	1	204
412	1	205
415	2	206
417	3	207
418	3	208
419	2	209
420	2	210
422	1	210
423	1	211
425	2	211
426	2	212
428	2	213
429	1	213
430	2	214
431	1	214
432	1	215
433	2	216
434	3	216
435	1	216
436	2	217
437	3	217
438	3	218
439	1	219
440	2	220
442	1	221
443	3	221
445	1	222
446	3	223
447	3	224
448	1	224
450	3	225
451	1	225
452	2	225
453	3	226
454	3	227
455	1	228
456	2	228
457	1	229
458	2	230
460	1	231
461	2	231
462	3	232
463	2	233
466	1	234
467	3	235
469	2	236
471	1	237
472	1	238
473	2	239
474	3	239
476	1	240
477	2	240
478	3	240
479	1	241
480	2	242
481	1	242
483	3	243
484	1	243
485	2	243
486	1	244
487	2	244
488	3	244
489	1	245
490	3	246
492	3	247
493	3	248
494	1	249
495	2	249
496	1	250
497	1	251
498	2	252
500	3	253
502	1	254
503	2	254
505	2	255
506	3	255
507	3	256
508	3	257
509	2	258
510	3	258
511	1	259
512	3	259
513	2	259
514	2	260
515	3	260
516	1	260
517	2	261
518	3	262
520	1	262
521	1	263
522	2	263
524	1	264
526	3	265
528	2	266
529	3	267
530	1	267
531	2	267
532	1	268
533	2	268
535	3	269
536	2	270
539	1	271
540	3	271
541	2	271
542	2	272
543	1	272
544	3	272
545	2	273
546	1	274
547	3	274
548	1	275
549	2	275
551	1	276
552	3	276
553	2	277
554	1	277
556	2	278
557	1	279
559	3	279
560	1	280
561	2	281
562	3	281
564	1	282
565	1	283
566	2	284
567	1	284
568	3	284
569	2	285
570	1	285
571	3	286
572	3	287
573	1	288
574	2	288
576	1	289
577	2	289
578	3	289
579	3	290
581	3	291
582	1	291
584	1	292
585	2	293
588	2	294
589	1	295
590	2	295
592	3	296
593	3	297
594	1	297
595	2	297
596	2	298
598	3	298
599	2	299
600	2	300
601	2	301
603	1	301
604	2	302
605	1	303
607	2	303
608	1	304
609	2	304
610	2	305
611	3	306
613	2	306
614	1	307
615	2	308
616	3	308
617	1	308
618	2	309
619	1	309
620	2	310
621	1	310
623	1	311
624	2	311
626	3	312
628	2	313
630	3	314
631	1	315
632	2	315
634	2	316
635	3	317
637	1	317
638	3	318
640	2	318
641	3	319
642	1	319
643	3	320
644	2	321
645	3	321
647	3	322
648	2	322
649	1	322
650	2	323
651	2	324
652	1	324
653	3	324
654	1	325
655	1	326
656	2	327
657	1	327
658	3	328
659	2	328
660	2	329
662	1	329
663	1	330
664	2	330
665	1	331
666	2	332
667	1	332
668	3	332
669	2	333
671	2	334
673	1	334
674	3	335
675	1	336
676	2	336
677	2	337
678	3	337
679	3	338
680	1	339
682	3	339
683	2	340
684	1	340
686	2	341
687	2	342
688	3	342
690	1	343
692	3	343
693	1	344
695	1	345
696	3	346
697	2	346
698	3	347
699	2	347
700	1	347
701	1	348
702	3	348
703	2	348
704	1	349
706	3	350
708	2	351
709	3	351
710	2	352
712	3	352
713	1	353
715	1	354
716	3	354
717	3	355
718	2	356
719	3	356
720	2	357
721	3	357
723	2	358
724	1	359
725	3	359
726	1	360
727	3	361
728	2	361
730	3	362
731	3	363
732	3	364
733	3	365
735	3	366
737	3	367
739	1	367
740	3	368
741	2	368
743	1	369
745	3	370
746	1	370
748	3	371
749	2	371
750	1	371
751	3	372
753	3	373
754	1	374
755	3	375
756	2	375
758	1	376
759	3	376
760	2	376
761	2	377
762	2	378
763	1	378
764	1	379
765	3	380
766	1	380
767	3	381
770	1	382
771	3	382
772	2	382
773	3	383
774	2	383
776	2	384
778	3	385
779	1	386
781	2	387
783	2	388
786	2	389
787	3	390
788	2	390
789	1	391
790	3	392
791	1	393
792	2	393
793	1	394
794	3	395
795	3	396
796	1	396
797	2	396
798	3	397
799	2	397
800	3	398
802	1	399
803	2	400
804	2	401
805	1	401
807	2	402
809	3	402
810	1	403
812	3	403
813	1	404
814	2	404
816	3	405
818	1	406
819	3	406
821	2	407
822	3	407
823	1	408
824	3	409
825	2	410
826	1	410
827	3	410
828	2	411
829	1	412
830	3	412
832	1	413
833	2	413
834	2	414
836	1	415
837	3	416
838	1	417
840	2	418
841	2	419
842	3	419
843	1	420
845	1	421
846	1	422
849	1	423
850	1	424
852	3	424
853	1	425
854	3	426
855	2	426
856	2	427
857	3	427
858	1	428
859	3	428
860	1	429
862	1	430
863	1	431
864	3	432
865	2	432
866	1	432
867	3	433
869	1	434
870	3	434
871	1	435
872	2	435
874	1	436
875	2	436
876	3	437
877	2	437
878	2	438
879	1	438
881	3	439
882	1	439
883	3	440
884	3	441
885	1	441
886	3	442
887	1	443
888	1	444
889	2	444
890	1	445
892	2	446
893	1	446
894	3	446
895	2	447
896	1	448
897	2	448
898	3	448
899	1	449
901	2	450
902	1	451
903	3	451
905	3	452
907	3	453
908	1	453
909	2	454
910	3	454
912	3	455
913	2	455
914	1	456
917	3	457
918	2	458
919	3	458
920	1	458
921	2	459
922	3	459
923	1	459
924	2	460
925	1	460
927	2	461
928	1	461
929	3	461
930	1	462
932	3	463
933	3	464
935	2	465
937	1	466
938	2	466
940	1	467
941	2	468
942	1	468
943	3	468
944	1	469
945	2	469
947	3	470
949	3	471
950	2	472
953	2	473
954	1	473
955	3	473
956	1	474
957	2	475
959	1	475
960	1	476
961	2	477
962	1	478
965	1	479
966	3	480
967	2	481
969	2	482
971	3	483
972	2	484
973	3	484
974	1	484
975	2	485
976	3	485
977	2	486
978	2	487
980	3	487
981	2	488
982	2	489
983	3	489
984	3	490
985	1	490
986	2	490
987	1	491
988	2	491
989	3	492
990	2	493
991	2	494
993	1	494
994	2	495
995	1	496
996	2	496
997	3	496
998	3	497
1000	2	498
1002	1	498
1003	3	499
1005	2	499
1006	1	500
1007	2	500
\.


--
-- Data for Name: localisation; Type: TABLE DATA; Schema: public; Owner: tranotsika
--

COPY public.localisation (id_localisation, nom_lieu) FROM stdin;
1	Alarobia Vatosola
2	Alatsinainy Bakaro
3	Ambohimiadana
4	Andohariana
5	Andramasina
6	Anosibe Trimoloharano
7	Antotohazo
8	Fitsinjovana Bakaro
9	Mandrosoa
10	Sabotsy Ambohitromby
11	Sabotsy Manjakavahoaka
12	Tankafatra
13	Ambato
14	Ambatolampy Tsimahafotsy
15	Ambohidratrimo
16	Ambohimanjaka
17	Ambohimpihaonana
18	Ambohitrimanjaka
19	Ampangabe
20	Ampanotokana
21	Anjanadoria
22	Anosiala
23	Antanetibe
24	Antehiroka
25	Antsahafilo
26	Avaratsena
27	Fiadanana
28	Iarinarivo
29	Ivato Aeroport
30	Ivato Firaisana
31	Mahabo
32	Mahereza
33	Mahitsy
34	Mananjara
35	Manjakavaradrano
36	Merimandroso
37	Talatamaty
38	Alakamisy
39	Ambatomanoina
40	Amboasary
41	Ambohibary
42	Ambohimanarina Marovazaha
43	Ambohimirary
44	Ambongamarina
45	Amparatanjona
46	Analaroa
47	Anjozorobe
48	Antanetibe
49	Belanitra
50	Beronono
51	Betatao
52	Mangamila
53	Marotsipoy
54	Tsarasaotra Andona
55	Androvakely
56	Ambohitromby
57	Ambolotarakely
58	Ankazobe
59	Antakavana
60	Antotohazo
61	Fiadanana
62	Fihaonana
63	Kiangara
64	Mahavelona
65	Marondry
66	Miantso
67	Talata-Angavo
68	Tsaramasoandro
69	Alakamisy Fenoarivo
70	Alatsinainy Ambazaha
71	Ambalavao
72	Ambatofahavalo
73	Ambavahaditokana
74	Ambohidrapeto
75	Ambohijanaka
76	Ampahitrosy
77	Ampanefy
78	Ampitatafika
79	Andoharanofotsy
80	Andranonahoatra
81	Androhibe
82	Ankadimanga
83	Ankaraobato
84	Anosizato Andrefana
85	Antanetikely
86	Bemasoandro
87	Bongatsara
88	Fenoarivo
89	Fiombonana
90	Itaosy
91	Soalandy
92	Soavina
93	Tanjombato
94	Tsiafahy
95	Alasora
96	Ambohimalaza Miray
97	Ambohimanambola
98	Ambohimanga Rova
99	Ambohimangakely
100	Anjeva Gara
101	Ankadikely Ilafy
102	Ankadinandriana
103	Fieferana
104	Manandriana
105	Masindray
106	Sabotsy Namehana
107	Talata Volonondry
108	Viliahazo
109	Alarobia
110	Ambanitsena
111	Ambatolaona
112	Ambatomanga
113	Ambatomena
114	Ambohibao Sud
115	Ambohibary
116	Ambohitrandriamanitra
117	Ambohitrolomahitsy
118	Ambohitrony
119	Ambohitseheno
120	Ampaneva
121	Anjepy
122	Anjoma Betoho
123	Ankazodandy
124	Antsahalalina
125	Manjakandriana
126	Mantasoa
127	Merikanjaka
128	Miadanandriana
129	Nandihizana Carion
130	Ranovao
131	Sadabe
132	Sambaina
133	Soavinandriana (Ambohidratrimoanala)
134	Ambatomainty Sud
135	Ambohitromby
136	Fenoarivo-Be
137	Firavahana
138	Kiranomena
139	Mahajeby
140	Morarano Maritampona
141	Tsinjoarivo 22 
142	Ambalanirana
143	Ambararatabe
144	Ambatolampy
145	Ankadinondry Sakay
146	Ankerana Nord
147	Anosy
148	Belobaka
149	Bemahatazana
150	Bevato
151	Fierenana
152	Mahasolo
153	Maroharona
154	Maritampona
155	Miandrarivo
156	Soanierana
157	Tsinjoarivo-Imanga
158	Tsiroamandidy Fihaonana
159	Tsiroamandidy Ville
160	Alakamisikely
161	Ambatomanga
162	Ambatomirahavavy
163	Amboanana
164	Ambohimandry
165	Ambohimasina
166	Ambohipandrano
167	Ambohitrambo
168	Ampahimanga
169	Andranomiely
170	Antambolo
171	Antenimbe
172	Arivonimamo
173	Arivonimamo Ii
174	Imerintsiatosika
175	Mahatsinjo Est
176	Manalalondo
177	Marofangady
178	Miandrandra
179	Miantsoarivo
180	Morafeno
181	Alatsinainikely
182	Ambatomanjaka
183	Analavory
184	Andolofotsy
185	Anosibe-Ifanja
186	Antoby Est 
187	Manazary
188	Mandiavato
189	Miarinarivo
190	Miarinarivo II
191	Sarobaratra
192	Soamahamanina
193	Soavimbazaha
194	Zoma Bealoka
195	Ambatoasana Centre
196	Amberomanga
197	Amparaky
198	Amparibohitra
199	Ampary
200	Ampefy
201	Ankaranana
202	Ankisabe
203	Antanetibe
204	Dondona
205	Mahavelona
206	Mananasy
207	Masindray
208	Soavinandriana
209	Tamponala
210	Ambatolampy
211	Ambatondrakalavao
212	Ambodifarihy Fenomanana
213	Ambohimpihaonana
214	Andranovelona
215	Andravola Vohipeno
216	Andriambilany
217	Antakasina
218	Antanamalaza
219	Antanimasaka
220	Antsampandrano
221	Behenjy
222	Belambo Firaisana
223	Manjakatompo
224	Morarano
225	Sabotsy Namotana
226	Tsiafajavona Ankaratra
227	Tsinjoarivo
228	Ambatolahy
229	Ambatomiady
230	Ambatotsipihana
231	Ambodiarina
232	Ambohimandroso
233	Ambohitompoina
234	Ampitatafika
235	Andranofito
236	Antanifotsy
237	Antsahalava
238	Antsampandrano
239	Belanitra
240	CU Antsirabe
241	Alakamisy
242	Alatsinainy Ibity
243	Ambano
244	Ambatomena
245	Ambohibary
246	Ambohidranandriana
247	Ambohimiarivo
248	Ambohitsimanova
249	Andranomanelatra
250	Antanambao
251	Antanimandry
252	Antsoantany
253	Belazao
254	Mandrosohasina
255	Mangarano
256	Sahanivotry Manandona
257	Soanindrariny
258	Tsarahonenana Sahanivotry
259	Vinanikarena
260	Manandona 
261	Alakamisy Anativato
262	Alakamisy Marososona
263	Alarobia Bemaha
264	Ambatonikolahy
265	Ambohimanambola
266	Ambohimasina
267	Andranomafana
268	Andrembesoa
269	Anosiarivo Manapa
270	Antohobe
271	Antsoso
272	Betafo
273	Inanantonana
274	Mahaiza
275	Mandritsara
276	Manohisoa
277	Soavina
278	Tritriva
279	Anjoma Ramartina
280	Ankazomiriotra
281	Antanambao Ambary
282	Betsohana
283	Fidirana
284	Mandoto
285	Vasiana
286	Vinany
287	Ambohiborona
288	Andranomiady
289	Antsampanimahazo
290	Faratsiho
291	Miandrarivo
292	Ramainandro
293	Valabetokana
294	Faravohitra
295	Vinaninony Sud
\.


--
-- Data for Name: message; Type: TABLE DATA; Schema: public; Owner: tranotsika
--

COPY public.message (id_message, id_publication, id_client_sender, id_client_receiver, date_envoye, message_texte, vu) FROM stdin;
\.


--
-- Data for Name: parametre; Type: TABLE DATA; Schema: public; Owner: tranotsika
--

COPY public.parametre (id_parametre, designation, valeur) FROM stdin;
2	abonnement	20000
1	boost	15000
\.


--
-- Data for Name: photo; Type: TABLE DATA; Schema: public; Owner: tranotsika
--

COPY public.photo (id_photo, lien_photo, id_publication) FROM stdin;
1	image19.jpg	1
2	image9.jpg	1
3	image10.jpg	1
4	image8.jpg	2
5	image15.jpg	2
6	image6.jpg	2
7	image17.jpg	3
8	image8.jpg	3
9	image12.jpg	3
10	image7.jpg	4
11	image14.jpg	4
12	image7.jpg	4
13	image2.jpg	4
14	image2.jpg	5
15	image17.jpg	5
16	image13.jpg	5
17	image9.jpg	5
18	image4.jpg	6
19	image4.jpg	6
20	image2.jpg	6
21	image18.jpg	6
22	image14.jpg	7
23	image3.jpg	7
24	image1.jpg	7
25	image9.jpg	7
26	image17.jpg	8
27	image12.jpg	9
28	image13.jpg	9
29	image14.jpg	9
30	image18.jpg	9
31	image16.jpg	10
32	image18.jpg	10
33	image10.jpg	11
34	image6.jpg	12
35	image9.jpg	13
36	image15.jpg	13
37	image13.jpg	14
38	image16.jpg	14
39	image3.jpg	15
40	image2.jpg	15
41	image10.jpg	16
42	image12.jpg	16
43	image19.jpg	17
44	image18.jpg	18
45	image9.jpg	19
46	image4.jpg	19
47	image17.jpg	19
48	image9.jpg	20
49	image2.jpg	20
50	image7.jpg	21
51	image13.jpg	21
52	image3.jpg	21
53	image4.jpg	22
54	image14.jpg	22
55	image2.jpg	23
56	image5.jpg	23
57	image1.jpg	24
58	image8.jpg	24
59	image5.jpg	24
60	image4.jpg	24
61	image13.jpg	25
62	image19.jpg	25
63	image5.jpg	26
64	image4.jpg	26
65	image12.jpg	27
66	image1.jpg	27
67	image11.jpg	27
68	image10.jpg	28
69	image1.jpg	28
70	image4.jpg	28
71	image17.jpg	29
72	image3.jpg	29
73	image10.jpg	30
74	image3.jpg	31
75	image2.jpg	31
76	image13.jpg	32
77	image13.jpg	33
78	image1.jpg	33
79	image9.jpg	33
80	image5.jpg	34
81	image2.jpg	34
82	image7.jpg	34
83	image17.jpg	34
84	image19.jpg	35
85	image7.jpg	36
86	image18.jpg	37
87	image12.jpg	38
88	image19.jpg	39
89	image5.jpg	39
90	image14.jpg	39
91	image6.jpg	40
92	image13.jpg	41
93	image4.jpg	41
94	image15.jpg	41
95	image19.jpg	41
96	image2.jpg	42
97	image16.jpg	42
98	image1.jpg	43
99	image9.jpg	43
100	image5.jpg	44
101	image10.jpg	44
102	image11.jpg	44
103	image10.jpg	45
104	image12.jpg	46
105	image15.jpg	47
106	image12.jpg	47
107	image5.jpg	47
108	image2.jpg	48
109	image17.jpg	48
110	image7.jpg	49
111	image9.jpg	49
112	image11.jpg	50
113	image6.jpg	51
114	image10.jpg	51
115	image4.jpg	51
116	image1.jpg	51
117	image12.jpg	52
118	image15.jpg	52
119	image5.jpg	53
120	image17.jpg	53
121	image16.jpg	53
122	image12.jpg	54
123	image14.jpg	55
124	image11.jpg	55
125	image14.jpg	56
126	image5.jpg	56
127	image14.jpg	56
128	image13.jpg	57
129	image10.jpg	57
130	image19.jpg	57
131	image11.jpg	58
132	image2.jpg	59
133	image4.jpg	59
134	image10.jpg	59
135	image11.jpg	60
136	image19.jpg	60
137	image12.jpg	60
138	image16.jpg	61
139	image18.jpg	61
140	image13.jpg	61
141	image6.jpg	61
142	image6.jpg	62
143	image14.jpg	62
144	image10.jpg	62
145	image17.jpg	62
146	image3.jpg	63
147	image9.jpg	63
148	image16.jpg	64
149	image1.jpg	65
150	image19.jpg	65
151	image5.jpg	66
152	image13.jpg	66
153	image9.jpg	67
154	image16.jpg	67
155	image17.jpg	67
156	image8.jpg	68
157	image15.jpg	68
158	image17.jpg	69
159	image14.jpg	70
160	image4.jpg	70
161	image2.jpg	71
162	image7.jpg	72
163	image6.jpg	72
164	image3.jpg	72
165	image1.jpg	72
166	image4.jpg	73
167	image17.jpg	73
168	image2.jpg	73
169	image9.jpg	73
170	image5.jpg	74
171	image4.jpg	74
172	image11.jpg	74
173	image15.jpg	74
174	image1.jpg	75
175	image14.jpg	76
176	image18.jpg	76
177	image1.jpg	77
178	image8.jpg	77
179	image10.jpg	77
180	image3.jpg	77
181	image12.jpg	78
182	image16.jpg	78
183	image13.jpg	79
184	image9.jpg	80
185	image7.jpg	80
186	image7.jpg	80
187	image19.jpg	81
188	image1.jpg	81
189	image11.jpg	81
190	image10.jpg	82
191	image11.jpg	82
192	image16.jpg	82
193	image5.jpg	82
194	image4.jpg	83
195	image2.jpg	83
196	image7.jpg	83
197	image2.jpg	84
198	image11.jpg	84
199	image6.jpg	85
200	image18.jpg	86
201	image14.jpg	86
202	image10.jpg	87
203	image6.jpg	87
204	image9.jpg	88
205	image11.jpg	88
206	image19.jpg	88
207	image3.jpg	89
208	image15.jpg	90
209	image10.jpg	90
210	image13.jpg	91
211	image14.jpg	91
212	image4.jpg	91
213	image8.jpg	92
214	image18.jpg	92
215	image2.jpg	92
216	image19.jpg	92
217	image9.jpg	93
218	image4.jpg	93
219	image13.jpg	93
220	image13.jpg	93
221	image5.jpg	94
222	image1.jpg	94
223	image16.jpg	94
224	image9.jpg	94
225	image4.jpg	95
226	image13.jpg	96
227	image17.jpg	96
228	image13.jpg	97
229	image17.jpg	98
230	image6.jpg	98
231	image17.jpg	99
232	image12.jpg	99
233	image7.jpg	100
234	image17.jpg	101
235	image15.jpg	101
236	image1.jpg	102
237	image4.jpg	102
238	image18.jpg	102
239	image18.jpg	103
240	image4.jpg	103
241	image6.jpg	103
242	image7.jpg	103
243	image15.jpg	104
244	image5.jpg	104
245	image18.jpg	105
246	image7.jpg	106
247	image1.jpg	106
248	image13.jpg	107
249	image12.jpg	107
250	image3.jpg	108
251	image13.jpg	108
252	image3.jpg	108
253	image16.jpg	108
254	image15.jpg	109
255	image1.jpg	110
256	image15.jpg	111
257	image5.jpg	111
258	image12.jpg	111
259	image15.jpg	111
260	image16.jpg	112
261	image1.jpg	112
262	image19.jpg	112
263	image16.jpg	112
264	image17.jpg	113
265	image11.jpg	113
266	image12.jpg	114
267	image11.jpg	115
268	image1.jpg	115
269	image15.jpg	115
270	image18.jpg	116
271	image2.jpg	117
272	image9.jpg	118
273	image17.jpg	119
274	image17.jpg	120
275	image16.jpg	120
276	image4.jpg	121
277	image14.jpg	122
278	image12.jpg	122
279	image14.jpg	123
280	image16.jpg	123
281	image15.jpg	123
282	image19.jpg	123
283	image4.jpg	124
284	image19.jpg	124
285	image15.jpg	124
286	image5.jpg	125
287	image16.jpg	125
288	image15.jpg	125
289	image14.jpg	126
290	image15.jpg	126
291	image9.jpg	126
292	image8.jpg	127
293	image4.jpg	127
294	image11.jpg	128
295	image8.jpg	128
296	image18.jpg	128
297	image19.jpg	129
298	image15.jpg	129
299	image19.jpg	129
300	image19.jpg	129
301	image3.jpg	130
302	image15.jpg	130
303	image10.jpg	130
304	image6.jpg	130
305	image17.jpg	131
306	image15.jpg	131
307	image13.jpg	131
308	image13.jpg	132
309	image8.jpg	132
310	image6.jpg	133
311	image12.jpg	133
312	image12.jpg	133
313	image8.jpg	134
314	image3.jpg	135
315	image18.jpg	136
316	image3.jpg	136
317	image18.jpg	136
318	image2.jpg	136
319	image19.jpg	137
320	image19.jpg	137
321	image8.jpg	138
322	image7.jpg	138
323	image16.jpg	139
324	image19.jpg	140
325	image16.jpg	140
326	image4.jpg	140
327	image14.jpg	140
328	image4.jpg	141
329	image18.jpg	142
330	image12.jpg	143
331	image16.jpg	143
332	image10.jpg	143
333	image17.jpg	143
334	image12.jpg	144
335	image11.jpg	144
336	image17.jpg	144
337	image16.jpg	144
338	image5.jpg	145
339	image11.jpg	145
340	image2.jpg	146
341	image17.jpg	146
342	image11.jpg	147
343	image2.jpg	147
344	image4.jpg	148
345	image16.jpg	148
346	image8.jpg	149
347	image15.jpg	149
348	image17.jpg	149
349	image16.jpg	150
350	image18.jpg	150
351	image9.jpg	150
352	image17.jpg	150
353	image12.jpg	151
354	image6.jpg	151
355	image9.jpg	151
356	image5.jpg	152
357	image7.jpg	152
358	image17.jpg	152
359	image18.jpg	152
360	image8.jpg	153
361	image9.jpg	153
362	image2.jpg	154
363	image6.jpg	154
364	image4.jpg	154
365	image15.jpg	155
366	image4.jpg	156
367	image5.jpg	157
368	image3.jpg	157
369	image5.jpg	157
370	image4.jpg	158
371	image11.jpg	158
372	image6.jpg	158
373	image9.jpg	159
374	image12.jpg	160
375	image10.jpg	160
376	image2.jpg	161
377	image11.jpg	161
378	image12.jpg	161
379	image10.jpg	162
380	image5.jpg	162
381	image10.jpg	162
382	image11.jpg	163
383	image1.jpg	163
384	image4.jpg	164
385	image13.jpg	164
386	image14.jpg	164
387	image2.jpg	164
388	image5.jpg	165
389	image14.jpg	165
390	image6.jpg	165
391	image15.jpg	166
392	image5.jpg	166
393	image17.jpg	166
394	image1.jpg	167
395	image6.jpg	167
396	image11.jpg	167
397	image7.jpg	168
398	image10.jpg	168
399	image19.jpg	168
400	image12.jpg	168
401	image1.jpg	169
402	image16.jpg	170
403	image10.jpg	171
404	image12.jpg	171
405	image5.jpg	171
406	image10.jpg	171
407	image6.jpg	172
408	image10.jpg	172
409	image15.jpg	172
410	image9.jpg	172
411	image15.jpg	173
412	image6.jpg	173
413	image14.jpg	173
414	image19.jpg	174
415	image17.jpg	174
416	image18.jpg	174
417	image1.jpg	175
418	image10.jpg	176
419	image4.jpg	176
420	image11.jpg	177
421	image3.jpg	177
422	image7.jpg	178
423	image8.jpg	178
424	image12.jpg	178
425	image17.jpg	178
426	image13.jpg	179
427	image13.jpg	179
428	image14.jpg	179
429	image17.jpg	180
430	image6.jpg	180
431	image5.jpg	180
432	image10.jpg	180
433	image5.jpg	181
434	image9.jpg	181
435	image8.jpg	181
436	image4.jpg	181
437	image13.jpg	182
438	image13.jpg	183
439	image19.jpg	183
440	image7.jpg	184
441	image6.jpg	185
442	image15.jpg	185
443	image6.jpg	185
444	image9.jpg	185
445	image13.jpg	186
446	image2.jpg	186
447	image5.jpg	186
448	image13.jpg	187
449	image18.jpg	188
450	image6.jpg	189
451	image5.jpg	190
452	image11.jpg	190
453	image12.jpg	190
454	image17.jpg	191
455	image2.jpg	192
456	image16.jpg	192
457	image8.jpg	193
458	image19.jpg	193
459	image19.jpg	193
460	image4.jpg	193
461	image2.jpg	194
462	image6.jpg	194
463	image18.jpg	195
464	image3.jpg	195
465	image5.jpg	195
466	image3.jpg	195
467	image9.jpg	196
468	image10.jpg	196
469	image12.jpg	196
470	image7.jpg	196
471	image3.jpg	197
472	image9.jpg	197
473	image4.jpg	197
474	image5.jpg	197
475	image19.jpg	198
476	image13.jpg	198
477	image7.jpg	198
478	image7.jpg	198
479	image1.jpg	199
480	image18.jpg	199
481	image16.jpg	199
482	image6.jpg	200
483	image3.jpg	200
484	image19.jpg	200
485	image9.jpg	201
486	image19.jpg	201
487	image4.jpg	202
488	image10.jpg	203
489	image3.jpg	204
490	image9.jpg	204
491	image4.jpg	204
492	image10.jpg	205
493	image6.jpg	205
494	image8.jpg	206
495	image9.jpg	207
496	image7.jpg	207
497	image4.jpg	208
498	image15.jpg	208
499	image7.jpg	208
500	image6.jpg	208
501	image16.jpg	209
502	image6.jpg	209
503	image6.jpg	209
504	image3.jpg	210
505	image2.jpg	210
506	image13.jpg	211
507	image4.jpg	211
508	image10.jpg	211
509	image16.jpg	212
510	image1.jpg	212
511	image1.jpg	212
512	image14.jpg	213
513	image6.jpg	214
514	image17.jpg	214
515	image7.jpg	214
516	image14.jpg	215
517	image2.jpg	215
518	image19.jpg	216
519	image5.jpg	216
520	image4.jpg	216
521	image12.jpg	216
522	image13.jpg	217
523	image15.jpg	217
524	image8.jpg	217
525	image15.jpg	217
526	image9.jpg	218
527	image4.jpg	218
528	image17.jpg	218
529	image17.jpg	219
530	image16.jpg	219
531	image17.jpg	219
532	image12.jpg	219
533	image15.jpg	220
534	image12.jpg	221
535	image10.jpg	221
536	image12.jpg	222
537	image15.jpg	222
538	image5.jpg	222
539	image6.jpg	222
540	image19.jpg	223
541	image14.jpg	223
542	image7.jpg	223
543	image1.jpg	223
544	image8.jpg	224
545	image11.jpg	225
546	image14.jpg	226
547	image14.jpg	226
548	image2.jpg	226
549	image19.jpg	227
550	image3.jpg	228
551	image16.jpg	228
552	image16.jpg	228
553	image8.jpg	228
554	image11.jpg	229
555	image1.jpg	229
556	image19.jpg	230
557	image15.jpg	230
558	image6.jpg	230
559	image9.jpg	230
560	image4.jpg	231
561	image7.jpg	231
562	image10.jpg	231
563	image11.jpg	231
564	image1.jpg	232
565	image6.jpg	232
566	image6.jpg	233
567	image8.jpg	233
568	image16.jpg	233
569	image18.jpg	234
570	image2.jpg	235
571	image10.jpg	235
572	image17.jpg	235
573	image7.jpg	235
574	image18.jpg	236
575	image4.jpg	236
576	image10.jpg	237
577	image3.jpg	237
578	image4.jpg	237
579	image15.jpg	238
580	image15.jpg	238
581	image19.jpg	239
582	image7.jpg	239
583	image5.jpg	240
584	image19.jpg	241
585	image2.jpg	241
586	image11.jpg	241
587	image6.jpg	242
588	image8.jpg	243
589	image6.jpg	243
590	image18.jpg	243
591	image15.jpg	243
592	image1.jpg	244
593	image6.jpg	244
594	image12.jpg	244
595	image9.jpg	245
596	image16.jpg	245
597	image15.jpg	245
598	image1.jpg	246
599	image16.jpg	246
600	image7.jpg	246
601	image18.jpg	247
602	image7.jpg	248
603	image16.jpg	248
604	image4.jpg	248
605	image11.jpg	249
606	image17.jpg	250
607	image7.jpg	251
608	image9.jpg	252
609	image10.jpg	252
610	image12.jpg	253
611	image2.jpg	253
612	image15.jpg	253
613	image10.jpg	254
614	image14.jpg	254
615	image9.jpg	254
616	image13.jpg	255
617	image15.jpg	255
618	image3.jpg	255
619	image1.jpg	255
620	image11.jpg	256
621	image3.jpg	256
622	image15.jpg	256
623	image10.jpg	256
624	image5.jpg	257
625	image5.jpg	257
626	image2.jpg	257
627	image12.jpg	258
628	image2.jpg	258
629	image19.jpg	259
630	image11.jpg	259
631	image18.jpg	259
632	image17.jpg	260
633	image4.jpg	260
634	image15.jpg	260
635	image8.jpg	261
636	image14.jpg	261
637	image11.jpg	261
638	image15.jpg	262
639	image7.jpg	262
640	image5.jpg	263
641	image2.jpg	263
642	image2.jpg	264
643	image7.jpg	264
644	image19.jpg	265
645	image12.jpg	266
646	image13.jpg	266
647	image10.jpg	267
648	image8.jpg	267
649	image13.jpg	267
650	image1.jpg	267
651	image4.jpg	268
652	image14.jpg	269
653	image1.jpg	269
654	image7.jpg	269
655	image10.jpg	270
656	image7.jpg	270
657	image13.jpg	270
658	image15.jpg	271
659	image16.jpg	271
660	image1.jpg	271
661	image9.jpg	271
662	image4.jpg	272
663	image14.jpg	273
664	image15.jpg	273
665	image10.jpg	274
666	image19.jpg	274
667	image11.jpg	274
668	image5.jpg	275
669	image1.jpg	275
670	image3.jpg	275
671	image4.jpg	275
672	image14.jpg	276
673	image18.jpg	276
674	image14.jpg	277
675	image14.jpg	278
676	image1.jpg	279
677	image8.jpg	280
678	image13.jpg	281
679	image17.jpg	281
680	image18.jpg	281
681	image17.jpg	282
682	image8.jpg	282
683	image6.jpg	282
684	image14.jpg	282
685	image3.jpg	283
686	image4.jpg	283
687	image4.jpg	284
688	image7.jpg	284
689	image7.jpg	284
690	image13.jpg	284
691	image14.jpg	285
692	image11.jpg	285
693	image11.jpg	285
694	image19.jpg	285
695	image12.jpg	286
696	image7.jpg	287
697	image4.jpg	287
698	image9.jpg	288
699	image13.jpg	288
700	image1.jpg	288
701	image15.jpg	289
702	image18.jpg	289
703	image10.jpg	289
704	image3.jpg	290
705	image4.jpg	291
706	image18.jpg	292
707	image10.jpg	292
708	image4.jpg	292
709	image8.jpg	292
710	image3.jpg	293
711	image5.jpg	294
712	image3.jpg	295
713	image11.jpg	295
714	image5.jpg	295
715	image1.jpg	295
716	image15.jpg	296
717	image12.jpg	296
718	image12.jpg	296
719	image9.jpg	297
720	image13.jpg	297
721	image8.jpg	297
722	image2.jpg	297
723	image11.jpg	298
724	image6.jpg	298
725	image14.jpg	298
726	image6.jpg	298
727	image12.jpg	299
728	image13.jpg	299
729	image17.jpg	299
730	image8.jpg	299
731	image3.jpg	300
732	image19.jpg	301
733	image15.jpg	302
734	image2.jpg	302
735	image13.jpg	303
736	image15.jpg	303
737	image9.jpg	304
738	image13.jpg	304
739	image15.jpg	304
740	image16.jpg	304
741	image6.jpg	305
742	image14.jpg	305
743	image17.jpg	305
744	image12.jpg	306
745	image16.jpg	307
746	image19.jpg	307
747	image5.jpg	308
748	image15.jpg	308
749	image7.jpg	308
750	image3.jpg	308
751	image10.jpg	309
752	image1.jpg	309
753	image15.jpg	310
754	image9.jpg	310
755	image17.jpg	310
756	image17.jpg	310
757	image18.jpg	311
758	image15.jpg	311
759	image2.jpg	311
760	image5.jpg	312
761	image16.jpg	312
762	image5.jpg	312
763	image7.jpg	313
764	image18.jpg	313
765	image4.jpg	313
766	image14.jpg	313
767	image4.jpg	314
768	image16.jpg	314
769	image14.jpg	315
770	image8.jpg	315
771	image7.jpg	316
772	image18.jpg	316
773	image1.jpg	316
774	image15.jpg	316
775	image8.jpg	317
776	image1.jpg	317
777	image1.jpg	317
778	image7.jpg	318
779	image3.jpg	318
780	image18.jpg	319
781	image12.jpg	319
782	image19.jpg	320
783	image16.jpg	320
784	image17.jpg	321
785	image7.jpg	321
786	image3.jpg	322
787	image14.jpg	322
788	image2.jpg	322
789	image9.jpg	323
790	image11.jpg	323
791	image1.jpg	323
792	image7.jpg	323
793	image14.jpg	324
794	image8.jpg	324
795	image5.jpg	324
796	image2.jpg	324
797	image5.jpg	325
798	image11.jpg	325
799	image13.jpg	325
800	image17.jpg	326
801	image16.jpg	326
802	image14.jpg	327
803	image1.jpg	327
804	image13.jpg	327
805	image12.jpg	327
806	image16.jpg	328
807	image10.jpg	329
808	image14.jpg	330
809	image16.jpg	330
810	image19.jpg	331
811	image8.jpg	331
812	image5.jpg	331
813	image12.jpg	332
814	image15.jpg	332
815	image8.jpg	333
816	image3.jpg	334
817	image18.jpg	335
818	image10.jpg	335
819	image4.jpg	335
820	image12.jpg	335
821	image3.jpg	336
822	image19.jpg	337
823	image4.jpg	337
824	image10.jpg	338
825	image14.jpg	338
826	image9.jpg	338
827	image15.jpg	338
828	image4.jpg	339
829	image4.jpg	339
830	image17.jpg	339
831	image11.jpg	340
832	image8.jpg	340
833	image1.jpg	340
834	image10.jpg	340
835	image1.jpg	341
836	image9.jpg	341
837	image11.jpg	341
838	image18.jpg	341
839	image10.jpg	342
840	image8.jpg	342
841	image9.jpg	343
842	image3.jpg	343
843	image5.jpg	343
844	image7.jpg	344
845	image4.jpg	344
846	image19.jpg	345
847	image10.jpg	345
848	image6.jpg	345
849	image13.jpg	345
850	image13.jpg	346
851	image13.jpg	347
852	image12.jpg	347
853	image4.jpg	347
854	image4.jpg	348
855	image19.jpg	348
856	image6.jpg	348
857	image11.jpg	348
858	image15.jpg	349
859	image3.jpg	349
860	image13.jpg	350
861	image17.jpg	350
862	image9.jpg	351
863	image17.jpg	351
864	image4.jpg	351
865	image2.jpg	351
866	image14.jpg	352
867	image4.jpg	352
868	image3.jpg	352
869	image19.jpg	352
870	image5.jpg	353
871	image10.jpg	353
872	image6.jpg	353
873	image1.jpg	353
874	image18.jpg	354
875	image2.jpg	354
876	image13.jpg	354
877	image5.jpg	355
878	image2.jpg	355
879	image10.jpg	355
880	image19.jpg	355
881	image10.jpg	356
882	image16.jpg	357
883	image9.jpg	357
884	image12.jpg	357
885	image3.jpg	358
886	image6.jpg	358
887	image1.jpg	358
888	image13.jpg	359
889	image12.jpg	359
890	image11.jpg	360
891	image15.jpg	360
892	image19.jpg	361
893	image13.jpg	361
894	image16.jpg	361
895	image2.jpg	361
896	image10.jpg	362
897	image16.jpg	363
898	image16.jpg	364
899	image7.jpg	364
900	image19.jpg	365
901	image1.jpg	365
902	image3.jpg	365
903	image4.jpg	366
904	image17.jpg	366
905	image17.jpg	367
906	image9.jpg	367
907	image1.jpg	367
908	image14.jpg	367
909	image3.jpg	368
910	image19.jpg	369
911	image19.jpg	370
912	image11.jpg	370
913	image19.jpg	370
914	image13.jpg	371
915	image7.jpg	371
916	image9.jpg	371
917	image13.jpg	372
918	image7.jpg	372
919	image2.jpg	372
920	image14.jpg	372
921	image8.jpg	373
922	image19.jpg	373
923	image13.jpg	373
924	image4.jpg	373
925	image16.jpg	374
926	image14.jpg	374
927	image4.jpg	374
928	image7.jpg	375
929	image2.jpg	375
930	image11.jpg	375
931	image17.jpg	376
932	image3.jpg	376
933	image8.jpg	376
934	image14.jpg	377
935	image1.jpg	378
936	image7.jpg	378
937	image2.jpg	379
938	image12.jpg	379
939	image5.jpg	380
940	image17.jpg	380
941	image15.jpg	380
942	image19.jpg	381
943	image12.jpg	381
944	image10.jpg	381
945	image8.jpg	381
946	image19.jpg	382
947	image6.jpg	382
948	image3.jpg	382
949	image16.jpg	383
950	image8.jpg	383
951	image3.jpg	383
952	image16.jpg	384
953	image16.jpg	384
954	image14.jpg	385
955	image15.jpg	385
956	image17.jpg	385
957	image10.jpg	385
958	image2.jpg	386
959	image2.jpg	387
960	image5.jpg	387
961	image16.jpg	387
962	image8.jpg	387
963	image1.jpg	388
964	image7.jpg	388
965	image17.jpg	388
966	image10.jpg	389
967	image9.jpg	389
968	image4.jpg	390
969	image8.jpg	390
970	image4.jpg	391
971	image9.jpg	391
972	image1.jpg	392
973	image4.jpg	392
974	image16.jpg	392
975	image13.jpg	393
976	image7.jpg	393
977	image2.jpg	393
978	image17.jpg	394
979	image3.jpg	394
980	image14.jpg	394
981	image18.jpg	395
982	image15.jpg	395
983	image3.jpg	395
984	image15.jpg	395
985	image3.jpg	396
986	image2.jpg	397
987	image3.jpg	398
988	image2.jpg	398
989	image15.jpg	398
990	image1.jpg	398
991	image11.jpg	399
992	image15.jpg	400
993	image10.jpg	400
994	image19.jpg	400
995	image16.jpg	400
996	image3.jpg	401
997	image11.jpg	402
998	image4.jpg	402
999	image13.jpg	402
1000	image11.jpg	403
1001	image8.jpg	403
1002	image5.jpg	403
1003	image11.jpg	403
1004	image5.jpg	404
1005	image14.jpg	404
1006	image3.jpg	405
1007	image14.jpg	405
1008	image13.jpg	406
1009	image6.jpg	406
1010	image15.jpg	406
1011	image15.jpg	407
1012	image17.jpg	407
1013	image3.jpg	408
1014	image15.jpg	408
1015	image3.jpg	408
1016	image2.jpg	408
1017	image18.jpg	409
1018	image15.jpg	410
1019	image16.jpg	410
1020	image18.jpg	410
1021	image19.jpg	411
1022	image11.jpg	412
1023	image7.jpg	412
1024	image11.jpg	413
1025	image2.jpg	413
1026	image17.jpg	413
1027	image10.jpg	414
1028	image7.jpg	415
1029	image17.jpg	416
1030	image18.jpg	417
1031	image12.jpg	418
1032	image1.jpg	418
1033	image6.jpg	418
1034	image9.jpg	418
1035	image7.jpg	419
1036	image14.jpg	419
1037	image4.jpg	419
1038	image8.jpg	419
1039	image7.jpg	420
1040	image9.jpg	420
1041	image1.jpg	421
1042	image6.jpg	421
1043	image19.jpg	422
1044	image11.jpg	422
1045	image15.jpg	422
1046	image9.jpg	423
1047	image15.jpg	423
1048	image6.jpg	423
1049	image5.jpg	424
1050	image9.jpg	424
1051	image15.jpg	424
1052	image12.jpg	424
1053	image19.jpg	425
1054	image18.jpg	425
1055	image3.jpg	425
1056	image19.jpg	425
1057	image15.jpg	426
1058	image19.jpg	426
1059	image16.jpg	426
1060	image1.jpg	427
1061	image16.jpg	427
1062	image17.jpg	427
1063	image12.jpg	428
1064	image1.jpg	429
1065	image19.jpg	429
1066	image12.jpg	429
1067	image1.jpg	430
1068	image14.jpg	430
1069	image19.jpg	430
1070	image13.jpg	430
1071	image7.jpg	431
1072	image16.jpg	431
1073	image4.jpg	431
1074	image12.jpg	432
1075	image3.jpg	432
1076	image5.jpg	432
1077	image10.jpg	433
1078	image12.jpg	433
1079	image10.jpg	434
1080	image2.jpg	435
1081	image2.jpg	435
1082	image14.jpg	436
1083	image3.jpg	436
1084	image12.jpg	436
1085	image12.jpg	437
1086	image15.jpg	437
1087	image9.jpg	437
1088	image9.jpg	437
1089	image2.jpg	438
1090	image7.jpg	438
1091	image12.jpg	438
1092	image10.jpg	438
1093	image15.jpg	439
1094	image14.jpg	440
1095	image1.jpg	440
1096	image4.jpg	440
1097	image4.jpg	441
1098	image13.jpg	442
1099	image11.jpg	442
1100	image7.jpg	443
1101	image7.jpg	443
1102	image2.jpg	444
1103	image1.jpg	445
1104	image10.jpg	445
1105	image12.jpg	446
1106	image13.jpg	446
1107	image7.jpg	447
1108	image5.jpg	447
1109	image15.jpg	447
1110	image2.jpg	447
1111	image3.jpg	448
1112	image18.jpg	448
1113	image7.jpg	449
1114	image14.jpg	449
1115	image4.jpg	449
1116	image6.jpg	450
1117	image7.jpg	450
1118	image7.jpg	451
1119	image4.jpg	451
1120	image13.jpg	452
1121	image16.jpg	453
1122	image7.jpg	453
1123	image19.jpg	453
1124	image13.jpg	453
1125	image6.jpg	454
1126	image14.jpg	454
1127	image12.jpg	454
1128	image5.jpg	454
1129	image16.jpg	455
1130	image13.jpg	455
1131	image15.jpg	455
1132	image15.jpg	456
1133	image2.jpg	457
1134	image3.jpg	457
1135	image13.jpg	457
1136	image5.jpg	458
1137	image18.jpg	459
1138	image3.jpg	459
1139	image13.jpg	459
1140	image11.jpg	459
1141	image13.jpg	460
1142	image5.jpg	460
1143	image3.jpg	461
1144	image12.jpg	461
1145	image19.jpg	461
1146	image19.jpg	462
1147	image1.jpg	462
1148	image5.jpg	462
1149	image9.jpg	462
1150	image13.jpg	463
1151	image13.jpg	464
1152	image16.jpg	464
1153	image15.jpg	465
1154	image17.jpg	465
1155	image1.jpg	465
1156	image10.jpg	465
1157	image13.jpg	466
1158	image5.jpg	466
1159	image9.jpg	466
1160	image1.jpg	467
1161	image9.jpg	467
1162	image12.jpg	467
1163	image12.jpg	468
1164	image17.jpg	468
1165	image17.jpg	469
1166	image13.jpg	469
1167	image2.jpg	469
1168	image4.jpg	469
1169	image5.jpg	470
1170	image3.jpg	470
1171	image12.jpg	470
1172	image17.jpg	470
1173	image15.jpg	471
1174	image2.jpg	471
1175	image9.jpg	472
1176	image7.jpg	473
1177	image6.jpg	473
1178	image5.jpg	473
1179	image19.jpg	474
1180	image19.jpg	474
1181	image15.jpg	474
1182	image11.jpg	475
1183	image7.jpg	475
1184	image11.jpg	475
1185	image19.jpg	475
1186	image2.jpg	476
1187	image7.jpg	476
1188	image12.jpg	477
1189	image2.jpg	477
1190	image15.jpg	477
1191	image12.jpg	478
1192	image5.jpg	479
1193	image7.jpg	479
1194	image1.jpg	479
1195	image4.jpg	480
1196	image6.jpg	480
1197	image4.jpg	481
1198	image9.jpg	481
1199	image4.jpg	481
1200	image5.jpg	481
1201	image11.jpg	482
1202	image4.jpg	482
1203	image2.jpg	482
1204	image17.jpg	483
1205	image13.jpg	483
1206	image17.jpg	483
1207	image13.jpg	483
1208	image16.jpg	484
1209	image8.jpg	484
1210	image15.jpg	484
1211	image17.jpg	485
1212	image1.jpg	485
1213	image8.jpg	486
1214	image12.jpg	486
1215	image16.jpg	486
1216	image4.jpg	487
1217	image15.jpg	487
1218	image5.jpg	487
1219	image16.jpg	487
1220	image3.jpg	488
1221	image1.jpg	488
1222	image8.jpg	488
1223	image10.jpg	488
1224	image5.jpg	489
1225	image15.jpg	489
1226	image15.jpg	489
1227	image3.jpg	489
1228	image13.jpg	490
1229	image10.jpg	491
1230	image19.jpg	491
1231	image10.jpg	492
1232	image10.jpg	492
1233	image17.jpg	492
1234	image16.jpg	493
1235	image1.jpg	493
1236	image11.jpg	493
1237	image11.jpg	494
1238	image6.jpg	494
1239	image7.jpg	494
1240	image19.jpg	494
1241	image3.jpg	495
1242	image19.jpg	495
1243	image9.jpg	495
1244	image15.jpg	495
1245	image14.jpg	496
1246	image18.jpg	496
1247	image18.jpg	496
1248	image3.jpg	497
1249	image9.jpg	498
1250	image9.jpg	498
1251	image19.jpg	498
1252	image5.jpg	499
1253	image6.jpg	499
1254	image7.jpg	500
1255	image12.jpg	500
1256	image10.jpg	500
1257	image21.jpg	501
1258	image22.jpg	501
1259	image23.jpg	501
\.


--
-- Data for Name: publication; Type: TABLE DATA; Schema: public; Owner: tranotsika
--

COPY public.publication (id_publication, id_client, id_localisation, titre, description, prix, date_publication, longitude, latitude, surface, nombre_piece) FROM stdin;
38	130	183	Villa mihadana	Villa isol et tranquille pour des locataires qui prfrent une vie loigne	6911000	2022-04-30 22:57:26	48.106011824332136	-19.647931612328584	194	6
39	629	27	Maison de vacances	Entre charme et tradition, ce type de maison est idal pour se dtendre en vacances.	8701000	2022-04-30 13:09:07	47.16902509906183	-19.49334409378472	40	3
55	126	26	Trano gasy	Maison traditionnelle avec des cloisons, soit en brique, soit en parpaings creux	7629000	2022-06-19 05:21:19	47.553796661304176	-18.09590920096622	600	4
62	568	89	Appartement familial	Un appartement avec salon, cuisine , deux chambres, et une salle de bain.	9509000	2022-05-23 12:58:36	47.67142756019662	-18.185922968075285	247	2
84	527	241	Maison moderne	Maison moderne proche de la maison contemporaine. Fini les toits en tuiles  double pente	4197000	2022-05-15 01:44:22	47.51779716708815	-19.547860598630503	829	3
93	283	150	Villa individuelle	Villa individuelle loigner d'autres maisons de 6 metres aux alentours.	399000	2022-06-04 10:28:10	45.669542234480396	-18.340554781801554	90	8
98	49	90	FuturHouse	Maison moderne avec des fournitures contemporaine qui fait voyager vers le future	3753000	2022-05-31 23:06:36	47.67445045084716	-19.55687170733694	378	4
128	573	59	Appartement  2 niveaux	Un appartement sur 2 niveaux relis par un escalier intrieur.	3071000	2022-05-26 00:58:44	46.67398089851265	-18.06046228836779	938	5
129	718	63	Appartement gothique	Appartement pour un locataire qui aime les sensations et une vie de risque	777000	2022-06-24 03:54:54	48.10274073543431	-18.024486345984098	623	7
134	228	206	Villa du bord	Villa luxueuse avec vue sur la mer, pouvant vous accueillir avec toute votre famille	2282000	2022-06-04 05:50:22	45.15599917366697	-19.259731645278823	46	4
137	796	122	Appartement standard	Appartement standard comprenant un salon avec coin cuisine et une chambre	9278000	2022-07-09 12:02:48	46.028508827547824	-19.062172149469085	42	10
141	572	151	Trano gasy	Maison traditionnelle avec des cloisons, soit en brique, soit en parpaings creux	8306000	2022-05-29 23:29:34	45.12081750172478	-18.952995544033318	146	5
150	568	132	Trano gasy	Maison traditionnelle avec des cloisons, soit en brique, soit en parpaings creux	943000	2022-03-28 09:24:04	46.062206804300125	-18.119616037759453	350	4
165	448	177	Appartement quip	Appartement compos dune pice principale et une cuisine indpendante	3127000	2022-06-14 05:25:12	45.188642504256414	-19.226665643299302	286	9
198	363	219	Trano gasy	Maison traditionnelle avec des cloisons, soit en brique, soit en parpaings creux	2117000	2022-06-26 23:59:01	47.451220447098365	-18.479535005281353	312	6
212	514	171	Appartement  2 niveaux	Un appartement sur 2 niveaux relis par un escalier intrieur.	9971000	2022-03-15 21:26:27	47.54152828400907	-18.077208576702112	863	4
258	323	51	Appartement standard	Appartement standard comprenant un salon avec coin cuisine et une chambre	2510000	2022-03-10 12:43:25	48.13031065735733	-18.063428594018305	604	3
282	718	255	Maison contigue	Maison contigue qui augmente le charme de la maison et la convivialit.	8164000	2022-04-19 10:03:04	47.20517731538467	-18.046409395077326	163	7
295	462	199	Appartement quip	Appartement compos dune pice principale et une cuisine indpendante	2786000	2022-04-19 18:37:13	46.78904766813607	-18.733127488962214	884	9
307	959	155	Villa du bord	Villa luxueuse avec vue sur la mer, pouvant vous accueillir avec toute votre famille	5117000	2022-06-05 00:23:32	47.99065511798325	-19.1617472005817	374	5
316	621	194	Bungalow	Bungalow bien sophistiqu avec vue sur la mer, qui rends alors vos vacances inoubliables	5459000	2022-06-12 19:43:56	45.794687063372486	-18.327097752727717	330	6
347	361	81	Villa du bord	Villa luxueuse avec vue sur la mer, pouvant vous accueillir avec toute votre famille	3510000	2022-03-03 16:26:21	47.85151811239446	-18.950044332966282	547	3
350	368	138	Appartement  2 niveaux	Un appartement sur 2 niveaux relis par un escalier intrieur.	4568000	2022-06-15 23:48:53	46.50647918752841	-19.593150858159547	472	3
360	23	193	Bungalow	Bungalow bien sophistiqu avec vue sur la mer, qui rends alors vos vacances inoubliables	3652000	2022-05-17 22:20:59	45.692211338950145	-18.08784110068964	414	8
374	25	265	Trano gasy	Maison traditionnelle avec des cloisons, soit en brique, soit en parpaings creux	9515000	2022-03-06 12:12:21	46.96919184457283	-18.289443316967738	226	1
380	166	203	Appartement  2 niveaux	Un appartement sur 2 niveaux relis par un escalier intrieur.	2803000	2022-04-12 21:04:25	46.577152967765485	-18.737018715846236	296	6
391	807	20	Villa individuelle	Villa individuelle loigner d'autres maisons de 6 metres aux alentours.	7288000	2022-05-30 04:08:14	45.18932915713547	-19.52839366959722	712	2
419	878	261	Maison moderne	Maison moderne proche de la maison contemporaine. Fini les toits en tuiles  double pente	9968000	2022-03-29 14:51:31	46.99442040416573	-18.81630902768409	292	8
446	133	190	Villa vaudoise	Villa vaudoise: des tuiles plates, de grandes baies vitres avec des croisillons	5881000	2022-05-29 11:48:34	46.59757368515759	-18.069849038669204	635	2
454	506	13	Maison de vacances	Entre charme et tradition, ce type de maison est idal pour se dtendre en vacances.	8663000	2022-04-01 17:33:57	46.391287114650716	-19.441621856240122	520	1
458	196	169	Appartement quip	Appartement compos dune pice principale et une cuisine indpendante	6479000	2022-04-17 06:02:29	45.97631245627207	-18.44795342044725	854	4
467	221	65	Bungalow	Bungalow bien sophistiqu avec vue sur la mer, qui rends alors vos vacances inoubliables	3851000	2022-07-03 16:20:25	46.46344488632254	-19.848179264363242	612	8
482	989	33	FuturHouse	Maison moderne avec des fournitures contemporaine qui fait voyager vers le future	9155000	2022-05-26 15:04:16	45.74236540465334	-18.840403543039947	585	7
501	1003	106	Trano tsara	Trano ahofa, tsara toerana, tongan'ny fiara, amin'ny vidiny mirary	600000	2022-07-11 10:04:09	45.48943413312781	-18.02328395286091	455	7
3	63	138	FuturHouse	Maison moderne avec des fournitures contemporaine qui fait voyager vers le future	8029100	2022-05-04 23:23:52	47.50862352582976	-18.742150673506902	302	3
5	148	110	Trano manara-penitra	Cette maison contemporaine, compose de formes rectangulaires et baies vitres	9139500	2022-04-27 15:23:10	48.11512700493107	-19.462543822787175	950	10
7	130	86	Appartement gothique	Appartement pour un locataire qui aime les sensations et une vie de risque	6022700	2022-04-02 19:32:44	48.17615277107895	-18.253996999970102	247	3
10	305	31	Trano manara-penitra	Cette maison contemporaine, compose de formes rectangulaires et baies vitres	5303600	2022-06-17 14:40:12	46.52445927867636	-18.411505187626627	521	5
11	340	12	Luxe Appart	Appartement de luxe vous place dans un environnement o le luxe et confort rgnent.	8123500	2022-04-16 12:06:26	46.049298769210985	-18.339611923923197	178	1
12	354	56	Maison moderne	Maison moderne proche de la maison contemporaine. Fini les toits en tuiles  double pente	8029000	2022-03-18 19:54:17	47.073461589514736	-18.40416324193442	924	3
13	193	41	Appartement familial	Un appartement avec salon, cuisine , deux chambres, et une salle de bain.	2337900	2022-04-12 21:47:53	45.683797193666955	-19.574225316922224	71	9
14	638	252	Trano gasy	Maison traditionnelle avec des cloisons, soit en brique, soit en parpaings creux	7223500	2022-06-11 21:59:12	46.90213874608326	-19.81951955993131	830	3
15	372	284	Week-end home	Maison de week-end : vivre dans un centre de vacances avec vue sur la mer	5116700	2022-06-23 22:11:22	46.39952000966188	-18.7749027391228	790	10
16	488	156	The village	Maison villagoise qui vous loigne dans un milieu serein pour plus de calme	8491400	2022-06-09 12:41:22	45.68239389453806	-19.162132662470814	450	2
20	13	104	Villa mihadana	Villa isol et tranquille pour des locataires qui prfrent une vie loigne	4467100	2022-06-10 12:07:58	46.03042373782243	-19.112511923325386	773	4
22	349	64	Villa vaudoise	Villa vaudoise: des tuiles plates, de grandes baies vitres avec des croisillons	5956800	2022-05-14 16:15:45	45.72896854407436	-18.97251871477112	602	3
24	864	219	Luxe Appart	Appartement de luxe vous place dans un environnement o le luxe et confort rgnent.	8461100	2022-07-11 11:24:30	45.46791171327333	-18.31497362124422	471	3
25	982	25	Villa vaudoise	Villa vaudoise: des tuiles plates, de grandes baies vitres avec des croisillons	7312100	2022-04-12 04:42:38	47.65177599287279	-18.575941636923428	402	4
26	479	31	Trano milamina	Maison chaleureuse avec un voisinage calme pour un hbergement en toute scurit	6969900	2022-03-13 10:42:45	45.03465775989798	-18.647310407224847	854	1
27	959	7	Trano manara-penitra	Cette maison contemporaine, compose de formes rectangulaires et baies vitres	5073100	2022-06-03 06:37:07	45.47492063150692	-18.83325143394525	989	3
1	524	106	Trano milamina	Maison chaleureuse avec un voisinage calme pour un hbergement en toute scurit	1003640	2022-04-18 00:04:09	45.43943413312781	-18.02328395286091	455	7
2	368	132	The village	Maison villagoise qui vous loigne dans un milieu serein pour plus de calme	1482170	2022-05-12 16:44:23	45.16368162000713	-19.12067795977116	831	1
4	183	190	Villa mihadana	Villa isol et tranquille pour des locataires qui prfrent une vie loigne	1329160	2022-07-10 14:18:37	47.95245796267384	-18.457216880137423	412	2
6	215	286	Villa individuelle	Villa individuelle loigner d'autres maisons de 6 metres aux alentours.	1126680	2022-07-09 15:27:59	46.64732141572253	-19.308808428080347	951	5
8	114	110	Appartement quip	Appartement compos dune pice principale et une cuisine indpendante	1197460	2022-03-16 01:39:11	47.815403849908094	-19.070967857182755	472	4
9	462	88	Villa individuelle	Villa individuelle loigner d'autres maisons de 6 metres aux alentours.	1009890	2022-03-05 16:49:12	46.32201792864315	-18.51177445532059	257	9
17	395	181	Villa du bord	Villa luxueuse avec vue sur la mer, pouvant vous accueillir avec toute votre famille	1208900	2022-03-16 15:01:20	45.09295127314656	-18.174025735442303	863	4
18	991	95	Maison de vacances	Entre charme et tradition, ce type de maison est idal pour se dtendre en vacances.	1351420	2022-04-26 14:54:04	47.58918750721163	-19.465300148261903	693	10
19	172	234	Villa individuelle	Villa individuelle loigner d'autres maisons de 6 metres aux alentours.	1171160	2022-06-07 22:49:40	47.99880151825825	-19.951950469629523	377	5
21	455	82	Week-end home	Maison de week-end : vivre dans un centre de vacances avec vue sur la mer	1175790	2022-07-03 00:22:31	47.786725988652925	-18.62097370959741	104	2
23	667	208	Villa du bord	Villa luxueuse avec vue sur la mer, pouvant vous accueillir avec toute votre famille	1090370	2022-03-14 14:09:50	47.90629237154645	-19.43195627663586	767	8
30	270	20	Villa mihadana	Villa isol et tranquille pour des locataires qui prfrent une vie loigne	2311400	2022-03-16 22:44:00	46.448940220615896	-18.47393688418879	803	3
31	774	55	Week-end home	Maison de week-end : vivre dans un centre de vacances avec vue sur la mer	6222300	2022-03-23 12:58:33	47.4753147709745	-19.12857454838311	925	10
32	827	36	Appartement familial	Un appartement avec salon, cuisine , deux chambres, et une salle de bain.	2411000	2022-05-14 09:43:55	45.16178613667896	-18.411855179783903	187	10
33	385	186	The village	Maison villagoise qui vous loigne dans un milieu serein pour plus de calme	2897200	2022-05-27 06:54:52	47.14508910765999	-18.57504510757202	947	10
34	710	136	The village	Maison villagoise qui vous loigne dans un milieu serein pour plus de calme	1817300	2022-06-04 16:34:16	46.56828664587505	-19.925038971734924	538	8
36	669	147	Maison contigue	Maison contigue qui augmente le charme de la maison et la convivialit.	5262200	2022-03-04 18:30:04	48.01515197068969	-18.62792847844965	490	10
37	165	30	Trano manara-penitra	Cette maison contemporaine, compose de formes rectangulaires et baies vitres	7235100	2022-06-20 12:57:02	46.62093728609576	-18.5786205668039	217	4
40	935	282	Appartement  2 niveaux	Un appartement sur 2 niveaux relis par un escalier intrieur.	7947900	2022-07-02 20:16:13	46.040101834928855	-19.99298877504425	744	8
41	824	30	Luxe Appart	Appartement de luxe vous place dans un environnement o le luxe et confort rgnent.	9659900	2022-04-15 13:48:49	48.168117091094516	-18.031523115898985	881	1
43	76	185	Maison de vacances	Entre charme et tradition, ce type de maison est idal pour se dtendre en vacances.	4747600	2022-06-15 05:54:49	46.95795465298269	-18.590443257038455	98	8
45	234	212	Maison de vacances	Entre charme et tradition, ce type de maison est idal pour se dtendre en vacances.	6796300	2022-03-19 15:49:48	45.16445139436609	-19.558014163127442	137	1
46	226	78	The village	Maison villagoise qui vous loigne dans un milieu serein pour plus de calme	3899300	2022-06-25 00:25:23	46.137207473770964	-18.1462098241983	711	6
47	35	204	Appartement standard	Appartement standard comprenant un salon avec coin cuisine et une chambre	3515800	2022-04-23 14:44:52	46.47380850837795	-18.656046695723603	465	6
48	535	213	Maison de vacances	Entre charme et tradition, ce type de maison est idal pour se dtendre en vacances.	7638400	2022-07-05 12:24:19	45.76137448590941	-19.64942329018261	489	9
49	566	104	Villa vaudoise	Villa vaudoise: des tuiles plates, de grandes baies vitres avec des croisillons	1261700	2022-06-30 00:01:26	45.296127367087486	-19.024909840545252	458	3
51	551	204	Trano milamina	Maison chaleureuse avec un voisinage calme pour un hbergement en toute scurit	5095900	2022-04-05 10:06:26	45.62666128465126	-18.881266012535654	143	5
53	186	218	Maison de vacances	Entre charme et tradition, ce type de maison est idal pour se dtendre en vacances.	9724900	2022-04-06 17:55:49	47.34887736871957	-19.41124120130277	509	5
54	130	35	Week-end home	Maison de week-end : vivre dans un centre de vacances avec vue sur la mer	1232200	2022-06-03 00:59:08	47.4653525078315	-18.25247904521627	296	5
57	768	180	Maison contigue	Maison contigue qui augmente le charme de la maison et la convivialit.	2509000	2022-04-11 12:03:53	45.37966437680783	-19.139731180582817	423	6
59	23	59	Villa mihadana	Villa isol et tranquille pour des locataires qui prfrent une vie loigne	2217200	2022-06-05 22:12:01	47.06378059322651	-19.370146608822996	140	3
60	78	101	FuturHouse	Maison moderne avec des fournitures contemporaine qui fait voyager vers le future	4923300	2022-04-29 09:27:00	46.388985430040286	-18.06013039792017	293	4
61	243	45	Luxe Appart	Appartement de luxe vous place dans un environnement o le luxe et confort rgnent.	5775600	2022-03-14 13:34:07	46.613265349033426	-18.39248472273989	513	6
63	381	263	Appartement standard	Appartement standard comprenant un salon avec coin cuisine et une chambre	7167700	2022-04-01 11:32:11	48.128075902441715	-19.728353463026114	598	3
67	555	203	Villa individuelle	Villa individuelle loigner d'autres maisons de 6 metres aux alentours.	7009200	2022-06-05 02:49:03	45.9342091165901	-18.522676223992192	117	4
68	273	64	Trano gasy	Maison traditionnelle avec des cloisons, soit en brique, soit en parpaings creux	2971400	2022-03-24 03:31:39	45.134795312468476	-18.112245490952134	279	7
69	557	89	Trano manara-penitra	Cette maison contemporaine, compose de formes rectangulaires et baies vitres	1922900	2022-06-08 02:46:49	45.09616139476977	-19.757444971733207	334	2
70	951	105	Bungalow	Bungalow bien sophistiqu avec vue sur la mer, qui rends alors vos vacances inoubliables	2329100	2022-06-11 15:05:13	45.55666348204747	-18.400678634575588	919	4
72	534	200	Maison contigue	Maison contigue qui augmente le charme de la maison et la convivialit.	9023500	2022-05-09 06:23:55	45.647120836436024	-19.79100060328442	732	2
74	568	140	Appartement quip	Appartement compos dune pice principale et une cuisine indpendante	6937700	2022-06-21 09:16:04	47.76961928273171	-18.800208125266412	599	1
76	117	256	Villa mihadana	Villa isol et tranquille pour des locataires qui prfrent une vie loigne	6719100	2022-05-27 18:04:55	46.640118731956036	-18.647826391156233	94	7
78	691	252	Appartement quip	Appartement compos dune pice principale et une cuisine indpendante	2424100	2022-03-31 08:32:41	48.152426642089345	-18.2947259132901	242	3
79	935	187	Trano manara-penitra	Cette maison contemporaine, compose de formes rectangulaires et baies vitres	2091000	2022-07-08 08:18:35	46.494224257555274	-19.832592900257968	195	7
80	303	140	Maison contigue	Maison contigue qui augmente le charme de la maison et la convivialit.	9507500	2022-05-25 06:20:17	47.14245962813524	-19.60154749202937	254	1
85	284	91	Trano manara-penitra	Cette maison contemporaine, compose de formes rectangulaires et baies vitres	8662800	2022-03-23 12:04:50	45.130428397880145	-19.04130237930635	641	8
86	737	135	Maison contigue	Maison contigue qui augmente le charme de la maison et la convivialit.	7719000	2022-05-31 00:54:27	47.85162944911593	-19.966163389039437	115	5
87	423	251	Maison moderne	Maison moderne proche de la maison contemporaine. Fini les toits en tuiles  double pente	1050300	2022-05-18 14:30:28	48.06936604995521	-19.174566034909322	788	4
88	419	213	The village	Maison villagoise qui vous loigne dans un milieu serein pour plus de calme	1714500	2022-04-21 15:31:53	46.29516087361971	-19.94036282939165	605	4
90	936	167	Villa individuelle	Villa individuelle loigner d'autres maisons de 6 metres aux alentours.	6086200	2022-07-01 02:57:55	45.72385826248705	-18.676772346610967	778	6
92	629	97	Maison moderne	Maison moderne proche de la maison contemporaine. Fini les toits en tuiles  double pente	7394000	2022-06-05 04:33:19	46.95438494632351	-18.566418670760285	839	10
94	526	219	Villa individuelle	Villa individuelle loigner d'autres maisons de 6 metres aux alentours.	5650000	2022-05-18 16:23:44	47.431367673379036	-19.38803765298062	510	4
95	979	159	Appartement gothique	Appartement pour un locataire qui aime les sensations et une vie de risque	2271500	2022-03-09 21:31:58	45.09118817412843	-19.486761538571823	323	3
96	399	224	Appartement standard	Appartement standard comprenant un salon avec coin cuisine et une chambre	8216200	2022-04-03 04:48:47	48.280015191789445	-18.113288199570196	496	6
99	182	174	Maison contigue	Maison contigue qui augmente le charme de la maison et la convivialit.	4141400	2022-05-14 01:11:13	46.30408313138262	-19.545053398310696	364	1
100	296	36	Villa du bord	Villa luxueuse avec vue sur la mer, pouvant vous accueillir avec toute votre famille	5861300	2022-03-19 15:49:26	47.1023515597664	-19.14990472608576	703	2
101	92	9	Villa individuelle	Villa individuelle loigner d'autres maisons de 6 metres aux alentours.	8166600	2022-04-05 01:48:11	45.52072943561086	-19.47348987255355	879	6
103	932	6	Trano manara-penitra	Cette maison contemporaine, compose de formes rectangulaires et baies vitres	2133700	2022-04-21 14:40:07	45.79484752857889	-19.54338585744471	202	4
104	743	126	Appartement standard	Appartement standard comprenant un salon avec coin cuisine et une chambre	5615700	2022-04-28 18:27:46	46.03274115184436	-19.38110246528632	607	1
106	565	74	Villa vaudoise	Villa vaudoise: des tuiles plates, de grandes baies vitres avec des croisillons	8091300	2022-06-20 00:18:26	45.89362667579243	-18.67649024777468	535	5
107	341	196	Appartement familial	Un appartement avec salon, cuisine , deux chambres, et une salle de bain.	1544800	2022-03-03 21:44:58	46.761540655398264	-19.410273496180267	127	6
108	457	185	Villa vaudoise	Villa vaudoise: des tuiles plates, de grandes baies vitres avec des croisillons	4726500	2022-06-09 06:41:42	45.513975427294994	-19.801493876322546	784	6
110	647	48	Bungalow	Bungalow bien sophistiqu avec vue sur la mer, qui rends alors vos vacances inoubliables	8598800	2022-03-03 20:42:49	45.41496868680832	-19.137904280774272	191	3
111	368	116	Appartement familial	Un appartement avec salon, cuisine , deux chambres, et une salle de bain.	9479000	2022-04-21 04:05:06	47.43597590792917	-19.40536226315251	140	10
112	302	238	Villa individuelle	Villa individuelle loigner d'autres maisons de 6 metres aux alentours.	4106300	2022-05-04 19:26:00	45.018253149997555	-18.444446332978835	76	10
113	379	216	Maison de vacances	Entre charme et tradition, ce type de maison est idal pour se dtendre en vacances.	2198000	2022-07-05 10:14:09	46.78740792428433	-18.28815902354071	881	8
114	682	234	Maison contigue	Maison contigue qui augmente le charme de la maison et la convivialit.	5330800	2022-07-11 07:49:06	48.01151309004124	-18.64848616474082	661	4
116	551	84	Appartement gothique	Appartement pour un locataire qui aime les sensations et une vie de risque	6136700	2022-06-12 03:21:47	47.033232134729076	-18.070315956092593	77	4
117	222	23	Villa individuelle	Villa individuelle loigner d'autres maisons de 6 metres aux alentours.	8784900	2022-03-16 21:34:27	45.47812901813095	-19.854367466506602	569	9
118	136	120	Trano milamina	Maison chaleureuse avec un voisinage calme pour un hbergement en toute scurit	9610400	2022-05-29 14:53:15	45.7742657007926	-19.503615717842123	631	9
119	656	163	The village	Maison villagoise qui vous loigne dans un milieu serein pour plus de calme	8480300	2022-03-08 14:40:42	46.39454326559822	-18.177063770450488	279	5
120	296	226	Appartement gothique	Appartement pour un locataire qui aime les sensations et une vie de risque	3088200	2022-06-14 15:46:08	46.843984534757396	-19.391131857427606	125	10
123	747	295	Villa mihadana	Villa isol et tranquille pour des locataires qui prfrent une vie loigne	3841200	2022-04-09 09:25:45	45.405455871951034	-19.195347612257905	167	5
125	134	155	Maison moderne	Maison moderne proche de la maison contemporaine. Fini les toits en tuiles  double pente	8825700	2022-03-12 00:12:44	47.33859420715494	-19.82673493436196	246	1
126	296	214	Appartement familial	Un appartement avec salon, cuisine , deux chambres, et une salle de bain.	7393000	2022-07-08 16:09:30	47.9525831994203	-18.92174152969759	625	6
132	883	10	Villa individuelle	Villa individuelle loigner d'autres maisons de 6 metres aux alentours.	1319700	2022-05-14 04:13:57	46.04986113038658	-19.97123918381961	99	4
133	121	25	Villa individuelle	Villa individuelle loigner d'autres maisons de 6 metres aux alentours.	4028400	2022-03-23 18:19:09	46.609441273207935	-19.019090273832568	83	2
135	93	101	Maison moderne	Maison moderne proche de la maison contemporaine. Fini les toits en tuiles  double pente	8548600	2022-03-17 22:35:54	46.82458732339781	-19.25108505742347	284	7
136	206	256	Villa du bord	Villa luxueuse avec vue sur la mer, pouvant vous accueillir avec toute votre famille	6771400	2022-03-26 12:42:03	47.72777823155199	-19.536513013511705	779	8
138	470	179	Villa du bord	Villa luxueuse avec vue sur la mer, pouvant vous accueillir avec toute votre famille	4527800	2022-03-13 01:30:06	46.108525444875056	-18.704569056159613	361	8
140	18	108	Villa du bord	Villa luxueuse avec vue sur la mer, pouvant vous accueillir avec toute votre famille	1437600	2022-03-14 14:43:30	47.835913888934996	-18.737479980213468	479	3
142	852	256	Villa du bord	Villa luxueuse avec vue sur la mer, pouvant vous accueillir avec toute votre famille	3300500	2022-04-10 11:15:04	46.17852086459641	-19.59780710686698	694	2
143	645	121	Luxe Appart	Appartement de luxe vous place dans un environnement o le luxe et confort rgnent.	2526900	2022-04-06 19:01:43	46.99221374161704	-18.659167552940538	972	5
144	772	15	Villa individuelle	Villa individuelle loigner d'autres maisons de 6 metres aux alentours.	6258800	2022-06-16 13:40:43	46.79100927417772	-18.96479030941531	489	6
145	453	254	Appartement quip	Appartement compos dune pice principale et une cuisine indpendante	5048700	2022-03-17 09:50:54	47.350495028285316	-18.668005008730056	662	2
146	579	137	Villa du bord	Villa luxueuse avec vue sur la mer, pouvant vous accueillir avec toute votre famille	2479100	2022-06-01 23:24:14	48.00439175616113	-19.166970793706042	853	2
149	246	275	Appartement familial	Un appartement avec salon, cuisine , deux chambres, et une salle de bain.	3397300	2022-05-23 07:45:47	45.83444529623387	-19.06908380734722	675	5
151	81	269	Appartement standard	Appartement standard comprenant un salon avec coin cuisine et une chambre	5319300	2022-03-09 09:51:26	47.137247873133305	-19.130962940774538	197	3
152	601	69	Maison moderne	Maison moderne proche de la maison contemporaine. Fini les toits en tuiles  double pente	1692300	2022-04-24 11:54:57	45.76084838218308	-19.373064985521214	730	6
154	773	279	Appartement gothique	Appartement pour un locataire qui aime les sensations et une vie de risque	7976600	2022-04-04 14:34:27	45.97986483209903	-18.84286024690879	256	1
155	646	45	Appartement standard	Appartement standard comprenant un salon avec coin cuisine et une chambre	9459300	2022-05-24 09:43:15	45.660621196035116	-18.837265612227025	68	8
156	924	248	Villa vaudoise	Villa vaudoise: des tuiles plates, de grandes baies vitres avec des croisillons	8576700	2022-06-22 03:34:30	45.34170908121183	-18.406317741115778	784	9
157	923	15	Appartement gothique	Appartement pour un locataire qui aime les sensations et une vie de risque	2841800	2022-05-16 15:15:56	47.77720619512068	-19.393245374268048	150	7
158	370	209	Maison de vacances	Entre charme et tradition, ce type de maison est idal pour se dtendre en vacances.	2433000	2022-04-13 02:03:15	45.7555269056836	-18.452489120709476	222	2
160	40	133	Villa individuelle	Villa individuelle loigner d'autres maisons de 6 metres aux alentours.	3104100	2022-07-11 03:33:13	47.95259779995196	-19.482607782025237	677	8
161	974	70	Luxe Appart	Appartement de luxe vous place dans un environnement o le luxe et confort rgnent.	3116600	2022-06-16 13:34:41	46.452981487312755	-19.17592485441093	175	6
162	489	134	Trano milamina	Maison chaleureuse avec un voisinage calme pour un hbergement en toute scurit	9999200	2022-05-10 00:37:35	45.704760090264465	-18.51560137922335	245	7
163	314	102	Maison moderne	Maison moderne proche de la maison contemporaine. Fini les toits en tuiles  double pente	3070900	2022-04-22 22:45:06	46.41949170850516	-18.360563611267207	593	5
168	38	152	Trano manara-penitra	Cette maison contemporaine, compose de formes rectangulaires et baies vitres	8253100	2022-04-23 16:12:07	48.091578854183616	-19.992330977631635	122	5
169	213	125	Appartement quip	Appartement compos dune pice principale et une cuisine indpendante	7429400	2022-07-08 10:20:36	48.15269175291947	-18.782578460738605	366	2
124	991	171	Trano gasy	Maison traditionnelle avec des cloisons, soit en brique, soit en parpaings creux	1151850	2022-04-21 12:27:30	46.01614685014593	-18.717826110188728	425	9
173	170	37	Appartement quip	Appartement compos dune pice principale et une cuisine indpendante	1464300	2022-04-18 21:33:22	48.298598308139205	-19.74524003977496	415	4
175	130	16	Maison contigue	Maison contigue qui augmente le charme de la maison et la convivialit.	4313800	2022-06-20 10:33:18	46.42793013548757	-18.89923977233597	162	6
176	234	175	Appartement quip	Appartement compos dune pice principale et une cuisine indpendante	9435600	2022-07-03 17:26:13	47.73920671979548	-18.492370421906703	920	10
177	348	269	Bungalow	Bungalow bien sophistiqu avec vue sur la mer, qui rends alors vos vacances inoubliables	7374300	2022-06-06 19:16:06	48.12964995823347	-19.45723649749145	710	5
178	762	54	Appartement gothique	Appartement pour un locataire qui aime les sensations et une vie de risque	6768600	2022-03-01 16:06:07	48.015948302854206	-19.975097927083226	98	5
180	239	291	Bungalow	Bungalow bien sophistiqu avec vue sur la mer, qui rends alors vos vacances inoubliables	2001800	2022-04-21 14:59:36	47.06672618514741	-18.07577858787192	240	7
184	422	18	Bungalow	Bungalow bien sophistiqu avec vue sur la mer, qui rends alors vos vacances inoubliables	6073600	2022-03-01 05:16:40	47.47109689556838	-18.78250222890233	568	10
186	394	215	Villa vaudoise	Villa vaudoise: des tuiles plates, de grandes baies vitres avec des croisillons	6131200	2022-06-07 18:33:24	45.30638195750619	-18.565894105208454	396	8
190	136	157	Trano gasy	Maison traditionnelle avec des cloisons, soit en brique, soit en parpaings creux	9062400	2022-06-20 17:46:16	48.18162288232733	-19.34739782590935	371	10
191	324	82	Appartement gothique	Appartement pour un locataire qui aime les sensations et une vie de risque	9521400	2022-03-01 03:26:53	45.25824924588812	-19.835572594865923	128	7
193	735	295	Appartement quip	Appartement compos dune pice principale et une cuisine indpendante	2328600	2022-04-27 17:54:26	47.69521863980547	-19.917530996825853	55	3
197	255	288	Appartement  2 niveaux	Un appartement sur 2 niveaux relis par un escalier intrieur.	5073300	2022-04-03 08:30:42	47.73170399961678	-18.244723185954783	940	10
199	776	166	Trano gasy	Maison traditionnelle avec des cloisons, soit en brique, soit en parpaings creux	7028400	2022-03-30 08:56:28	47.51131329565898	-19.58926875391292	240	5
200	425	66	Trano milamina	Maison chaleureuse avec un voisinage calme pour un hbergement en toute scurit	7633800	2022-04-26 22:49:15	46.47297844022345	-18.206982741237063	164	9
201	426	101	FuturHouse	Maison moderne avec des fournitures contemporaine qui fait voyager vers le future	2970900	2022-06-27 18:44:15	46.74782081829164	-19.736518571694763	737	7
202	700	215	Maison moderne	Maison moderne proche de la maison contemporaine. Fini les toits en tuiles  double pente	8376900	2022-06-19 10:16:21	47.391976267769806	-18.41291289417463	134	7
203	107	135	Villa mihadana	Villa isol et tranquille pour des locataires qui prfrent une vie loigne	2048300	2022-06-06 17:08:32	46.55335350637508	-19.756376956965262	471	6
205	310	260	Villa du bord	Villa luxueuse avec vue sur la mer, pouvant vous accueillir avec toute votre famille	1734100	2022-03-12 07:36:22	48.193664735373076	-18.947961461382167	989	8
207	541	54	Trano milamina	Maison chaleureuse avec un voisinage calme pour un hbergement en toute scurit	8866700	2022-03-10 23:22:42	47.19024635509434	-18.72640440814379	534	2
208	764	9	Appartement quip	Appartement compos dune pice principale et une cuisine indpendante	1064100	2022-03-23 23:37:54	47.280089668106356	-19.297858517758236	726	1
209	140	64	Trano manara-penitra	Cette maison contemporaine, compose de formes rectangulaires et baies vitres	6500600	2022-06-30 10:15:24	46.232124515913725	-19.295292798414664	49	3
210	177	5	The village	Maison villagoise qui vous loigne dans un milieu serein pour plus de calme	3933400	2022-06-29 14:44:13	46.955355381607575	-19.242052018034574	186	1
211	455	71	Trano manara-penitra	Cette maison contemporaine, compose de formes rectangulaires et baies vitres	1527600	2022-06-19 03:43:46	47.799097911045834	-18.448645005173706	891	3
213	556	26	The village	Maison villagoise qui vous loigne dans un milieu serein pour plus de calme	1904400	2022-05-29 09:21:38	47.31840916003179	-18.23565409732798	669	2
217	841	250	Week-end home	Maison de week-end : vivre dans un centre de vacances avec vue sur la mer	9642000	2022-04-06 08:39:44	46.59454570339896	-18.10016950865543	754	8
218	753	36	Luxe Appart	Appartement de luxe vous place dans un environnement o le luxe et confort rgnent.	5980400	2022-03-29 05:50:48	45.08544939918317	-19.42844756904848	383	6
220	200	240	Trano gasy	Maison traditionnelle avec des cloisons, soit en brique, soit en parpaings creux	6994400	2022-03-16 20:25:35	45.556858229927386	-19.77397223267703	373	1
221	31	28	Appartement familial	Un appartement avec salon, cuisine , deux chambres, et une salle de bain.	2915000	2022-04-03 20:38:01	45.39702159124466	-19.861055128583963	976	6
223	504	37	FuturHouse	Maison moderne avec des fournitures contemporaine qui fait voyager vers le future	2197100	2022-04-16 14:25:50	48.217156169308375	-18.163469195982927	660	7
225	200	93	Luxe Appart	Appartement de luxe vous place dans un environnement o le luxe et confort rgnent.	7829800	2022-07-01 15:22:20	46.18700779818509	-18.25659490049303	560	4
226	288	97	Villa mihadana	Villa isol et tranquille pour des locataires qui prfrent une vie loigne	1892900	2022-06-26 05:17:02	46.21267403874892	-19.867504770474195	396	2
229	184	208	Appartement gothique	Appartement pour un locataire qui aime les sensations et une vie de risque	7041200	2022-04-10 03:22:27	48.29207000495681	-18.997476485176104	361	8
230	272	286	Luxe Appart	Appartement de luxe vous place dans un environnement o le luxe et confort rgnent.	3188200	2022-04-28 19:08:53	47.95700657355039	-18.061259892479733	661	6
232	541	48	Bungalow	Bungalow bien sophistiqu avec vue sur la mer, qui rends alors vos vacances inoubliables	5669700	2022-03-13 20:06:38	47.820238362255715	-18.074762341614747	589	1
233	323	252	Maison moderne	Maison moderne proche de la maison contemporaine. Fini les toits en tuiles  double pente	6714900	2022-06-28 05:58:20	45.67816947694396	-19.761613970177663	275	2
235	205	138	FuturHouse	Maison moderne avec des fournitures contemporaine qui fait voyager vers le future	8035400	2022-03-13 13:52:55	46.059582557703195	-19.73200092327928	393	1
239	92	20	Maison contigue	Maison contigue qui augmente le charme de la maison et la convivialit.	6363400	2022-03-10 19:57:16	46.09055233611165	-19.48436810455285	620	1
240	80	54	Week-end home	Maison de week-end : vivre dans un centre de vacances avec vue sur la mer	9060000	2022-03-06 09:45:34	46.58128359648349	-19.239972691709696	259	1
241	234	86	Appartement gothique	Appartement pour un locataire qui aime les sensations et une vie de risque	3758200	2022-03-29 14:01:46	46.333356450823416	-19.844517675867365	371	5
243	638	36	Trano manara-penitra	Cette maison contemporaine, compose de formes rectangulaires et baies vitres	2521100	2022-05-18 12:51:03	45.185563803938635	-18.100424162893802	414	8
245	306	6	Appartement quip	Appartement compos dune pice principale et une cuisine indpendante	7641100	2022-06-20 09:38:33	45.076515436270206	-18.06612792642147	958	6
246	541	149	Appartement quip	Appartement compos dune pice principale et une cuisine indpendante	6453800	2022-06-02 05:36:00	45.991779852612474	-18.21800917236629	56	10
247	960	232	Appartement  2 niveaux	Un appartement sur 2 niveaux relis par un escalier intrieur.	5760400	2022-04-02 18:05:21	45.77656710534577	-18.36417010427533	345	9
252	185	240	Maison moderne	Maison moderne proche de la maison contemporaine. Fini les toits en tuiles  double pente	5270800	2022-07-08 02:08:03	46.63326321024908	-19.636992267623295	399	9
254	587	70	Appartement gothique	Appartement pour un locataire qui aime les sensations et une vie de risque	1101200	2022-06-02 08:11:08	46.27971453231271	-18.587170547745377	460	8
256	225	81	Appartement quip	Appartement compos dune pice principale et une cuisine indpendante	2604900	2022-04-16 00:25:10	48.11860587842325	-19.539879902075835	394	8
257	707	152	Appartement standard	Appartement standard comprenant un salon avec coin cuisine et une chambre	6341700	2022-06-28 16:35:51	45.90700770997471	-18.76713816446427	887	7
259	14	130	Trano manara-penitra	Cette maison contemporaine, compose de formes rectangulaires et baies vitres	8308400	2022-05-06 23:02:58	46.6469373804583	-19.071878198759528	839	7
260	391	20	Villa mihadana	Villa isol et tranquille pour des locataires qui prfrent une vie loigne	3023600	2022-03-17 06:02:29	48.166493095844864	-19.96433159600111	133	1
261	505	109	Villa du bord	Villa luxueuse avec vue sur la mer, pouvant vous accueillir avec toute votre famille	8201900	2022-04-29 05:01:06	48.02038355240658	-18.4659200833615	898	1
262	218	161	Appartement  2 niveaux	Un appartement sur 2 niveaux relis par un escalier intrieur.	4658200	2022-05-23 06:02:49	47.23386080445979	-18.253241354306702	234	9
264	280	2	Week-end home	Maison de week-end : vivre dans un centre de vacances avec vue sur la mer	3435700	2022-06-21 12:28:51	45.26854417494861	-19.38851912694461	640	8
265	309	54	Trano milamina	Maison chaleureuse avec un voisinage calme pour un hbergement en toute scurit	3508500	2022-03-20 02:33:23	47.01704303392164	-18.906857268840998	894	7
267	27	241	Maison moderne	Maison moderne proche de la maison contemporaine. Fini les toits en tuiles  double pente	8019100	2022-05-21 23:25:11	46.89127812861842	-19.727858936709023	436	1
268	920	92	Appartement familial	Un appartement avec salon, cuisine , deux chambres, et une salle de bain.	2576500	2022-03-10 21:57:42	46.418765633270425	-19.455144059281483	63	10
274	226	20	Trano gasy	Maison traditionnelle avec des cloisons, soit en brique, soit en parpaings creux	1232900	2022-03-25 02:32:12	48.07838400809574	-19.375883310033515	690	2
275	421	242	Trano manara-penitra	Cette maison contemporaine, compose de formes rectangulaires et baies vitres	4101400	2022-05-18 21:12:32	46.33998288810792	-18.082617110808386	801	5
276	426	224	Villa du bord	Villa luxueuse avec vue sur la mer, pouvant vous accueillir avec toute votre famille	7602300	2022-03-22 21:07:47	46.533265363658074	-19.76154591465119	420	10
277	490	262	Appartement familial	Un appartement avec salon, cuisine , deux chambres, et une salle de bain.	9649000	2022-03-15 05:10:07	47.08739802489951	-19.793335625040104	795	3
278	240	45	Week-end home	Maison de week-end : vivre dans un centre de vacances avec vue sur la mer	4284000	2022-07-11 02:44:44	47.91859963579092	-18.461258262048897	145	8
281	931	46	Trano gasy	Maison traditionnelle avec des cloisons, soit en brique, soit en parpaings creux	2677800	2022-06-09 22:46:57	47.500517349600116	-18.283090140102022	75	4
283	831	36	Bungalow	Bungalow bien sophistiqu avec vue sur la mer, qui rends alors vos vacances inoubliables	7571000	2022-06-21 08:27:30	45.31939685438333	-19.496519086513157	427	8
285	279	183	Appartement  2 niveaux	Un appartement sur 2 niveaux relis par un escalier intrieur.	6127300	2022-07-03 21:23:44	47.26475157404009	-19.599835503950555	221	2
288	137	105	Villa du bord	Villa luxueuse avec vue sur la mer, pouvant vous accueillir avec toute votre famille	7036000	2022-06-02 11:34:16	47.19181462602839	-19.232881673553095	174	5
291	168	237	Trano milamina	Maison chaleureuse avec un voisinage calme pour un hbergement en toute scurit	2115000	2022-03-14 12:23:02	46.01219030226844	-18.725767235565392	81	4
292	875	45	Trano manara-penitra	Cette maison contemporaine, compose de formes rectangulaires et baies vitres	7339100	2022-05-23 16:55:37	46.078201252651866	-18.36226613068199	484	1
293	972	226	Villa mihadana	Villa isol et tranquille pour des locataires qui prfrent une vie loigne	9557400	2022-05-31 10:44:05	45.3561267831342	-19.427707611126316	720	9
294	376	7	Appartement gothique	Appartement pour un locataire qui aime les sensations et une vie de risque	5182400	2022-03-17 20:08:30	48.14141579605856	-18.321811039104983	911	4
296	530	115	Trano milamina	Maison chaleureuse avec un voisinage calme pour un hbergement en toute scurit	8545700	2022-04-17 14:18:46	46.051615956707856	-19.091383223859545	944	1
297	228	45	Appartement standard	Appartement standard comprenant un salon avec coin cuisine et une chambre	5016000	2022-06-07 04:31:12	46.90382854409361	-19.802893797404767	539	3
298	102	81	Trano manara-penitra	Cette maison contemporaine, compose de formes rectangulaires et baies vitres	3150400	2022-04-29 19:35:45	47.598225968594875	-19.521043677245448	689	1
299	96	240	Maison moderne	Maison moderne proche de la maison contemporaine. Fini les toits en tuiles  double pente	9717600	2022-03-16 01:23:14	45.929463627440214	-19.800331536093214	846	6
300	592	212	The village	Maison villagoise qui vous loigne dans un milieu serein pour plus de calme	3199100	2022-05-05 15:23:01	48.2535589499483	-18.190865754129366	542	1
301	260	156	Luxe Appart	Appartement de luxe vous place dans un environnement o le luxe et confort rgnent.	1757800	2022-04-06 12:18:36	47.15124963809218	-19.90405586851684	207	5
303	738	274	Trano manara-penitra	Cette maison contemporaine, compose de formes rectangulaires et baies vitres	9570900	2022-04-12 21:58:29	46.636941981715985	-18.90941247027299	532	1
304	300	218	Maison de vacances	Entre charme et tradition, ce type de maison est idal pour se dtendre en vacances.	4385200	2022-06-02 15:39:28	45.57843649864277	-18.915778347544297	787	3
305	335	63	Villa individuelle	Villa individuelle loigner d'autres maisons de 6 metres aux alentours.	3441600	2022-06-14 01:32:08	46.96766216021012	-19.132423748059775	566	6
306	968	154	Maison de vacances	Entre charme et tradition, ce type de maison est idal pour se dtendre en vacances.	6741900	2022-03-29 04:10:24	48.154858999137566	-19.85996589941957	146	9
308	647	197	Appartement quip	Appartement compos dune pice principale et une cuisine indpendante	8069600	2022-05-12 12:21:17	45.65957898796877	-18.755392795424047	570	7
309	298	264	Appartement gothique	Appartement pour un locataire qui aime les sensations et une vie de risque	1808300	2022-03-09 05:15:18	46.17003579189515	-19.205068958072538	512	1
311	335	19	FuturHouse	Maison moderne avec des fournitures contemporaine qui fait voyager vers le future	9605200	2022-03-09 17:59:57	47.75575175850116	-19.23643547236753	991	5
312	902	40	Maison contigue	Maison contigue qui augmente le charme de la maison et la convivialit.	8897000	2022-05-09 12:53:00	46.015354508057705	-19.564413814038257	416	3
317	802	118	Villa du bord	Villa luxueuse avec vue sur la mer, pouvant vous accueillir avec toute votre famille	3150000	2022-05-12 23:18:26	46.034643365834576	-19.287363025660696	155	7
318	417	61	Maison contigue	Maison contigue qui augmente le charme de la maison et la convivialit.	1863500	2022-05-22 20:45:58	47.13895580841322	-19.08216498823846	672	7
319	564	107	Trano manara-penitra	Cette maison contemporaine, compose de formes rectangulaires et baies vitres	1339900	2022-04-27 07:49:01	47.508269029366716	-18.1233696182429	745	9
322	664	147	Appartement gothique	Appartement pour un locataire qui aime les sensations et une vie de risque	3300100	2022-06-28 23:16:53	45.17957225549637	-18.435679237714464	961	5
324	858	273	Luxe Appart	Appartement de luxe vous place dans un environnement o le luxe et confort rgnent.	8078300	2022-07-09 08:02:21	46.192099370949634	-18.988387365454194	113	9
325	80	156	Trano manara-penitra	Cette maison contemporaine, compose de formes rectangulaires et baies vitres	9809700	2022-03-09 04:58:41	45.873226923803024	-19.038888909118942	840	3
327	997	51	Maison moderne	Maison moderne proche de la maison contemporaine. Fini les toits en tuiles  double pente	8824800	2022-05-27 02:31:57	45.8730807866182	-19.23691765003953	796	1
330	462	202	Maison moderne	Maison moderne proche de la maison contemporaine. Fini les toits en tuiles  double pente	1141600	2022-05-23 22:41:47	47.21097828216128	-19.550361697158017	287	1
333	369	60	Appartement  2 niveaux	Un appartement sur 2 niveaux relis par un escalier intrieur.	5343900	2022-07-11 23:56:23	45.15127448542402	-19.580189898471957	598	10
334	280	129	Maison moderne	Maison moderne proche de la maison contemporaine. Fini les toits en tuiles  double pente	5885100	2022-03-01 03:33:18	48.02478341182253	-18.94768831426738	708	9
336	385	228	Appartement standard	Appartement standard comprenant un salon avec coin cuisine et une chambre	6474700	2022-06-06 16:16:08	45.884245705095495	-18.241698501721633	401	6
338	561	220	Villa du bord	Villa luxueuse avec vue sur la mer, pouvant vous accueillir avec toute votre famille	1536300	2022-05-21 00:21:36	47.6248827466601	-18.056359971995132	180	3
339	484	68	The village	Maison villagoise qui vous loigne dans un milieu serein pour plus de calme	3292000	2022-06-05 02:30:18	48.296382739107095	-19.339094392975028	405	8
340	134	90	Appartement quip	Appartement compos dune pice principale et une cuisine indpendante	2650800	2022-07-08 06:37:41	48.190510250721545	-19.620342258634935	394	5
341	269	184	Maison moderne	Maison moderne proche de la maison contemporaine. Fini les toits en tuiles  double pente	1418700	2022-07-08 17:39:35	45.52376275786004	-19.10233780117417	447	2
343	764	189	The village	Maison villagoise qui vous loigne dans un milieu serein pour plus de calme	5997900	2022-03-07 12:24:27	46.5831368629641	-18.155908159241893	285	2
348	91	79	Maison contigue	Maison contigue qui augmente le charme de la maison et la convivialit.	8080400	2022-03-04 23:00:05	47.61373787558091	-19.29384443191353	470	6
349	923	46	Week-end home	Maison de week-end : vivre dans un centre de vacances avec vue sur la mer	9972100	2022-06-21 06:20:31	46.02148293731958	-19.93251537279604	973	8
351	970	255	Week-end home	Maison de week-end : vivre dans un centre de vacances avec vue sur la mer	2828900	2022-06-04 11:42:23	46.99657114202334	-18.312280180442492	376	7
352	600	82	Luxe Appart	Appartement de luxe vous place dans un environnement o le luxe et confort rgnent.	9808800	2022-03-14 07:29:09	46.472271027340916	-19.601370473820054	636	5
354	504	151	Maison contigue	Maison contigue qui augmente le charme de la maison et la convivialit.	9388900	2022-06-08 22:43:06	47.54978232320485	-18.007092157035864	208	4
355	252	228	Trano milamina	Maison chaleureuse avec un voisinage calme pour un hbergement en toute scurit	2765500	2022-07-06 02:55:28	47.786467004613854	-19.095005780950366	858	2
357	705	289	Appartement familial	Un appartement avec salon, cuisine , deux chambres, et une salle de bain.	9487700	2022-04-07 16:50:20	46.542784109734384	-18.012686645723573	729	1
358	827	290	Appartement quip	Appartement compos dune pice principale et une cuisine indpendante	8529500	2022-05-11 14:19:00	46.88953796370343	-19.11055231129536	523	6
361	20	200	Luxe Appart	Appartement de luxe vous place dans un environnement o le luxe et confort rgnent.	4871500	2022-06-02 18:25:43	46.60325747763495	-18.736840565757966	758	1
363	961	85	Villa du bord	Villa luxueuse avec vue sur la mer, pouvant vous accueillir avec toute votre famille	1544100	2022-04-19 13:10:49	45.071378360698034	-18.689259298339948	476	8
365	112	86	Villa individuelle	Villa individuelle loigner d'autres maisons de 6 metres aux alentours.	3275300	2022-04-14 09:32:20	45.597589906656715	-19.68111691257863	237	4
366	625	58	Maison de vacances	Entre charme et tradition, ce type de maison est idal pour se dtendre en vacances.	3547000	2022-05-12 20:14:36	46.9260404938974	-18.809680043856613	898	5
368	878	57	Trano gasy	Maison traditionnelle avec des cloisons, soit en brique, soit en parpaings creux	7573700	2022-06-17 15:42:42	45.50305609679566	-18.833070636431835	918	2
369	216	240	Appartement gothique	Appartement pour un locataire qui aime les sensations et une vie de risque	2360700	2022-04-25 17:01:32	47.78026572092448	-19.86697632532639	841	1
371	105	270	The village	Maison villagoise qui vous loigne dans un milieu serein pour plus de calme	3596100	2022-05-31 03:05:24	46.90044305079554	-18.461177906856133	488	9
373	710	266	Trano milamina	Maison chaleureuse avec un voisinage calme pour un hbergement en toute scurit	1872900	2022-03-17 19:34:40	47.96411146371299	-19.359460527574495	370	7
375	551	106	Week-end home	Maison de week-end : vivre dans un centre de vacances avec vue sur la mer	8390300	2022-05-28 13:02:19	46.588981683584166	-18.503635772829657	286	6
376	629	21	Week-end home	Maison de week-end : vivre dans un centre de vacances avec vue sur la mer	4420700	2022-05-10 06:44:43	48.18846868421192	-18.483375702510937	124	6
377	930	216	Appartement  2 niveaux	Un appartement sur 2 niveaux relis par un escalier intrieur.	2363100	2022-06-17 01:00:07	46.9216529934582	-18.26295409444022	848	10
378	48	203	Luxe Appart	Appartement de luxe vous place dans un environnement o le luxe et confort rgnent.	9753800	2022-05-25 11:26:10	45.54494870219359	-19.67267167692533	868	3
379	268	129	Appartement gothique	Appartement pour un locataire qui aime les sensations et une vie de risque	4132000	2022-03-30 21:19:00	46.12030814768205	-18.547774769241233	704	1
381	495	14	Appartement familial	Un appartement avec salon, cuisine , deux chambres, et une salle de bain.	9665700	2022-07-01 12:55:18	47.085734831626496	-19.464567668654635	986	5
383	998	218	Appartement gothique	Appartement pour un locataire qui aime les sensations et une vie de risque	2923900	2022-04-04 06:58:08	47.374889943929446	-19.780698001773988	598	1
385	870	114	Villa du bord	Villa luxueuse avec vue sur la mer, pouvant vous accueillir avec toute votre famille	1255500	2022-04-17 12:20:13	47.01198675441888	-19.884889783884827	662	10
386	445	109	Villa individuelle	Villa individuelle loigner d'autres maisons de 6 metres aux alentours.	9064100	2022-03-10 11:11:38	47.76750476659367	-18.649173786553767	185	6
388	417	231	Appartement familial	Un appartement avec salon, cuisine , deux chambres, et une salle de bain.	8297100	2022-03-16 18:43:16	47.4532490204723	-18.487262405110457	852	8
389	351	198	Villa du bord	Villa luxueuse avec vue sur la mer, pouvant vous accueillir avec toute votre famille	4559300	2022-05-22 01:25:08	45.6357419668513	-18.691844341280508	271	9
390	120	201	Luxe Appart	Appartement de luxe vous place dans un environnement o le luxe et confort rgnent.	5518700	2022-06-18 19:13:55	47.266477083179964	-18.142438008921886	268	8
392	208	284	Trano milamina	Maison chaleureuse avec un voisinage calme pour un hbergement en toute scurit	1084700	2022-05-26 04:49:47	45.65808620298299	-18.31508775484721	353	2
394	672	216	Maison moderne	Maison moderne proche de la maison contemporaine. Fini les toits en tuiles  double pente	1905800	2022-04-11 13:54:36	45.65330982539279	-19.47467798274889	249	7
396	35	237	Trano gasy	Maison traditionnelle avec des cloisons, soit en brique, soit en parpaings creux	1775700	2022-06-13 21:02:28	47.92341599276705	-19.29409245995151	546	8
398	340	179	Appartement  2 niveaux	Un appartement sur 2 niveaux relis par un escalier intrieur.	6089200	2022-03-27 22:42:34	45.45184077210509	-18.93195314515432	262	7
399	238	14	Appartement familial	Un appartement avec salon, cuisine , deux chambres, et une salle de bain.	3908800	2022-04-23 21:19:25	46.926180732800404	-18.707427030200233	792	9
400	977	230	Maison contigue	Maison contigue qui augmente le charme de la maison et la convivialit.	9503700	2022-06-06 22:42:06	46.70314047848034	-18.70029214423166	753	1
402	78	233	Bungalow	Bungalow bien sophistiqu avec vue sur la mer, qui rends alors vos vacances inoubliables	5757400	2022-03-14 22:23:23	48.22759156414358	-18.26695161769252	980	4
407	640	21	Trano gasy	Maison traditionnelle avec des cloisons, soit en brique, soit en parpaings creux	8452600	2022-05-28 21:50:15	46.465650061890216	-19.672900461154356	304	4
408	799	169	Villa individuelle	Villa individuelle loigner d'autres maisons de 6 metres aux alentours.	7128100	2022-03-01 23:58:29	47.69956326315233	-18.510188007596636	601	8
409	903	107	Trano gasy	Maison traditionnelle avec des cloisons, soit en brique, soit en parpaings creux	4609100	2022-04-22 04:32:50	48.23497846034052	-19.732608011412005	247	8
410	223	191	Trano milamina	Maison chaleureuse avec un voisinage calme pour un hbergement en toute scurit	1256600	2022-03-12 06:50:41	47.24000232239686	-18.35985158250267	737	7
411	582	231	Appartement gothique	Appartement pour un locataire qui aime les sensations et une vie de risque	5082400	2022-06-03 07:13:05	46.536380840450676	-19.335617429825234	704	7
412	966	122	FuturHouse	Maison moderne avec des fournitures contemporaine qui fait voyager vers le future	3037000	2022-03-07 15:56:31	46.51912910608368	-19.61585194459734	276	1
413	157	90	Villa mihadana	Villa isol et tranquille pour des locataires qui prfrent une vie loigne	7688900	2022-04-03 11:59:49	48.14523787248557	-19.35267795166784	725	2
414	946	220	Trano manara-penitra	Cette maison contemporaine, compose de formes rectangulaires et baies vitres	7609000	2022-04-13 10:40:37	45.565476220881024	-19.318656183583677	90	4
415	298	205	Trano gasy	Maison traditionnelle avec des cloisons, soit en brique, soit en parpaings creux	1554900	2022-03-17 13:47:52	45.61776324199826	-18.172958744452824	377	2
416	559	9	Week-end home	Maison de week-end : vivre dans un centre de vacances avec vue sur la mer	7027300	2022-04-18 07:17:06	45.39127133949106	-18.490910037253958	198	10
418	973	201	The village	Maison villagoise qui vous loigne dans un milieu serein pour plus de calme	9969300	2022-05-12 21:35:19	47.97647967198691	-18.453255442865554	870	5
423	114	202	Villa individuelle	Villa individuelle loigner d'autres maisons de 6 metres aux alentours.	1763300	2022-06-04 12:48:06	45.32804744301854	-19.01288586950206	44	9
424	788	93	Trano manara-penitra	Cette maison contemporaine, compose de formes rectangulaires et baies vitres	3299400	2022-03-23 16:33:38	47.125732969007544	-19.73608900890781	767	6
426	641	17	Trano gasy	Maison traditionnelle avec des cloisons, soit en brique, soit en parpaings creux	7055000	2022-06-07 00:58:08	46.9358423332099	-18.83486921519841	476	6
428	163	57	Appartement quip	Appartement compos dune pice principale et une cuisine indpendante	6965100	2022-07-11 10:43:01	46.10962821587403	-18.783965524616193	932	6
429	431	124	Maison contigue	Maison contigue qui augmente le charme de la maison et la convivialit.	8286300	2022-06-12 22:57:29	46.85178039252967	-18.384043892551453	350	3
430	117	256	Appartement  2 niveaux	Un appartement sur 2 niveaux relis par un escalier intrieur.	9827300	2022-06-09 00:46:41	48.1087600384474	-18.319759263000833	731	1
431	714	50	Trano manara-penitra	Cette maison contemporaine, compose de formes rectangulaires et baies vitres	1292600	2022-04-21 13:08:40	45.43821583535292	-18.47626943793503	497	10
432	342	239	Luxe Appart	Appartement de luxe vous place dans un environnement o le luxe et confort rgnent.	2354000	2022-04-12 05:47:34	45.68534565166436	-19.590578307277084	608	6
433	907	276	Maison contigue	Maison contigue qui augmente le charme de la maison et la convivialit.	6515000	2022-03-14 20:01:56	46.24587812609485	-18.83670717577769	543	3
434	803	83	Appartement gothique	Appartement pour un locataire qui aime les sensations et une vie de risque	4335000	2022-05-14 16:58:49	46.26240803683578	-18.262121405025017	54	8
435	353	12	Appartement gothique	Appartement pour un locataire qui aime les sensations et une vie de risque	9233700	2022-06-02 06:14:21	45.629842195179705	-19.19977304930341	112	2
436	155	259	Week-end home	Maison de week-end : vivre dans un centre de vacances avec vue sur la mer	7921300	2022-03-23 08:03:45	46.550010366758634	-19.996958679460345	673	8
438	656	125	FuturHouse	Maison moderne avec des fournitures contemporaine qui fait voyager vers le future	2264000	2022-03-19 10:26:49	46.35683728516925	-18.75600875920927	509	5
439	619	34	Villa du bord	Villa luxueuse avec vue sur la mer, pouvant vous accueillir avec toute votre famille	2447400	2022-04-26 08:59:56	46.22154805271708	-19.859414036081173	566	8
440	9	282	Trano manara-penitra	Cette maison contemporaine, compose de formes rectangulaires et baies vitres	7187000	2022-06-28 18:15:39	46.45018143276543	-18.728098310218233	150	1
441	408	22	Villa mihadana	Villa isol et tranquille pour des locataires qui prfrent une vie loigne	8633400	2022-06-29 12:35:58	47.46678782991173	-18.59873364578728	686	6
448	139	83	Maison contigue	Maison contigue qui augmente le charme de la maison et la convivialit.	6568500	2022-04-24 17:27:18	45.405164226343274	-19.8817980302313	549	5
450	899	174	Appartement familial	Un appartement avec salon, cuisine , deux chambres, et une salle de bain.	2079800	2022-06-14 16:53:38	45.58522014818185	-19.93241232174844	950	9
451	275	144	Appartement standard	Appartement standard comprenant un salon avec coin cuisine et une chambre	8284500	2022-06-29 03:49:34	45.51677204708061	-18.642568943255995	203	7
452	835	7	Appartement quip	Appartement compos dune pice principale et une cuisine indpendante	8082700	2022-04-19 07:49:34	46.24159967234446	-18.30330805944682	704	7
455	92	182	Maison contigue	Maison contigue qui augmente le charme de la maison et la convivialit.	8359300	2022-05-27 09:06:49	45.24926589130603	-18.143892834313846	466	3
456	607	207	Maison de vacances	Entre charme et tradition, ce type de maison est idal pour se dtendre en vacances.	8643300	2022-05-11 16:48:58	46.51570058175906	-18.44666199076151	721	5
459	751	89	Villa mihadana	Villa isol et tranquille pour des locataires qui prfrent une vie loigne	7532400	2022-06-12 10:08:17	45.848712728388925	-19.03536983065902	383	9
460	130	209	Appartement standard	Appartement standard comprenant un salon avec coin cuisine et une chambre	9027700	2022-05-18 00:52:13	45.88761451469364	-18.370472913622216	807	9
461	946	4	FuturHouse	Maison moderne avec des fournitures contemporaine qui fait voyager vers le future	5744100	2022-05-20 15:06:44	45.60969895537782	-18.106612250167714	677	3
462	47	242	Villa individuelle	Villa individuelle loigner d'autres maisons de 6 metres aux alentours.	2148000	2022-07-01 10:30:46	45.09977048330112	-18.030649743489843	271	10
464	195	153	Appartement gothique	Appartement pour un locataire qui aime les sensations et une vie de risque	9488500	2022-04-22 03:47:20	48.24375812790243	-19.322708594406617	270	8
465	386	220	Maison contigue	Maison contigue qui augmente le charme de la maison et la convivialit.	2720000	2022-04-28 03:47:43	47.77935279235403	-19.899607631237103	873	1
466	266	249	Bungalow	Bungalow bien sophistiqu avec vue sur la mer, qui rends alors vos vacances inoubliables	7190800	2022-06-24 01:34:17	47.123603780777145	-18.777756034726508	265	5
468	79	35	FuturHouse	Maison moderne avec des fournitures contemporaine qui fait voyager vers le future	5939500	2022-06-18 21:24:02	46.57255406427875	-19.738816525953286	602	3
469	461	171	Villa mihadana	Villa isol et tranquille pour des locataires qui prfrent une vie loigne	3182800	2022-05-08 03:12:00	45.781863554231926	-19.04327361870898	451	7
470	593	152	Villa du bord	Villa luxueuse avec vue sur la mer, pouvant vous accueillir avec toute votre famille	7664300	2022-05-04 03:28:29	47.22997527362241	-18.07314679428691	370	4
471	146	292	Trano manara-penitra	Cette maison contemporaine, compose de formes rectangulaires et baies vitres	2218400	2022-06-17 20:44:55	45.37880888508254	-18.32835329887732	747	5
472	940	131	Appartement  2 niveaux	Un appartement sur 2 niveaux relis par un escalier intrieur.	6651100	2022-03-10 17:33:39	47.62721553622336	-19.38939137846845	148	4
474	395	227	Appartement standard	Appartement standard comprenant un salon avec coin cuisine et une chambre	5156300	2022-05-10 11:25:34	47.175636593787715	-18.38455585973791	292	6
475	725	153	Bungalow	Bungalow bien sophistiqu avec vue sur la mer, qui rends alors vos vacances inoubliables	9890400	2022-05-16 05:29:29	45.01080474905867	-18.52637574008347	164	1
477	581	68	The village	Maison villagoise qui vous loigne dans un milieu serein pour plus de calme	5001600	2022-06-04 15:57:45	45.99311675142836	-18.063247441362	479	2
479	493	191	Appartement quip	Appartement compos dune pice principale et une cuisine indpendante	2107800	2022-04-02 17:18:40	45.59783906108534	-18.76772400337004	202	9
480	484	274	Trano manara-penitra	Cette maison contemporaine, compose de formes rectangulaires et baies vitres	6940300	2022-04-08 16:01:03	46.43766963885154	-18.842581749300095	573	7
481	466	270	Trano milamina	Maison chaleureuse avec un voisinage calme pour un hbergement en toute scurit	2854000	2022-06-30 09:58:51	45.21198042941598	-19.010350140840952	856	7
483	978	254	Villa du bord	Villa luxueuse avec vue sur la mer, pouvant vous accueillir avec toute votre famille	3817500	2022-06-12 13:53:51	45.71497122676457	-19.147114389995057	41	7
484	649	291	Week-end home	Maison de week-end : vivre dans un centre de vacances avec vue sur la mer	4153300	2022-06-19 18:22:46	46.504302868368704	-19.968891698029275	295	7
487	792	4	Appartement quip	Appartement compos dune pice principale et une cuisine indpendante	9288900	2022-05-08 07:43:05	47.3357036723077	-18.741625523294655	891	10
488	111	289	Week-end home	Maison de week-end : vivre dans un centre de vacances avec vue sur la mer	3048600	2022-03-26 19:07:20	45.58468355744677	-18.932925747888937	463	1
491	288	200	Trano manara-penitra	Cette maison contemporaine, compose de formes rectangulaires et baies vitres	5599000	2022-05-04 09:44:42	48.10775476955381	-19.399297009819318	694	9
492	715	25	The village	Maison villagoise qui vous loigne dans un milieu serein pour plus de calme	6917200	2022-03-18 18:30:30	47.348684574034884	-18.297118216436655	586	9
496	252	54	Appartement  2 niveaux	Un appartement sur 2 niveaux relis par un escalier intrieur.	9102400	2022-04-20 21:10:09	46.789081406507385	-18.39128637130076	496	7
497	165	97	Trano milamina	Maison chaleureuse avec un voisinage calme pour un hbergement en toute scurit	3942700	2022-04-10 13:02:07	47.496667919457806	-19.51775597409224	818	3
499	690	274	Appartement gothique	Appartement pour un locataire qui aime les sensations et une vie de risque	8655200	2022-05-05 21:15:27	47.487029124087194	-18.62900778830088	301	9
500	942	197	Week-end home	Maison de week-end : vivre dans un centre de vacances avec vue sur la mer	2854500	2022-05-14 12:09:20	45.53097284635015	-18.726496288370836	121	4
28	260	294	Villa du bord	Villa luxueuse avec vue sur la mer, pouvant vous accueillir avec toute votre famille	1333070	2022-04-17 16:59:01	46.45632271276493	-18.865917736178275	83	5
29	302	238	Week-end home	Maison de week-end : vivre dans un centre de vacances avec vue sur la mer	1376460	2022-05-26 03:38:36	47.77425668614025	-18.72161506870299	546	3
35	280	167	Luxe Appart	Appartement de luxe vous place dans un environnement o le luxe et confort rgnent.	1396610	2022-05-23 12:04:01	45.75431296757877	-18.536953363474005	922	1
42	995	14	Appartement quip	Appartement compos dune pice principale et une cuisine indpendante	1384590	2022-05-09 10:01:49	46.84942621699589	-19.675087302664036	178	3
44	420	56	Appartement familial	Un appartement avec salon, cuisine , deux chambres, et une salle de bain.	1430630	2022-06-28 06:28:54	46.75129143247337	-18.43311657489293	400	10
50	943	243	Trano milamina	Maison chaleureuse avec un voisinage calme pour un hbergement en toute scurit	1486610	2022-06-09 08:06:31	47.31819578692481	-19.33831686933488	342	7
52	102	118	Appartement quip	Appartement compos dune pice principale et une cuisine indpendante	1315030	2022-03-31 06:03:28	47.93797298272262	-18.69237183275051	618	1
56	137	288	Luxe Appart	Appartement de luxe vous place dans un environnement o le luxe et confort rgnent.	1311440	2022-04-20 11:39:09	46.29572560203905	-18.491514155787335	174	10
58	823	140	The village	Maison villagoise qui vous loigne dans un milieu serein pour plus de calme	1496700	2022-07-02 03:35:20	45.73734031382934	-19.31013929289866	365	7
64	957	134	Appartement standard	Appartement standard comprenant un salon avec coin cuisine et une chambre	1448670	2022-03-02 04:34:35	45.629811838537364	-18.098660322210137	197	3
65	352	35	Villa du bord	Villa luxueuse avec vue sur la mer, pouvant vous accueillir avec toute votre famille	1348940	2022-04-20 02:46:06	48.122726053456546	-18.73535519029152	559	8
66	24	17	Trano manara-penitra	Cette maison contemporaine, compose de formes rectangulaires et baies vitres	1329450	2022-06-28 11:12:52	46.476407291629215	-19.1057706485656	739	3
71	100	136	Trano gasy	Maison traditionnelle avec des cloisons, soit en brique, soit en parpaings creux	1494770	2022-04-11 14:00:30	48.12978695307776	-19.842799310269555	213	6
73	417	136	Appartement gothique	Appartement pour un locataire qui aime les sensations et une vie de risque	1484030	2022-06-14 15:11:00	46.24997981902104	-18.680208235023546	429	1
75	410	32	The village	Maison villagoise qui vous loigne dans un milieu serein pour plus de calme	1021600	2022-06-23 02:57:51	46.539092677589544	-19.49423065048308	890	7
77	942	114	Appartement familial	Un appartement avec salon, cuisine , deux chambres, et une salle de bain.	1084060	2022-07-07 00:51:52	46.27169021851914	-19.49736585553456	472	7
81	159	200	Appartement familial	Un appartement avec salon, cuisine , deux chambres, et une salle de bain.	1257740	2022-03-07 23:48:06	48.118697564080485	-19.48861078565661	978	3
82	182	249	Villa du bord	Villa luxueuse avec vue sur la mer, pouvant vous accueillir avec toute votre famille	1365630	2022-06-30 21:56:52	46.05909105222327	-18.094168064724116	374	7
83	198	128	FuturHouse	Maison moderne avec des fournitures contemporaine qui fait voyager vers le future	1226700	2022-04-12 02:03:23	47.475404419611436	-19.626317801757494	767	6
89	918	251	Bungalow	Bungalow bien sophistiqu avec vue sur la mer, qui rends alors vos vacances inoubliables	1423230	2022-05-16 05:56:27	47.70612484386865	-18.387476393797456	248	4
91	417	224	Appartement gothique	Appartement pour un locataire qui aime les sensations et une vie de risque	1332220	2022-07-04 20:22:41	45.09881129029352	-18.429938061725046	205	3
97	97	67	Trano gasy	Maison traditionnelle avec des cloisons, soit en brique, soit en parpaings creux	1050700	2022-04-16 23:48:47	45.14649214531095	-18.592602767224523	726	10
102	560	50	Maison de vacances	Entre charme et tradition, ce type de maison est idal pour se dtendre en vacances.	1048300	2022-03-02 22:04:02	45.19922331166496	-18.394337688973977	466	1
105	769	225	Villa du bord	Villa luxueuse avec vue sur la mer, pouvant vous accueillir avec toute votre famille	1222990	2022-04-27 17:16:43	46.04699308738608	-18.87417253682235	742	8
109	743	148	FuturHouse	Maison moderne avec des fournitures contemporaine qui fait voyager vers le future	1491720	2022-03-06 00:16:54	48.00263788988163	-19.922686421508516	736	1
115	931	278	Maison de vacances	Entre charme et tradition, ce type de maison est idal pour se dtendre en vacances.	1124870	2022-06-24 22:39:08	45.278391137954564	-19.293347754000887	431	7
121	817	197	Appartement familial	Un appartement avec salon, cuisine , deux chambres, et une salle de bain.	1013690	2022-03-17 03:44:43	48.21592881773014	-19.696786480136602	399	9
122	346	67	FuturHouse	Maison moderne avec des fournitures contemporaine qui fait voyager vers le future	1219160	2022-06-25 01:57:59	45.983390357102905	-18.697645238086555	984	10
127	126	251	Maison moderne	Maison moderne proche de la maison contemporaine. Fini les toits en tuiles  double pente	1245310	2022-07-07 17:04:01	45.685145735071465	-19.022959808284572	260	5
130	906	221	Luxe Appart	Appartement de luxe vous place dans un environnement o le luxe et confort rgnent.	1475350	2022-05-22 00:25:10	45.04859257230524	-18.263279096056124	389	7
131	318	80	Villa vaudoise	Villa vaudoise: des tuiles plates, de grandes baies vitres avec des croisillons	1253010	2022-03-10 14:29:38	46.39280918295126	-19.46465778164081	234	3
139	500	145	Appartement standard	Appartement standard comprenant un salon avec coin cuisine et une chambre	1149780	2022-07-11 14:08:19	46.39060605332269	-18.03624635674496	297	8
147	106	17	Appartement gothique	Appartement pour un locataire qui aime les sensations et une vie de risque	1396740	2022-05-08 04:08:11	46.005979899716884	-19.602514333393614	331	4
148	525	34	Appartement standard	Appartement standard comprenant un salon avec coin cuisine et une chambre	1445070	2022-04-12 23:52:58	48.256930982158856	-19.40737318665353	638	5
153	722	243	Maison contigue	Maison contigue qui augmente le charme de la maison et la convivialit.	1396700	2022-05-26 19:06:21	45.62785854533013	-18.821501783163328	690	9
159	774	207	Week-end home	Maison de week-end : vivre dans un centre de vacances avec vue sur la mer	1309100	2022-04-19 21:33:11	46.102047841699736	-19.487399371237903	941	3
164	862	23	FuturHouse	Maison moderne avec des fournitures contemporaine qui fait voyager vers le future	1023710	2022-04-10 04:49:07	45.854617080482925	-18.27427985978301	608	8
166	75	101	Maison de vacances	Entre charme et tradition, ce type de maison est idal pour se dtendre en vacances.	1271290	2022-05-30 15:10:35	46.927213057948975	-18.269767558092717	648	9
167	284	218	Luxe Appart	Appartement de luxe vous place dans un environnement o le luxe et confort rgnent.	1214910	2022-03-07 13:33:21	46.39542612686263	-18.108527678841885	82	6
170	949	48	Trano milamina	Maison chaleureuse avec un voisinage calme pour un hbergement en toute scurit	1050130	2022-05-20 01:48:58	45.53390469533767	-19.19082050115233	901	10
171	479	22	Trano milamina	Maison chaleureuse avec un voisinage calme pour un hbergement en toute scurit	1120350	2022-05-14 07:42:39	47.93315729801457	-19.99686798252381	574	4
172	356	206	The village	Maison villagoise qui vous loigne dans un milieu serein pour plus de calme	1232030	2022-03-29 15:34:48	47.4628098582859	-19.013359996033326	761	1
174	756	84	Trano gasy	Maison traditionnelle avec des cloisons, soit en brique, soit en parpaings creux	1443550	2022-04-23 13:38:20	46.68583807225035	-19.682858719427426	532	3
179	747	277	Trano milamina	Maison chaleureuse avec un voisinage calme pour un hbergement en toute scurit	1094410	2022-06-08 11:33:13	46.53921713641685	-19.825342862743845	916	5
181	944	231	Appartement  2 niveaux	Un appartement sur 2 niveaux relis par un escalier intrieur.	1499270	2022-04-28 00:26:00	47.6671385130228	-19.03322671736654	89	7
182	300	114	The village	Maison villagoise qui vous loigne dans un milieu serein pour plus de calme	1362370	2022-05-07 19:15:40	47.75210245030164	-19.121353487664177	590	7
183	520	4	Trano milamina	Maison chaleureuse avec un voisinage calme pour un hbergement en toute scurit	1412280	2022-04-13 08:10:37	46.07494904358019	-18.517624690449118	727	6
185	518	222	Trano milamina	Maison chaleureuse avec un voisinage calme pour un hbergement en toute scurit	1024100	2022-06-25 17:38:07	45.63088689876041	-19.998707848748175	342	5
187	465	273	Villa mihadana	Villa isol et tranquille pour des locataires qui prfrent une vie loigne	1167840	2022-04-03 07:02:32	48.28211344269087	-18.296094933766952	608	7
188	961	20	Villa individuelle	Villa individuelle loigner d'autres maisons de 6 metres aux alentours.	1299630	2022-05-27 00:13:30	46.51199388465423	-19.26058111898928	403	10
189	976	245	Villa vaudoise	Villa vaudoise: des tuiles plates, de grandes baies vitres avec des croisillons	1040670	2022-03-09 09:23:53	46.8987541681668	-19.598542331330783	542	8
192	22	14	Maison contigue	Maison contigue qui augmente le charme de la maison et la convivialit.	1158740	2022-04-15 02:24:13	46.40817962670484	-18.087506697907546	553	4
194	1	261	Villa mihadana	Villa isol et tranquille pour des locataires qui prfrent une vie loigne	1487130	2022-04-26 22:19:40	47.66804209972653	-18.14506142683785	579	9
195	634	72	Maison contigue	Maison contigue qui augmente le charme de la maison et la convivialit.	1066670	2022-06-06 13:06:29	45.33383385445599	-19.236091839087717	827	10
196	587	192	Trano milamina	Maison chaleureuse avec un voisinage calme pour un hbergement en toute scurit	1111710	2022-05-12 06:28:42	46.27430135848191	-18.90310474347	583	3
204	391	60	Luxe Appart	Appartement de luxe vous place dans un environnement o le luxe et confort rgnent.	1316690	2022-04-24 08:09:28	47.24589480601491	-19.6314521996924	133	8
206	230	192	Appartement quip	Appartement compos dune pice principale et une cuisine indpendante	1399200	2022-05-16 05:03:42	46.357455482229724	-19.10656954382759	164	3
214	186	20	Appartement gothique	Appartement pour un locataire qui aime les sensations et une vie de risque	1423420	2022-05-12 00:34:37	46.13922581106345	-18.656463822167115	535	2
215	824	34	Week-end home	Maison de week-end : vivre dans un centre de vacances avec vue sur la mer	1492610	2022-04-09 05:20:18	47.04315837843437	-19.421745587971966	912	3
216	809	185	The village	Maison villagoise qui vous loigne dans un milieu serein pour plus de calme	1068890	2022-03-08 09:19:57	46.79255725255296	-18.979106277535184	778	9
219	484	254	Villa individuelle	Villa individuelle loigner d'autres maisons de 6 metres aux alentours.	1328200	2022-05-28 03:09:49	46.27528944254201	-19.99595267231138	407	6
222	451	253	Villa vaudoise	Villa vaudoise: des tuiles plates, de grandes baies vitres avec des croisillons	1289430	2022-07-04 01:00:27	47.165824917987344	-19.83305311241949	586	2
224	984	159	Maison contigue	Maison contigue qui augmente le charme de la maison et la convivialit.	1287660	2022-03-07 12:46:03	47.87012012248511	-19.991517840818013	617	8
227	268	213	Villa individuelle	Villa individuelle loigner d'autres maisons de 6 metres aux alentours.	1482820	2022-04-15 22:13:57	46.16733416915498	-18.206880384822625	333	3
228	485	84	Appartement standard	Appartement standard comprenant un salon avec coin cuisine et une chambre	1260810	2022-06-09 23:22:35	47.32131201088549	-19.789179300986607	147	9
231	624	20	Week-end home	Maison de week-end : vivre dans un centre de vacances avec vue sur la mer	1052370	2022-05-03 19:11:18	47.12908122280797	-18.186684156809633	911	8
234	378	60	Maison moderne	Maison moderne proche de la maison contemporaine. Fini les toits en tuiles  double pente	1394470	2022-04-21 00:28:08	45.75672048885679	-19.318107894462543	365	9
236	808	100	Bungalow	Bungalow bien sophistiqu avec vue sur la mer, qui rends alors vos vacances inoubliables	1258860	2022-04-05 16:39:07	45.849316070354696	-19.714847021399272	783	4
237	187	222	Maison moderne	Maison moderne proche de la maison contemporaine. Fini les toits en tuiles  double pente	1096650	2022-05-13 02:45:35	46.06087954044435	-18.739836948709446	261	1
238	904	294	Week-end home	Maison de week-end : vivre dans un centre de vacances avec vue sur la mer	1379370	2022-03-16 13:04:18	47.526589687967515	-18.575490910910545	752	5
242	792	257	Villa du bord	Villa luxueuse avec vue sur la mer, pouvant vous accueillir avec toute votre famille	1210880	2022-05-07 14:48:09	47.50517913421474	-19.63506667932439	151	4
244	331	184	Maison contigue	Maison contigue qui augmente le charme de la maison et la convivialit.	1337220	2022-04-23 14:53:21	45.711619304563335	-18.158944325633534	103	1
248	387	194	Maison contigue	Maison contigue qui augmente le charme de la maison et la convivialit.	1005630	2022-03-24 13:50:39	47.32595875618876	-19.710676894111522	322	8
249	870	150	Maison de vacances	Entre charme et tradition, ce type de maison est idal pour se dtendre en vacances.	1095080	2022-03-25 08:55:53	47.616751140752825	-19.65104132947756	869	5
250	577	186	Appartement quip	Appartement compos dune pice principale et une cuisine indpendante	1174910	2022-04-09 15:30:08	46.88129522227244	-18.775888838248537	584	6
251	106	231	Appartement quip	Appartement compos dune pice principale et une cuisine indpendante	1113710	2022-06-12 02:41:36	46.55047540885494	-19.347801532187095	683	1
253	201	242	Appartement quip	Appartement compos dune pice principale et une cuisine indpendante	1035850	2022-04-11 15:40:20	47.54467210245853	-19.33924603586971	200	10
255	53	2	The village	Maison villagoise qui vous loigne dans un milieu serein pour plus de calme	1498010	2022-05-04 22:46:46	45.71326658171418	-19.191292499093908	619	4
263	339	119	Appartement standard	Appartement standard comprenant un salon avec coin cuisine et une chambre	1026300	2022-04-06 20:43:37	48.021407763915896	-18.42164679994181	903	8
266	780	132	Villa vaudoise	Villa vaudoise: des tuiles plates, de grandes baies vitres avec des croisillons	1033410	2022-05-30 09:19:21	46.604558980813465	-19.3504121160738	633	4
269	14	80	Maison moderne	Maison moderne proche de la maison contemporaine. Fini les toits en tuiles  double pente	1088550	2022-06-28 01:00:32	45.817851848491074	-19.402139118161564	903	1
270	204	134	Maison contigue	Maison contigue qui augmente le charme de la maison et la convivialit.	1350240	2022-03-29 14:25:54	46.90463848225005	-19.315911069725722	134	4
271	255	120	Maison de vacances	Entre charme et tradition, ce type de maison est idal pour se dtendre en vacances.	1195720	2022-05-06 23:27:18	45.56915273743825	-18.631007836276247	93	9
272	91	116	Appartement familial	Un appartement avec salon, cuisine , deux chambres, et une salle de bain.	1047880	2022-04-16 03:42:47	47.39478147010765	-18.90093483995876	446	10
273	52	244	Villa mihadana	Villa isol et tranquille pour des locataires qui prfrent une vie loigne	1483630	2022-03-05 21:42:55	47.07551041677784	-18.42706002656509	329	10
279	839	259	Maison de vacances	Entre charme et tradition, ce type de maison est idal pour se dtendre en vacances.	1128170	2022-04-10 03:12:56	46.592846520922976	-18.84027136444384	414	5
280	254	135	Maison contigue	Maison contigue qui augmente le charme de la maison et la convivialit.	1356690	2022-04-11 19:21:59	48.20162147692287	-19.688206504115815	675	1
284	704	222	Villa individuelle	Villa individuelle loigner d'autres maisons de 6 metres aux alentours.	1368450	2022-03-21 18:08:23	46.953097914282104	-19.3751027150425	253	2
286	783	187	Appartement gothique	Appartement pour un locataire qui aime les sensations et une vie de risque	1058420	2022-06-01 16:52:26	47.31842728093674	-19.28338532645157	268	10
287	971	137	Week-end home	Maison de week-end : vivre dans un centre de vacances avec vue sur la mer	1251740	2022-06-10 06:26:42	47.24227648331388	-18.061655182161214	128	8
289	73	136	The village	Maison villagoise qui vous loigne dans un milieu serein pour plus de calme	1202650	2022-06-21 11:03:50	46.99468823138819	-18.42617203516779	191	10
290	849	248	Appartement  2 niveaux	Un appartement sur 2 niveaux relis par un escalier intrieur.	1477170	2022-04-10 15:20:57	47.141416460069294	-18.712525949623235	289	3
302	82	288	Villa du bord	Villa luxueuse avec vue sur la mer, pouvant vous accueillir avec toute votre famille	1442950	2022-04-22 22:01:31	45.909399072340186	-18.981241177407885	992	6
310	983	183	Trano manara-penitra	Cette maison contemporaine, compose de formes rectangulaires et baies vitres	1253080	2022-06-24 16:21:49	47.77529990960306	-19.287482518670217	571	6
313	90	234	Luxe Appart	Appartement de luxe vous place dans un environnement o le luxe et confort rgnent.	1444490	2022-05-01 05:07:50	45.959239689264635	-18.17091846787107	96	2
314	135	204	Week-end home	Maison de week-end : vivre dans un centre de vacances avec vue sur la mer	1484540	2022-06-05 03:10:29	45.402248793160204	-18.027460900758182	163	8
315	953	233	Trano manara-penitra	Cette maison contemporaine, compose de formes rectangulaires et baies vitres	1023500	2022-07-07 23:03:32	45.63626006966741	-18.946516521207837	143	2
320	553	68	Trano gasy	Maison traditionnelle avec des cloisons, soit en brique, soit en parpaings creux	1458350	2022-04-17 01:18:33	48.131767842824	-18.414508936005863	923	10
321	348	257	Appartement familial	Un appartement avec salon, cuisine , deux chambres, et une salle de bain.	1045050	2022-07-02 08:33:53	47.493588336879384	-19.90906310704745	672	6
323	66	116	Luxe Appart	Appartement de luxe vous place dans un environnement o le luxe et confort rgnent.	1499110	2022-04-16 23:41:46	45.82116427860764	-19.596274583660687	369	8
326	174	198	Villa vaudoise	Villa vaudoise: des tuiles plates, de grandes baies vitres avec des croisillons	1079870	2022-03-16 16:05:41	45.54020176858388	-18.976072841107886	138	10
328	874	128	Week-end home	Maison de week-end : vivre dans un centre de vacances avec vue sur la mer	1045720	2022-05-27 12:15:52	47.38448082621292	-18.947292756246483	110	9
329	912	128	Bungalow	Bungalow bien sophistiqu avec vue sur la mer, qui rends alors vos vacances inoubliables	1060710	2022-05-09 15:34:01	47.810124485878205	-18.91361336049255	936	9
331	573	74	Trano gasy	Maison traditionnelle avec des cloisons, soit en brique, soit en parpaings creux	1377240	2022-03-06 20:52:00	46.698725511279896	-19.382942721798322	572	1
332	684	253	Trano manara-penitra	Cette maison contemporaine, compose de formes rectangulaires et baies vitres	1173900	2022-06-28 10:13:07	48.16776904003932	-18.54017741942735	124	7
335	769	168	Week-end home	Maison de week-end : vivre dans un centre de vacances avec vue sur la mer	1119940	2022-06-16 02:25:05	47.66837542909602	-19.33392048242414	330	1
337	311	248	Week-end home	Maison de week-end : vivre dans un centre de vacances avec vue sur la mer	1377680	2022-05-22 13:51:16	46.128627124978664	-19.067491373908847	475	4
342	2	226	Trano gasy	Maison traditionnelle avec des cloisons, soit en brique, soit en parpaings creux	1488270	2022-06-10 16:28:35	47.33457939988786	-18.266526550937893	213	1
344	620	111	Appartement quip	Appartement compos dune pice principale et une cuisine indpendante	1460010	2022-06-22 15:49:23	47.92042376409236	-18.233026640923043	343	6
345	185	18	Maison moderne	Maison moderne proche de la maison contemporaine. Fini les toits en tuiles  double pente	1491310	2022-05-20 20:48:49	46.183491074625934	-19.858488960728742	434	10
346	867	107	Maison de vacances	Entre charme et tradition, ce type de maison est idal pour se dtendre en vacances.	1346480	2022-06-21 14:05:07	45.73395739370382	-18.23809605431225	510	4
353	500	175	Appartement quip	Appartement compos dune pice principale et une cuisine indpendante	1411530	2022-07-05 05:17:11	46.0232660802691	-19.586131917016107	82	5
356	452	118	Maison contigue	Maison contigue qui augmente le charme de la maison et la convivialit.	1218380	2022-04-23 10:27:36	45.65255054930772	-19.826526606287	537	7
359	309	59	Appartement gothique	Appartement pour un locataire qui aime les sensations et une vie de risque	1043550	2022-03-29 13:30:26	46.42396963028315	-19.44462187237049	273	7
362	356	57	Trano gasy	Maison traditionnelle avec des cloisons, soit en brique, soit en parpaings creux	1201870	2022-04-15 07:10:28	48.171753940871405	-19.830051629337376	323	8
364	112	6	Trano manara-penitra	Cette maison contemporaine, compose de formes rectangulaires et baies vitres	1014350	2022-07-06 05:24:17	45.57094684970936	-18.505608717007846	755	3
367	510	79	Trano milamina	Maison chaleureuse avec un voisinage calme pour un hbergement en toute scurit	1128290	2022-03-28 14:09:12	47.09596410112335	-19.643708011531064	826	3
370	159	228	Maison de vacances	Entre charme et tradition, ce type de maison est idal pour se dtendre en vacances.	1369310	2022-06-11 17:08:24	46.0805690430317	-18.31395183729951	683	3
372	238	8	Appartement familial	Un appartement avec salon, cuisine , deux chambres, et une salle de bain.	1286350	2022-07-08 23:46:55	46.05958971219894	-18.359972911874006	526	4
382	641	275	Villa individuelle	Villa individuelle loigner d'autres maisons de 6 metres aux alentours.	1070660	2022-03-13 13:00:55	48.27119088998139	-18.993339034832783	669	7
384	660	250	Villa du bord	Villa luxueuse avec vue sur la mer, pouvant vous accueillir avec toute votre famille	1426490	2022-05-01 03:44:24	45.55174094280029	-18.284172613460242	224	4
387	43	192	Villa vaudoise	Villa vaudoise: des tuiles plates, de grandes baies vitres avec des croisillons	1270690	2022-05-30 17:02:02	47.47607355505228	-18.918486369692936	941	3
393	881	147	Bungalow	Bungalow bien sophistiqu avec vue sur la mer, qui rends alors vos vacances inoubliables	1279270	2022-06-28 18:56:43	46.24288819900751	-19.88252660627692	406	7
395	927	237	Villa mihadana	Villa isol et tranquille pour des locataires qui prfrent une vie loigne	1135060	2022-07-07 07:38:57	47.1304721655896	-19.712605341752077	778	9
397	903	184	Appartement standard	Appartement standard comprenant un salon avec coin cuisine et une chambre	1326340	2022-03-12 13:29:06	45.94340228289954	-19.321851543067382	148	2
401	386	232	Villa individuelle	Villa individuelle loigner d'autres maisons de 6 metres aux alentours.	1473620	2022-05-07 19:02:08	47.550206387671864	-18.966530717068537	391	7
403	449	175	Villa vaudoise	Villa vaudoise: des tuiles plates, de grandes baies vitres avec des croisillons	1146930	2022-05-25 02:03:04	45.645903266677344	-18.733074502274214	116	3
404	761	89	Villa du bord	Villa luxueuse avec vue sur la mer, pouvant vous accueillir avec toute votre famille	1228010	2022-06-27 23:53:21	47.527141534882865	-18.42384241781223	568	6
405	894	19	Trano manara-penitra	Cette maison contemporaine, compose de formes rectangulaires et baies vitres	1041190	2022-05-24 21:49:33	48.25367195234025	-18.317528851593096	896	3
406	949	76	Villa individuelle	Villa individuelle loigner d'autres maisons de 6 metres aux alentours.	1334540	2022-03-01 16:56:48	45.3054773684684	-18.773129572596837	644	7
417	960	286	Villa mihadana	Villa isol et tranquille pour des locataires qui prfrent une vie loigne	1467890	2022-05-16 09:12:11	47.73428519348553	-18.83247860818107	891	9
420	858	262	Bungalow	Bungalow bien sophistiqu avec vue sur la mer, qui rends alors vos vacances inoubliables	1470530	2022-06-01 12:54:43	47.90530772177674	-18.60579001098726	587	6
421	307	271	Trano manara-penitra	Cette maison contemporaine, compose de formes rectangulaires et baies vitres	1156300	2022-06-15 10:29:35	47.86194801691128	-18.00404618987231	435	6
422	958	248	FuturHouse	Maison moderne avec des fournitures contemporaine qui fait voyager vers le future	1254060	2022-07-09 22:37:19	46.57178564367812	-19.111352049875574	829	4
425	892	127	Maison contigue	Maison contigue qui augmente le charme de la maison et la convivialit.	1365770	2022-04-13 11:23:50	45.7413332577066	-19.109236455513983	717	10
427	798	5	Villa du bord	Villa luxueuse avec vue sur la mer, pouvant vous accueillir avec toute votre famille	1145340	2022-03-16 22:44:33	48.06396619561693	-18.734069058063206	851	7
437	463	295	Week-end home	Maison de week-end : vivre dans un centre de vacances avec vue sur la mer	1194220	2022-05-24 20:45:08	47.18963419120438	-18.03032372923471	806	1
442	826	295	Appartement quip	Appartement compos dune pice principale et une cuisine indpendante	1489770	2022-03-30 00:46:14	45.05042880753423	-19.946802178444425	513	1
443	186	46	Luxe Appart	Appartement de luxe vous place dans un environnement o le luxe et confort rgnent.	1057390	2022-07-01 01:58:17	46.916357813430054	-19.450773701004934	257	6
444	891	150	Week-end home	Maison de week-end : vivre dans un centre de vacances avec vue sur la mer	1344710	2022-04-08 15:32:38	46.587786308654216	-19.219670700626953	663	9
445	297	67	Appartement standard	Appartement standard comprenant un salon avec coin cuisine et une chambre	1368560	2022-04-11 01:08:28	46.568207155458296	-18.709450372335144	532	1
447	190	181	Trano milamina	Maison chaleureuse avec un voisinage calme pour un hbergement en toute scurit	1329440	2022-05-07 23:10:38	47.96261838269424	-19.016732056420402	387	5
449	945	5	Luxe Appart	Appartement de luxe vous place dans un environnement o le luxe et confort rgnent.	1056970	2022-04-19 02:43:38	46.33788976874033	-18.922722792801117	560	5
453	243	251	FuturHouse	Maison moderne avec des fournitures contemporaine qui fait voyager vers le future	1292130	2022-06-06 15:26:23	47.21946535071258	-18.434633826439427	474	9
457	850	268	Appartement quip	Appartement compos dune pice principale et une cuisine indpendante	1387170	2022-07-02 14:02:36	47.35839170376175	-18.736675311955835	670	4
463	886	150	Maison de vacances	Entre charme et tradition, ce type de maison est idal pour se dtendre en vacances.	1217140	2022-04-25 21:51:26	46.370397662487555	-18.728042013134427	844	3
473	522	14	Luxe Appart	Appartement de luxe vous place dans un environnement o le luxe et confort rgnent.	1161760	2022-07-10 14:07:14	47.59873429153997	-18.501982487295283	408	6
476	576	36	Villa du bord	Villa luxueuse avec vue sur la mer, pouvant vous accueillir avec toute votre famille	1080260	2022-05-28 00:08:54	47.78634719886361	-19.449485964614933	522	2
478	280	132	Week-end home	Maison de week-end : vivre dans un centre de vacances avec vue sur la mer	1197930	2022-03-13 08:30:20	45.34634777516165	-19.85873359478698	300	4
485	345	215	Villa mihadana	Villa isol et tranquille pour des locataires qui prfrent une vie loigne	1478660	2022-06-18 09:51:24	47.35001735215931	-19.833679451732007	815	5
486	520	293	Villa du bord	Villa luxueuse avec vue sur la mer, pouvant vous accueillir avec toute votre famille	1383200	2022-03-17 18:16:49	47.48409210678766	-18.05217939897645	610	10
489	289	149	Villa du bord	Villa luxueuse avec vue sur la mer, pouvant vous accueillir avec toute votre famille	1452310	2022-06-29 01:55:25	47.50619652004867	-19.74971611171644	64	10
490	509	53	Villa mihadana	Villa isol et tranquille pour des locataires qui prfrent une vie loigne	1076780	2022-03-27 18:00:19	45.38108999331352	-18.760559086768744	481	7
493	974	253	Maison moderne	Maison moderne proche de la maison contemporaine. Fini les toits en tuiles  double pente	1075660	2022-05-16 10:59:48	47.04552973390232	-19.128704714864938	991	7
494	551	216	Appartement  2 niveaux	Un appartement sur 2 niveaux relis par un escalier intrieur.	1400420	2022-07-06 01:55:24	47.6703422565319	-18.04999391867464	970	5
495	797	281	Appartement quip	Appartement compos dune pice principale et une cuisine indpendante	1401770	2022-05-31 10:43:37	46.6899421604065	-18.908665450065648	887	1
498	215	294	Bungalow	Bungalow bien sophistiqu avec vue sur la mer, qui rends alors vos vacances inoubliables	1227060	2022-04-30 06:52:19	45.67682835661342	-18.614339931825175	192	10
\.


--
-- Data for Name: publicite; Type: TABLE DATA; Schema: public; Owner: tranotsika
--

COPY public.publicite (id_publicite, lien, image) FROM stdin;
1	https://www.telma.mg/	pub1.jpg
3	http://www.sebtp-madagascar.com/societe_membre/colas-madagascar/	pub3.jpg
4	https://batimax-mada.com/	pub4.png
5	https://abc-madagascar.business.site/	pub5.png
6	https://bricoland.mg/	pub6.jpg
7	http://les-professionnels-de-madagascar.com/aurlac/	pub7.png
8	http://www.sebtp-madagascar.com/societe_membre/holcim-madagascar/	pub8.jpg
9	https://boamadagascar.com	pub9.png
2	https://cosmos.mg/magasins	pub2.jpg
\.


--
-- Data for Name: question; Type: TABLE DATA; Schema: public; Owner: tranotsika
--

COPY public.question (id_question, intitule, multi_res) FROM stdin;
1	Quel localisation vous correspond le mieux ?	f
2	Que priorisez-vous ?	f
3	Quel type de residence vous-conviendrait le plus ?	f
4	Quel est votre situation actuelle ?	f
5	Laquelle de ces propostitions decrit au mieux votre situation ?	f
6	Qu aimeriez-vous avoir autour de chez vous ?	t
7	Etes-vous plus premier plan ou second-plan ?	f
8	Votre location doit-elle etre accessible par vehicule ?	f
9	Votre location doit-elle etre meubl ?	f
\.


--
-- Data for Name: reaction; Type: TABLE DATA; Schema: public; Owner: tranotsika
--

COPY public.reaction (id_reaction, id_publication, id_client, id_reaction_item) FROM stdin;
1	114	578	2
2	4	211	2
3	85	972	1
4	374	109	1
5	240	609	2
6	489	811	2
7	127	892	2
8	303	718	1
9	416	281	2
10	101	118	1
11	61	606	2
12	399	237	1
13	351	491	1
14	35	623	2
15	286	354	1
16	152	610	1
17	141	278	1
18	56	727	2
19	348	985	1
20	404	282	2
21	353	70	2
22	293	402	1
23	490	360	1
24	121	475	2
25	300	285	1
26	85	798	1
27	466	900	2
28	14	462	1
29	456	704	2
30	7	613	2
31	211	985	2
32	125	392	1
33	301	18	2
34	218	649	1
35	82	819	1
36	273	787	2
37	227	81	1
38	148	581	1
39	18	546	2
40	271	395	2
41	86	774	2
42	416	478	2
43	72	922	2
44	158	68	1
45	94	238	2
46	345	953	1
47	412	215	2
48	143	64	1
49	324	88	1
50	220	413	1
51	144	402	2
52	383	10	2
53	82	241	1
54	274	13	2
55	398	626	1
56	373	633	2
57	13	92	2
58	124	767	1
59	236	378	1
60	315	673	1
61	426	352	1
62	137	508	1
63	91	624	1
64	104	440	1
65	274	46	1
66	123	534	2
67	209	988	1
68	500	815	1
69	129	620	2
70	160	302	1
71	137	840	1
72	2	731	1
73	434	713	1
74	48	951	1
75	428	86	1
76	366	958	2
77	160	770	1
78	292	466	1
79	246	522	1
80	173	274	1
81	340	490	2
82	437	909	1
83	85	695	2
84	121	493	2
85	371	867	1
86	258	346	1
87	236	166	1
88	153	979	2
89	52	848	1
90	439	711	2
91	383	273	1
92	107	855	1
93	430	21	2
94	112	467	2
95	240	180	2
96	469	470	2
97	161	113	2
98	308	159	1
99	247	330	1
100	252	387	2
101	476	846	1
102	325	228	1
103	349	51	2
104	72	139	1
105	162	182	1
106	399	805	2
107	450	903	1
108	48	233	1
109	103	802	1
110	182	530	1
111	90	232	2
112	468	241	1
113	339	31	1
114	83	336	1
115	465	847	2
116	392	716	1
117	34	792	1
118	263	667	1
119	114	189	2
120	149	105	1
121	363	804	2
122	491	611	2
123	367	929	1
124	281	126	1
125	182	228	2
126	154	51	2
127	479	637	1
128	230	283	1
129	454	521	2
130	460	228	2
131	69	572	1
132	235	904	2
133	179	790	1
134	489	744	1
135	63	131	2
136	89	77	2
137	163	771	1
138	291	697	1
139	49	925	2
140	345	255	2
141	124	40	2
142	451	377	1
143	414	850	1
144	361	300	1
145	177	327	2
146	136	792	1
147	114	843	1
148	125	848	2
149	275	706	1
150	99	720	1
151	464	186	2
152	124	749	2
153	444	610	2
154	445	989	2
155	387	38	2
156	379	940	1
157	55	866	2
158	341	442	1
159	146	381	2
160	61	20	1
161	206	697	2
162	46	277	1
163	142	305	2
164	376	80	1
165	327	580	2
166	160	349	2
167	310	101	2
168	92	963	1
169	447	291	1
170	15	625	1
171	234	465	2
172	241	486	2
173	250	274	2
174	176	357	2
175	440	696	2
176	2	218	1
177	169	402	1
178	43	568	2
179	166	129	1
180	343	914	2
181	219	3	2
182	478	582	1
183	50	554	1
184	37	418	2
185	277	62	1
186	19	547	1
187	241	229	2
188	279	339	1
189	35	629	1
190	41	494	1
191	417	167	2
192	408	289	1
193	405	811	1
194	464	504	2
195	308	199	1
196	232	975	1
197	35	410	2
198	389	943	2
199	296	539	1
200	284	174	2
201	4	208	1
202	401	549	1
203	347	663	2
204	431	941	2
205	125	164	2
206	296	902	1
207	434	290	1
208	258	167	1
209	456	717	2
210	88	606	1
211	319	327	2
212	45	284	1
213	45	409	1
214	163	235	1
215	167	415	2
216	189	596	1
217	233	195	2
218	337	918	2
219	185	748	2
220	319	341	2
221	221	187	2
222	489	519	1
223	256	955	2
224	108	143	2
225	343	888	2
226	377	830	1
227	365	868	1
228	96	723	2
229	82	740	2
230	22	436	2
231	493	600	2
232	256	719	2
233	117	736	1
234	269	12	2
235	419	416	2
236	68	970	1
237	268	846	2
238	245	816	1
239	16	347	1
240	195	806	2
241	85	193	2
242	293	260	1
243	377	189	2
244	15	234	1
245	453	632	1
246	352	986	1
247	410	965	2
248	353	616	1
249	219	79	1
250	274	926	2
251	362	740	2
252	283	799	1
253	244	368	2
254	177	942	1
255	267	264	2
256	320	18	2
257	53	574	1
258	320	316	2
259	499	312	1
260	17	809	2
261	265	863	1
262	63	485	2
263	205	634	1
264	467	803	2
265	46	578	1
266	205	582	2
267	491	323	2
268	337	360	2
269	198	127	2
270	217	776	2
271	236	873	1
272	70	850	2
273	17	813	1
274	492	479	1
275	384	415	1
276	169	716	2
277	16	557	2
278	274	45	2
279	11	96	2
280	67	363	2
281	384	579	1
282	422	941	2
283	474	931	2
284	478	121	1
285	261	794	1
286	83	27	2
287	203	968	1
288	431	862	2
289	446	776	1
290	223	900	2
291	82	427	2
292	366	804	1
293	11	629	1
294	145	18	2
295	69	630	2
296	362	846	2
297	57	329	1
298	92	516	2
299	138	663	1
300	201	621	1
301	461	746	2
302	316	338	2
303	346	463	2
304	335	449	2
305	475	594	2
306	118	962	1
307	193	425	2
308	451	374	1
309	313	562	1
310	24	114	2
311	13	11	2
312	7	752	2
313	273	668	1
314	60	920	2
315	21	276	1
316	128	632	2
317	324	169	2
318	238	241	2
319	114	865	1
320	9	597	1
321	455	35	2
322	490	253	2
323	412	619	2
324	487	612	2
325	66	984	1
326	73	542	1
327	487	385	2
328	493	528	2
329	289	61	2
330	71	829	2
331	13	386	1
332	498	511	1
333	464	365	1
334	497	446	1
335	63	758	2
336	264	352	1
337	472	980	2
338	142	912	1
339	365	937	1
340	472	926	1
341	439	905	1
342	137	192	1
343	361	149	1
344	425	481	2
345	153	300	1
346	459	9	2
347	451	430	2
348	340	957	1
349	320	238	2
350	418	254	2
351	184	36	2
352	269	820	2
353	465	450	1
354	247	387	2
355	252	227	2
356	225	457	2
357	256	819	1
358	347	621	1
359	84	641	1
360	218	625	1
361	243	821	2
362	427	799	2
363	294	990	2
364	334	110	1
365	228	850	1
366	220	117	2
367	194	322	2
368	367	922	1
369	24	930	1
370	28	26	1
371	239	519	1
372	163	617	1
373	460	933	1
374	374	934	1
375	103	728	2
376	290	653	1
377	149	382	1
378	23	993	1
379	187	140	2
380	129	890	1
381	378	299	1
382	18	320	2
383	324	191	2
384	319	31	1
385	227	875	1
386	250	925	1
387	5	695	2
388	460	777	2
389	204	172	2
390	128	516	1
391	468	395	2
392	330	904	2
393	425	830	1
394	460	254	1
395	389	843	1
396	317	310	2
397	299	182	1
398	41	739	2
399	323	498	1
400	194	196	1
401	353	329	1
402	34	341	1
403	32	908	2
404	478	661	2
405	94	488	2
406	87	42	1
407	121	318	2
408	180	366	2
409	95	327	2
410	445	235	1
411	449	274	1
412	212	970	2
413	98	83	2
414	292	631	2
415	344	188	1
416	493	194	1
417	153	161	2
418	33	44	1
419	385	931	2
420	112	715	2
421	235	838	2
422	407	916	2
423	158	830	2
424	306	619	2
425	35	764	1
426	185	379	2
427	380	857	1
428	122	850	1
429	191	324	1
430	112	471	1
431	298	807	2
432	33	96	2
433	69	343	2
434	246	681	1
435	267	717	1
436	98	474	1
437	422	567	1
438	194	348	2
439	165	524	2
440	244	676	2
441	117	821	1
442	357	98	1
443	432	734	1
444	182	474	2
445	213	6	1
446	324	621	1
447	394	933	1
448	236	666	1
449	383	250	2
450	56	955	1
451	76	255	2
452	488	771	2
453	144	75	1
454	417	76	1
455	230	922	1
456	401	480	2
457	497	63	2
458	234	939	1
459	5	649	2
460	341	780	2
461	139	422	1
462	244	630	1
463	118	77	2
464	294	771	2
465	156	951	2
466	379	396	2
467	89	645	1
468	40	774	1
469	411	138	1
470	135	681	2
471	371	619	1
472	134	52	1
473	108	182	2
474	428	384	2
475	192	86	2
476	120	248	2
477	27	604	1
478	331	362	2
479	265	779	1
480	140	364	1
481	225	470	1
482	448	1	1
483	199	205	1
484	18	677	2
485	216	978	2
486	47	207	1
487	158	603	2
488	295	642	1
489	154	130	2
490	58	754	2
491	79	205	1
492	489	945	2
493	477	35	1
494	328	229	2
495	391	916	2
496	469	960	2
497	270	331	2
498	275	424	1
499	238	659	2
500	225	804	1
501	205	896	2
502	293	302	1
503	341	39	2
504	268	46	2
505	151	701	2
506	215	106	2
507	257	801	2
508	456	25	2
509	236	337	1
510	46	872	1
511	108	427	1
512	151	980	1
513	173	707	2
514	118	140	2
515	374	390	1
516	400	633	1
517	319	786	2
518	88	928	1
519	257	899	1
520	325	699	1
521	398	103	1
522	314	94	2
523	210	546	2
524	219	35	1
525	473	803	1
526	69	16	2
527	443	294	2
528	13	703	1
529	157	349	1
530	320	500	2
531	84	797	1
532	249	535	1
533	449	143	2
534	402	131	2
535	252	104	2
536	139	170	2
537	364	502	2
538	324	196	1
539	197	980	2
540	109	717	2
541	304	258	1
542	224	813	1
543	416	337	1
544	135	411	1
545	375	203	2
546	296	493	1
547	40	46	2
548	189	704	1
549	35	835	2
550	443	714	2
551	445	363	1
552	29	361	1
553	201	95	2
554	5	890	2
555	379	60	1
556	289	414	1
557	29	726	2
558	102	244	2
559	29	478	2
560	5	846	1
561	12	423	1
562	385	52	2
563	55	558	2
564	69	246	2
565	204	639	1
566	136	670	2
567	159	518	2
568	347	133	2
569	491	887	2
570	448	534	1
571	263	838	2
572	450	661	2
573	138	553	1
574	191	292	1
575	326	244	2
576	488	644	1
577	24	849	1
578	259	746	2
579	391	980	2
580	428	390	1
581	437	279	1
582	128	871	2
583	238	540	2
584	201	70	2
585	283	371	2
586	373	27	1
587	228	679	1
588	328	93	2
589	268	826	1
590	411	30	2
591	62	399	1
592	119	419	2
593	204	54	2
594	303	404	1
595	24	610	1
596	92	281	1
597	303	951	1
598	152	369	2
599	455	243	1
600	484	272	2
601	392	944	1
602	437	9	2
603	351	293	2
604	270	319	2
605	11	181	2
606	301	888	2
607	42	250	1
608	338	638	2
609	437	569	2
610	281	77	1
611	310	82	1
612	355	65	2
613	338	62	1
614	369	170	1
615	412	36	1
616	436	593	2
617	145	676	1
618	359	812	1
619	83	313	2
620	327	936	1
621	381	47	2
622	272	465	2
623	185	915	1
624	354	935	1
625	188	697	2
626	73	666	2
627	60	584	2
628	455	75	1
629	409	978	1
630	193	687	1
631	421	423	1
632	316	908	2
633	12	459	2
634	198	299	2
635	98	191	2
636	490	120	2
637	151	501	2
638	44	259	1
639	141	783	1
640	408	430	1
641	169	420	1
642	466	378	1
643	177	682	1
644	384	43	2
645	22	634	2
646	398	841	2
647	56	811	1
648	81	396	2
649	136	295	2
650	396	638	1
651	406	694	1
652	72	729	2
653	278	382	1
654	172	542	1
655	325	824	1
656	143	758	1
657	339	427	1
658	11	442	1
659	106	384	2
660	3	915	1
661	405	403	1
662	5	379	1
663	495	910	1
664	15	968	1
665	318	745	2
666	253	128	2
667	444	624	1
668	423	405	2
669	199	275	1
670	97	543	1
671	261	435	2
672	244	417	1
673	356	146	1
674	59	801	2
675	358	316	1
676	225	657	1
677	320	224	1
678	369	324	2
679	122	359	1
680	303	623	2
681	239	218	2
682	18	50	2
683	485	214	2
684	451	423	2
685	244	304	2
686	408	69	1
687	32	161	2
689	12	380	2
690	236	734	1
691	385	838	2
692	41	133	1
693	385	314	1
694	171	986	2
695	199	981	2
696	17	647	2
697	177	641	2
698	172	839	1
699	477	876	2
700	240	419	1
701	214	615	2
702	296	662	1
703	344	75	2
704	31	503	2
705	134	499	2
706	256	889	2
707	442	103	1
708	476	17	1
709	378	555	2
710	245	53	1
711	184	772	1
712	335	355	2
713	132	161	2
714	90	881	1
715	187	107	2
716	193	181	2
717	72	650	2
718	16	589	2
719	401	977	1
720	286	902	1
721	171	133	1
722	382	464	1
723	500	584	2
724	325	268	2
725	262	567	1
726	28	587	1
727	268	358	2
728	403	943	2
729	95	191	1
730	249	264	2
731	463	642	1
732	10	434	1
733	112	4	1
734	248	419	1
735	280	725	1
736	341	153	2
737	311	498	1
738	244	484	2
739	159	849	2
740	150	165	2
741	334	425	1
742	102	129	1
743	205	799	1
744	135	503	2
745	473	760	2
746	177	514	2
747	87	292	1
748	443	208	2
749	341	896	1
750	456	281	1
751	379	293	2
752	60	930	2
753	479	218	1
754	54	612	2
755	89	940	1
756	271	907	1
757	56	974	1
758	426	84	2
759	300	644	2
760	255	489	1
761	106	349	2
762	362	288	1
763	393	378	1
764	69	528	1
765	134	426	2
766	407	181	2
767	419	461	1
768	262	249	2
769	35	736	1
770	488	358	1
771	350	81	2
772	108	109	2
773	269	849	1
774	291	245	2
775	104	363	1
776	292	922	2
777	215	776	2
778	12	484	1
779	249	309	1
780	44	276	1
781	142	466	2
782	226	858	2
783	25	97	1
784	423	855	2
785	4	412	2
786	79	919	1
787	398	124	2
788	308	844	1
789	9	874	1
790	447	439	1
791	151	207	2
792	194	716	2
793	475	724	2
794	155	278	2
795	179	783	2
796	119	121	1
797	93	816	2
798	126	660	2
799	60	876	1
800	388	343	2
801	318	491	2
802	129	741	2
803	61	316	1
804	107	892	1
805	294	583	1
806	109	864	2
807	96	593	1
808	461	434	1
809	438	42	2
810	436	270	1
811	271	878	2
812	95	181	1
813	32	33	2
814	160	792	2
815	91	884	2
816	166	64	1
817	396	144	1
818	359	661	1
819	180	453	2
820	323	668	2
821	474	485	2
822	241	610	1
823	423	549	2
824	456	60	2
825	58	273	2
826	127	880	2
827	303	654	2
828	51	480	1
829	189	535	1
830	118	854	2
831	291	895	2
832	444	286	1
833	161	238	2
834	376	841	2
835	431	300	1
836	29	261	2
837	436	994	1
838	263	535	2
839	135	180	2
840	466	631	2
841	485	779	1
842	342	555	1
843	33	748	1
844	404	913	1
845	111	388	1
846	159	46	2
847	158	646	1
848	50	23	1
849	118	441	2
850	203	151	1
851	415	445	1
852	156	930	1
853	24	301	1
854	97	495	1
855	454	540	1
856	29	688	2
857	37	542	1
858	421	350	2
859	208	693	2
860	42	142	1
861	29	280	1
862	280	160	2
863	285	565	1
864	305	502	1
865	429	267	1
866	340	920	1
867	133	874	1
868	158	866	1
869	481	8	2
870	80	130	1
871	101	162	2
872	351	376	2
873	188	33	1
874	285	494	1
875	163	811	2
876	182	920	2
877	466	264	1
878	341	14	2
879	227	340	1
880	19	698	2
881	176	553	1
882	296	589	1
883	33	331	1
884	296	504	2
885	434	108	2
886	438	526	2
887	72	931	1
888	38	630	2
889	371	367	1
890	361	827	1
891	326	180	2
892	107	493	1
893	276	441	2
894	55	362	2
895	44	905	2
896	455	895	2
897	269	105	2
898	338	764	1
899	455	676	2
900	407	660	2
901	1	436	2
902	93	216	2
903	419	120	1
904	75	717	2
905	409	219	1
906	483	760	1
907	282	134	1
908	441	457	1
909	52	334	2
910	443	299	1
911	235	825	2
912	80	983	2
913	338	328	1
914	162	274	1
915	430	347	1
916	157	531	2
917	184	557	2
918	127	512	1
919	487	856	1
920	187	623	1
921	348	266	2
922	189	123	2
923	361	480	2
924	245	670	2
925	416	490	1
926	386	382	1
927	245	551	2
928	249	682	2
929	69	865	1
930	342	115	1
931	92	438	2
932	206	146	2
933	148	899	2
934	146	200	2
935	234	75	1
936	235	252	2
937	364	296	2
938	296	524	1
939	210	226	1
940	54	805	1
941	447	560	1
942	35	455	2
943	312	235	2
944	90	500	1
945	397	3	1
946	166	700	1
947	418	973	1
948	51	619	1
949	308	710	1
950	198	162	2
951	74	959	1
952	367	978	1
953	226	645	1
954	89	291	1
955	431	758	1
956	429	256	2
957	365	111	2
958	221	721	2
959	111	216	2
960	85	680	2
961	418	350	2
962	397	493	2
963	133	469	2
964	20	874	1
965	210	301	2
966	264	918	1
967	240	439	1
968	334	288	2
969	13	297	1
970	395	930	1
971	45	391	1
972	241	426	1
973	49	88	2
974	337	641	2
975	366	225	1
976	415	952	1
977	413	364	2
978	182	556	2
979	48	289	2
980	33	890	1
981	180	171	2
982	269	616	1
983	379	889	2
984	194	608	2
985	282	722	2
986	24	246	1
987	19	118	2
988	385	47	2
989	130	932	1
990	430	960	1
991	263	690	2
992	54	711	2
993	78	812	2
994	491	744	1
995	302	357	1
996	459	674	2
997	225	439	2
998	345	278	2
999	88	411	1
1000	459	897	1
1001	261	922	2
1002	132	398	2
1003	196	239	1
1004	1	751	2
1005	446	637	2
1006	272	112	1
1007	2	215	1
1008	469	663	2
1009	82	896	2
1010	67	583	2
1011	391	275	1
1012	216	96	1
1013	249	606	1
1014	333	451	2
1015	237	347	2
1016	147	791	1
1017	239	532	2
1018	462	272	2
1019	161	519	1
1020	470	592	1
1021	22	638	1
1022	142	932	1
1023	90	99	2
1024	246	516	2
1025	315	560	2
1026	235	997	2
1027	129	916	1
1028	425	108	2
1029	154	168	2
1030	443	897	2
1031	239	173	2
1032	459	359	2
1033	253	616	1
1034	156	984	2
1035	2	512	2
1036	298	262	2
1037	213	129	2
1038	354	758	2
1039	54	626	2
1040	228	587	1
1041	57	716	2
1042	262	580	2
1043	489	104	1
1044	149	250	1
1045	108	817	1
1046	318	231	1
1047	374	499	2
1048	351	625	1
1049	477	202	2
1050	442	838	2
1051	288	347	1
1052	444	698	2
1053	465	471	1
1054	84	285	1
1055	433	482	2
1056	6	173	2
1057	422	392	1
1058	27	60	1
1059	357	36	2
1060	155	63	1
1061	259	21	1
1062	444	564	1
1063	339	105	2
1064	268	125	2
1065	47	497	1
1066	207	643	2
1067	367	429	2
1068	19	771	2
1069	74	213	2
1070	245	229	1
1071	146	348	1
1072	464	673	1
1073	12	502	2
1074	8	559	2
1075	143	316	1
1076	384	152	2
1077	284	413	1
1078	10	621	1
1079	83	538	1
1080	63	384	2
1081	189	58	1
1082	495	812	1
1083	462	225	2
1084	470	989	1
1085	106	452	1
1086	86	772	2
1087	155	273	2
1088	465	607	1
1089	76	649	2
1090	268	181	1
1091	300	141	1
1092	308	492	1
1093	134	330	2
1094	3	234	2
1095	354	333	1
1096	247	433	1
1097	116	725	1
1098	16	334	1
1099	390	453	1
1100	231	962	1
1101	133	465	1
1102	439	990	1
1103	355	113	2
1104	57	598	2
1105	386	115	1
1106	109	998	2
1107	175	990	1
1108	470	636	2
1109	133	770	1
1110	491	939	2
1111	389	904	1
1112	162	487	1
1113	115	397	2
1114	491	16	2
1115	346	250	1
1116	321	210	2
1117	249	812	1
1118	416	955	2
1119	411	167	1
1120	39	799	2
1121	307	13	2
1122	166	27	2
1123	113	741	1
1124	405	40	2
1125	334	845	2
1126	302	887	2
1127	45	642	2
1128	259	231	2
1129	93	895	1
1130	11	334	1
1131	289	918	2
1132	139	894	1
1133	19	760	1
1134	300	911	1
1135	488	434	1
1136	17	972	1
1137	223	745	1
1138	225	61	2
1139	268	576	2
1140	395	260	2
1141	399	638	2
1142	136	453	2
1143	285	457	1
1144	98	322	1
1145	423	506	2
1146	246	497	2
1147	355	372	1
1148	490	14	2
1149	85	950	1
1150	461	530	1
1151	140	298	1
1152	228	996	1
1153	330	658	1
1154	234	63	2
1155	390	456	2
1156	32	507	1
1157	334	774	2
1158	373	508	2
1159	106	520	2
1160	355	535	1
1161	432	108	2
1162	136	723	2
1163	140	148	1
1164	225	672	2
1165	455	776	1
1166	175	735	1
1167	391	366	1
1168	132	358	2
1169	405	357	1
1170	190	527	2
1171	86	23	2
1172	137	968	1
1173	213	392	2
1174	465	181	2
1175	387	753	2
1176	367	5	2
1177	158	789	1
1178	492	225	2
1179	260	600	2
1180	328	369	1
1181	339	900	1
1182	352	147	1
1183	496	799	1
1184	160	79	2
1185	296	344	2
1186	214	634	2
1187	20	608	2
1188	37	939	2
1189	9	159	1
1190	247	899	1
1191	204	235	2
1192	292	203	2
1193	325	992	2
1194	374	654	1
1195	351	104	2
1196	194	371	1
1197	116	241	1
1198	105	584	2
1199	393	822	1
1200	154	842	1
1201	387	744	1
1202	438	36	2
1203	28	329	1
1204	370	338	2
1205	27	414	1
1206	9	555	2
1207	88	670	1
1208	272	248	2
1209	263	62	1
1210	491	397	2
1211	328	781	2
1212	132	880	2
1213	9	381	2
1214	314	267	2
1215	271	55	2
1216	141	206	1
1217	283	773	2
1218	205	318	1
1219	32	687	2
1220	95	888	2
1221	339	923	1
1222	95	207	1
1223	207	940	1
1224	394	149	2
1225	313	467	1
1226	30	793	2
1227	276	165	1
1228	453	392	1
1229	361	441	2
1230	311	898	2
1231	123	199	1
1232	438	186	1
1233	119	584	1
1234	149	268	1
1235	283	347	1
1236	48	551	2
1237	116	255	2
1238	253	151	1
1239	23	997	2
1240	175	336	1
1241	177	416	2
1242	434	648	2
1243	233	247	2
1244	322	169	2
1245	158	961	2
1246	422	860	1
1247	32	196	2
1248	388	272	2
1249	322	849	1
1250	211	340	2
1251	346	400	2
1252	177	555	2
1253	79	42	1
1254	58	484	1
1255	481	665	1
1256	440	725	1
1257	341	378	1
1258	430	294	1
1259	185	832	1
1260	447	645	1
1261	49	346	1
1262	468	560	2
1263	381	192	1
1264	261	106	2
1265	27	212	2
1266	418	568	2
1267	64	625	1
1268	336	394	2
1269	302	612	1
1270	36	544	1
1271	326	715	1
1272	92	24	2
1273	317	659	2
1274	454	284	1
1275	263	231	2
1276	209	223	1
1277	487	216	1
1278	5	136	1
1279	344	970	2
1280	70	923	2
1281	73	267	2
1282	186	430	2
1283	478	549	1
1284	146	139	2
1285	242	110	2
1286	403	899	2
1287	197	925	1
1288	369	801	1
1289	355	675	2
1290	305	685	2
1291	466	419	2
1292	76	608	2
1293	20	532	1
1294	1	583	2
1295	263	606	2
1296	341	251	2
1297	87	361	1
1298	471	278	2
1299	500	314	1
1300	427	734	1
1301	130	442	2
1302	347	386	2
1303	238	945	1
1304	457	521	2
1305	324	173	2
1306	80	652	1
1307	305	475	2
1308	254	654	1
1309	172	338	1
1310	71	970	2
1311	118	164	2
1312	171	811	2
1313	146	912	2
1314	341	25	1
1315	483	563	2
1316	44	996	2
1317	491	917	1
1318	216	146	2
1319	338	811	1
1320	28	604	1
1321	207	5	1
1322	122	454	1
1323	260	75	1
1324	29	954	1
1325	299	256	2
1326	9	749	2
1327	141	87	2
1328	123	146	2
1329	108	820	2
1330	470	569	2
1331	150	544	2
1332	292	997	1
1333	283	436	1
1334	92	573	2
1335	495	743	2
1336	300	788	2
1337	375	862	2
1338	398	774	1
1339	221	413	1
1340	392	176	1
1341	136	727	2
1342	14	877	2
1343	445	367	2
1344	235	573	2
1345	463	854	2
1346	121	1001	1
1347	500	246	1
1348	192	504	2
1349	308	126	2
1350	152	881	2
1351	226	353	1
1352	335	638	1
1353	93	343	1
1354	162	892	1
1355	92	671	2
1356	143	400	2
1357	395	131	2
1358	273	40	1
1359	465	707	1
1360	3	489	1
1361	56	57	2
1362	25	831	1
1363	119	195	1
1364	7	1002	2
1365	8	45	2
1366	243	575	2
1367	466	907	1
1368	415	285	2
1369	488	824	2
1370	132	662	1
1371	374	770	1
1372	25	405	1
1373	203	651	2
1374	257	720	2
1375	206	115	1
1376	64	436	2
1377	88	1001	1
1378	77	994	2
1379	474	659	1
1380	485	984	1
1381	343	444	1
1382	253	491	1
1383	283	223	2
1384	406	205	2
1385	132	91	1
1386	428	622	2
1387	141	268	2
1388	34	653	2
1389	368	312	2
1390	496	442	1
1391	72	299	2
1392	416	593	2
2999	394	507	2
1394	240	175	1
1395	225	947	1
1396	103	765	1
1397	30	296	1
1398	447	84	1
1399	365	475	1
1400	342	824	2
1401	268	746	2
1402	395	250	2
1403	316	646	1
1404	433	314	2
1405	41	28	1
1406	14	451	1
1407	9	564	2
1408	369	305	2
1409	223	156	2
1410	408	77	1
3000	71	568	2
1412	474	726	1
1413	26	106	1
1414	240	185	1
1415	355	474	2
1416	253	323	1
1417	193	848	1
1418	197	422	1
1419	471	688	1
1420	492	520	2
1421	294	668	1
1422	115	821	2
1423	18	223	2
1424	491	906	1
1425	140	536	2
1426	13	125	1
1427	473	627	2
1428	422	821	2
1429	445	765	1
1430	8	580	2
1431	356	745	1
1432	431	861	1
1433	396	24	1
1434	29	37	2
1435	275	521	2
1436	224	365	1
1437	280	611	1
1438	288	821	1
1439	101	230	2
1440	308	965	2
1441	205	588	1
1442	199	628	2
1443	421	984	1
1444	112	226	2
1445	224	199	1
1446	112	347	2
1447	211	51	1
1448	107	60	2
1449	263	353	1
1450	191	670	1
1451	285	226	2
1452	56	889	2
1453	161	982	2
1454	382	512	1
1455	497	426	1
1456	395	596	2
1457	233	733	2
1458	416	339	1
1459	483	204	2
1460	463	931	2
1461	140	133	2
1462	204	315	1
1463	256	845	2
1464	194	247	2
1465	87	387	1
1466	124	471	2
1467	163	832	1
1468	303	28	1
1469	322	174	1
1470	346	546	2
1471	103	964	1
1472	40	138	1
1473	344	460	2
1474	67	844	1
1475	111	480	1
1476	76	95	1
1477	139	286	1
1478	273	67	2
1479	195	138	2
1480	141	199	1
1481	276	838	1
1482	298	261	2
1483	380	833	1
1484	263	858	1
1485	395	473	2
1486	436	993	1
1487	379	834	1
1488	80	533	1
1489	197	700	1
1490	282	53	1
1491	435	313	1
1492	168	776	2
1493	184	83	2
1494	35	269	2
1495	27	319	2
1496	98	325	2
1497	3	717	1
1498	354	151	1
1499	419	995	1
1500	159	933	2
1501	458	603	2
1502	38	468	2
1503	224	2	2
1504	266	388	2
1505	114	407	1
1506	368	565	2
1507	490	16	2
1508	392	895	2
1509	223	550	2
1510	328	680	2
1511	185	594	2
1512	294	814	2
1513	109	212	1
1514	488	760	2
1515	302	246	2
1516	396	299	2
1517	239	785	2
1518	480	836	2
1519	406	582	1
1520	344	296	2
1521	132	252	2
1522	10	84	2
1523	113	935	1
1524	14	282	1
1525	326	167	2
1526	119	944	2
1527	70	84	2
1528	392	383	2
1529	268	669	1
1530	214	827	2
1531	397	350	1
1532	186	262	2
1533	69	889	1
1534	332	509	1
1535	148	547	1
1536	331	793	1
1537	108	385	1
1538	404	662	1
1539	432	641	1
1540	383	429	1
1541	235	295	2
1542	371	52	2
1543	131	440	2
1544	467	894	2
1545	216	727	1
1546	347	586	2
1547	341	458	1
1548	367	249	2
1549	435	4	1
1550	264	109	1
1551	445	845	2
1552	292	874	2
1553	157	534	2
1554	102	930	2
1555	122	128	1
1556	129	825	2
1557	163	452	2
1558	195	247	2
1559	230	646	1
1560	384	101	1
1561	34	565	1
1562	12	496	2
1563	308	79	2
1564	423	202	2
1565	409	987	1
1566	492	791	2
1567	379	292	1
1568	26	992	2
1569	256	284	2
1570	484	291	1
1571	262	203	2
1572	402	209	1
1573	289	159	2
1574	147	131	2
1575	61	914	2
1576	212	474	1
1577	50	387	2
1578	423	425	2
1579	214	400	1
1580	187	823	1
1581	174	502	1
1582	135	618	1
1583	54	924	1
1584	470	961	2
1585	322	512	1
1586	500	895	1
1587	50	495	1
1588	350	234	2
1589	84	794	2
1590	448	540	2
1591	183	444	2
1592	209	416	2
1593	432	675	1
1594	136	418	1
1595	319	349	1
1596	452	903	2
1597	248	46	1
1598	400	182	2
1599	322	113	2
1600	91	422	2
1601	160	450	2
1602	217	611	2
1603	240	115	1
1604	368	53	1
1605	131	989	1
1606	143	237	2
1607	351	631	1
1608	436	349	2
1609	87	877	2
1610	106	22	2
1611	342	664	1
1612	199	210	1
1613	417	365	2
1614	52	489	1
1615	374	328	2
1616	118	336	1
1617	274	881	2
1618	98	879	2
1619	399	524	1
1620	409	791	1
1621	62	80	2
1622	163	913	2
1623	43	792	1
1624	493	197	2
1625	289	137	2
1626	425	142	1
1627	494	737	1
1628	15	159	2
1629	299	334	2
1630	180	667	1
1631	343	698	1
1632	324	763	1
1633	274	447	1
1634	311	644	2
1635	285	593	2
1636	70	478	1
1637	104	862	1
1638	84	748	2
1639	392	166	2
1640	50	84	2
1641	454	12	2
1642	313	609	1
1643	168	137	2
1644	39	850	1
1645	424	167	1
1646	138	243	1
1647	314	176	1
1648	73	528	2
1649	474	590	1
1650	406	297	2
1651	288	352	1
1652	480	707	1
1653	474	742	1
1654	374	918	1
1655	291	326	1
1656	406	319	1
1657	232	619	2
1658	200	341	1
1659	352	634	1
1660	420	126	2
1661	190	594	1
1662	365	657	1
1663	436	858	2
1664	69	457	2
1665	188	811	2
1666	463	160	1
1667	468	733	2
1668	466	512	2
1669	302	108	1
1670	258	350	1
1671	143	513	2
1672	445	597	1
1673	101	32	2
1674	500	52	2
1675	54	8	2
1676	175	223	2
1677	2	589	2
1678	154	137	2
1679	1	975	2
1680	238	116	1
1681	83	960	2
1682	481	215	2
1683	194	462	2
1684	428	610	2
1685	120	242	1
1686	25	285	2
1687	88	562	1
1688	486	513	1
1689	206	527	1
1690	142	519	2
1691	218	389	2
1692	460	257	2
1693	130	763	1
1694	356	174	1
1695	132	484	1
1696	434	153	1
1697	367	304	2
1698	314	879	1
1699	359	975	2
1700	400	370	2
1701	449	92	1
1702	214	42	1
1703	225	511	2
1704	317	129	2
1705	215	508	1
1706	6	435	1
1707	366	472	1
1708	278	212	2
1709	269	494	2
1710	107	689	2
1711	356	311	2
1712	289	73	2
1713	12	949	1
1714	417	296	2
1715	298	872	2
1716	32	694	2
1717	70	604	2
1718	2	425	2
1719	452	272	2
1720	362	31	1
1721	327	859	2
1722	188	862	1
1723	34	634	1
1724	132	377	2
1725	335	262	2
1726	133	241	2
1727	60	336	1
1728	424	586	1
1729	401	907	1
1730	244	326	1
1731	265	535	2
1732	272	867	1
1733	332	735	1
1734	331	797	2
1735	356	304	1
1736	310	331	1
1737	330	825	1
1738	370	671	2
1739	177	136	2
1740	197	532	2
1741	447	344	1
1742	201	887	2
1743	328	20	1
1744	41	697	2
1745	61	191	1
1746	25	506	1
1747	449	860	2
1748	181	536	2
1749	25	979	1
1750	59	767	2
1751	486	966	2
1752	355	562	2
1753	131	696	1
1754	475	445	2
1755	254	990	2
1756	184	168	1
1757	98	108	2
1758	70	6	1
1759	223	332	2
1760	215	447	2
1761	89	678	2
1762	293	318	1
3001	483	897	2
1764	76	815	1
1765	199	525	2
1766	222	96	2
1767	166	981	2
1768	302	194	1
1769	303	283	1
1770	457	348	2
1771	229	256	2
1772	101	895	1
1773	93	617	2
1774	323	686	2
1775	489	934	1
1776	200	860	1
1777	348	793	2
1778	412	135	2
1779	324	779	2
1780	126	890	2
1781	59	285	1
1782	256	26	1
1783	146	463	2
1784	401	846	2
1785	431	165	1
1786	104	594	1
1787	416	579	1
1788	329	998	1
1789	103	947	1
1790	166	144	1
1791	410	640	1
1792	31	742	1
1793	260	630	1
1794	359	497	1
1795	417	760	1
1796	382	202	1
1797	62	427	1
1798	232	384	1
1799	300	320	2
1800	449	207	2
1801	42	383	1
1802	458	129	2
1803	463	379	1
1804	480	50	2
1805	280	718	1
1806	173	546	2
1807	74	368	2
1808	74	855	1
1809	14	184	1
1810	385	623	2
1811	189	207	1
1812	415	449	2
1813	342	854	2
1814	178	272	2
1815	289	625	1
1816	161	769	2
1817	50	923	2
1818	89	825	1
1819	336	734	1
1820	57	778	1
1821	37	635	2
1822	322	208	1
1823	426	541	2
1824	335	67	2
1825	481	778	2
1826	34	557	2
1827	278	424	1
1828	343	359	2
1829	193	893	1
1830	144	347	2
1831	383	387	2
1832	333	475	2
1833	425	256	2
1834	45	368	1
1835	227	448	2
1836	375	576	2
1837	229	273	1
1838	282	123	1
1839	351	891	1
1840	265	769	2
1841	90	726	2
1842	299	140	1
1843	151	769	1
1844	212	844	2
1845	255	398	1
1846	441	647	2
1847	261	390	2
1848	414	873	1
1849	22	941	1
1850	233	967	2
1851	292	134	2
1852	162	63	1
1853	375	398	1
1854	201	764	1
1855	27	717	2
1856	186	315	1
1857	242	511	1
1858	107	312	2
1859	341	649	1
1860	74	1000	2
1861	234	225	2
1862	213	869	1
1863	221	496	1
1864	432	764	1
1865	500	200	1
1866	71	20	2
1867	147	750	2
1868	304	415	1
1869	175	2	1
1870	395	272	1
1871	219	725	2
1872	462	941	2
1873	78	693	2
1874	143	598	2
1875	165	616	2
1876	483	275	1
1877	272	525	2
1878	498	573	1
1879	351	472	2
1880	365	864	1
1881	163	473	1
1882	6	254	2
1883	328	317	1
1884	122	864	1
1885	375	787	1
1886	210	775	2
1887	306	255	2
1888	375	652	2
1889	287	237	1
1890	78	777	1
1891	443	607	2
1892	333	236	1
1893	384	226	2
1894	279	613	2
1895	380	370	2
1896	239	890	1
1897	373	131	1
1898	129	686	1
1899	112	404	1
1900	4	710	2
1901	172	256	1
1902	121	31	1
1903	116	617	1
1904	140	915	1
1905	279	748	2
1906	473	915	2
1907	158	86	2
1908	358	231	2
1909	489	795	2
1910	287	470	1
1911	422	419	2
1912	412	102	2
1913	42	934	1
1914	226	498	2
1915	274	688	1
1916	179	583	1
1917	47	104	2
1918	326	627	2
1919	344	795	1
1920	109	353	2
1921	356	914	2
1922	214	369	1
1923	122	567	1
1924	181	316	1
1925	276	233	1
1926	44	239	2
1927	69	782	2
1928	225	728	1
1929	102	836	2
1930	107	792	2
1931	38	912	1
1932	302	623	2
1933	121	840	1
1934	191	878	2
1935	273	897	2
1936	242	372	1
1937	257	149	2
1938	234	837	1
1939	38	696	1
1940	25	442	2
1941	471	597	1
1942	472	999	2
1943	467	689	1
1944	439	849	1
1945	35	337	1
1946	473	172	2
1947	234	968	1
1948	299	134	2
1949	193	202	2
1950	51	897	1
1951	337	848	1
1952	245	349	2
1953	313	694	1
1954	370	270	1
1955	47	438	2
1956	283	880	2
1957	160	366	1
1958	297	733	1
1959	252	201	2
1960	231	302	1
1961	173	1	1
1962	318	397	2
1963	400	1001	1
1964	274	703	2
1965	70	195	2
1966	334	551	1
1967	441	242	1
1968	66	516	1
1969	457	807	1
1970	200	985	2
1971	49	800	1
1972	364	89	2
1973	212	972	1
1974	436	803	2
1975	127	479	2
1976	488	864	2
1977	168	370	1
1978	357	184	2
1979	425	315	2
1980	137	211	2
1981	240	915	1
1982	319	238	2
1983	248	897	1
1984	309	523	2
1985	373	659	1
1986	313	855	2
1987	280	798	1
1988	79	98	1
1989	286	849	1
1990	224	405	2
1991	29	569	2
1992	433	827	2
1993	414	440	1
1994	249	190	2
1995	280	412	1
1996	25	74	2
1997	276	45	1
1998	88	394	2
1999	197	534	2
2000	9	963	2
2001	443	230	1
2002	79	269	2
2003	198	891	2
2004	385	532	1
2005	417	127	1
2006	85	750	2
2007	323	386	2
2008	60	749	2
2009	109	139	1
2010	176	362	1
2011	465	205	1
2012	468	328	1
2013	85	832	2
2014	427	964	1
2015	314	907	2
2016	145	500	1
2017	187	941	2
2018	210	71	1
2019	492	377	1
2020	31	107	1
2021	416	844	2
2022	209	572	2
2023	476	867	2
2024	161	341	1
2025	284	5	2
2026	199	738	1
2027	72	951	1
2028	446	495	1
2029	380	418	1
2030	309	774	2
2031	262	822	2
2032	225	997	1
2033	218	268	2
2034	156	124	1
2035	179	638	2
2036	47	142	2
2037	78	133	1
2038	284	94	1
2039	107	322	1
2040	438	555	2
2041	25	683	2
2042	399	506	2
2043	38	356	1
2044	83	305	2
2045	412	499	2
2046	368	741	2
2047	218	748	2
2048	199	521	1
2049	241	14	1
2050	283	882	1
2051	23	546	1
2052	455	868	2
2053	142	197	1
2054	139	983	2
2055	330	629	1
2056	189	5	2
2057	263	303	1
2058	231	441	1
2059	422	111	1
2060	33	924	1
2061	375	149	2
2062	82	691	1
2063	447	828	2
2064	36	238	1
2065	3	807	1
2066	161	809	1
2067	391	400	1
2068	34	950	1
2069	194	19	2
2070	223	87	1
2071	68	729	1
2072	277	58	2
2073	113	748	1
2074	170	3	2
2075	364	559	1
2076	236	208	2
2077	223	42	1
2078	211	447	1
2079	205	579	2
2080	55	467	2
2081	333	487	2
2082	447	931	2
2083	17	754	1
2084	214	703	2
2085	429	248	2
2086	470	523	1
2087	346	986	1
2088	4	980	2
2089	223	281	2
2090	74	137	2
2091	499	492	1
2092	296	855	1
2093	57	980	2
2094	108	147	2
2095	247	57	1
2096	99	548	1
2097	401	136	1
2098	147	296	2
2099	341	604	2
2100	173	742	1
2101	10	250	1
2102	220	122	2
2103	288	939	2
2104	432	905	1
2105	80	292	1
2106	494	133	1
2107	412	309	1
2108	195	310	2
2109	95	681	2
2110	294	231	2
2111	254	383	2
2112	87	799	1
2113	6	845	2
2114	450	837	1
2115	414	644	2
2116	443	253	1
2117	426	73	2
2118	166	295	2
2119	16	165	1
2120	429	247	1
2121	467	500	2
2122	402	115	1
2123	52	269	1
2124	152	652	2
2125	341	490	2
2126	276	964	2
2127	408	254	1
2128	259	272	2
2129	456	792	1
2130	388	34	1
2131	34	418	1
2132	189	66	1
2133	107	135	2
2134	289	987	2
2135	195	521	2
2136	97	847	2
2137	72	284	1
2138	192	559	2
2139	168	183	2
2140	363	474	2
2141	46	294	2
2142	321	711	1
2143	388	266	2
2144	216	564	2
2145	182	985	2
2146	433	906	1
2147	197	895	1
2148	64	999	1
2149	77	340	2
2150	282	242	2
2151	463	267	2
2152	178	977	2
2153	427	782	1
2154	164	41	2
2155	344	692	1
2156	348	130	2
2157	493	642	2
2158	94	731	2
2159	9	300	1
2160	299	114	2
2161	286	164	1
2162	498	622	1
2163	87	142	1
2164	137	880	1
2165	226	223	2
2166	266	828	1
2167	12	812	2
2168	389	734	1
2169	301	527	2
2170	109	374	1
2171	377	315	1
2172	376	602	2
2173	331	215	1
2174	86	204	2
2175	190	246	1
2176	73	635	2
2177	111	857	1
2178	87	1	1
2179	316	492	1
2180	335	282	1
2181	101	742	2
2182	275	960	2
2183	3	213	1
2184	349	153	1
2185	294	165	1
2186	267	757	1
2187	439	535	1
2188	360	551	1
2189	6	52	2
2190	280	849	2
2191	310	842	1
2192	491	748	1
2193	210	894	2
2194	141	610	1
2195	293	802	2
2196	191	140	2
2197	351	127	2
2198	88	916	2
2199	352	335	2
2200	334	962	1
2201	388	299	2
2202	307	276	1
2203	150	986	1
2204	491	728	2
2205	498	765	1
2206	54	778	2
2207	159	313	2
2208	320	995	1
2209	489	833	2
2210	286	883	1
2211	233	749	2
2212	378	890	2
2213	342	27	2
2214	348	41	2
2215	23	107	2
2216	461	368	1
2217	225	119	2
2218	189	605	2
2219	323	737	2
2220	287	314	1
2221	381	127	2
2222	110	722	1
2223	353	384	1
2224	341	132	2
2225	392	163	1
2226	63	532	1
2227	175	64	2
2228	332	327	2
2229	406	507	1
2230	399	307	2
2231	43	253	1
2232	292	44	2
2233	149	84	2
2234	183	15	2
2235	212	123	2
2236	19	260	1
2237	37	996	2
2238	228	952	2
2239	12	112	2
2240	90	629	2
2241	124	89	1
2242	221	356	1
2243	488	252	2
2244	230	299	1
2245	253	894	2
2246	180	727	2
2247	132	639	2
2248	147	955	2
2249	386	49	1
2250	233	415	2
2251	185	336	1
2252	172	279	2
2253	226	142	2
2254	62	143	1
2255	61	725	2
2256	49	637	1
2257	132	3	1
2258	194	50	1
2259	213	558	1
2260	277	731	1
2261	109	99	2
2262	374	819	2
2263	260	993	1
2264	199	92	2
2265	369	924	1
2266	494	207	2
2267	445	201	2
2268	205	737	1
2269	129	437	1
2270	211	76	1
2271	277	507	1
2272	153	827	2
2273	235	248	1
2274	126	822	2
2275	321	522	2
2276	49	970	2
2277	133	299	1
2278	314	759	2
2279	196	387	2
2280	76	746	2
2281	285	574	1
2282	254	926	2
2283	320	907	2
2284	185	56	1
2285	136	731	1
2286	212	285	1
2287	307	264	2
2288	390	40	1
2289	461	581	1
2290	123	583	2
2291	366	352	2
2292	208	976	1
2293	273	374	1
2294	496	907	2
2295	104	726	1
2296	181	136	1
2297	173	183	2
2298	293	853	2
2299	29	598	1
2300	119	233	2
2301	488	404	1
2302	357	148	1
2303	211	301	2
2304	374	197	2
2305	157	605	2
2306	492	9	1
2307	375	628	1
2308	23	509	2
2309	393	390	2
2310	279	473	1
2311	415	970	2
2312	411	436	1
2313	76	554	2
2314	323	614	1
2315	228	244	2
2316	149	680	1
2317	242	869	1
2318	99	512	2
2319	344	830	2
2320	424	860	1
2321	425	1	2
2322	74	986	1
2323	238	750	2
2324	130	55	2
2325	288	577	2
2326	420	810	2
2327	10	773	2
2328	448	95	2
2329	463	404	1
2330	248	130	2
2331	72	458	2
2332	41	544	2
2333	488	263	2
2334	286	936	2
2335	445	399	1
2336	61	301	2
2337	81	788	1
2338	21	234	1
2339	59	157	1
2340	355	3	2
2341	291	60	1
2342	72	396	2
2343	79	273	2
2344	46	731	1
2345	28	619	1
2346	81	510	2
2347	472	347	1
2348	63	907	1
2349	181	701	2
2350	285	901	1
2351	8	150	2
2352	72	460	2
2353	183	606	2
2354	131	720	2
2355	283	26	2
2356	34	454	1
2357	10	967	2
2358	301	680	1
2359	243	200	1
2360	253	302	2
2361	219	458	2
2362	331	34	2
2363	384	933	2
2364	447	268	1
2365	197	507	1
2366	255	40	1
2367	391	952	2
2368	284	247	2
2369	285	783	2
2370	113	316	1
2371	113	875	1
2372	228	697	2
2373	100	647	2
2374	9	828	1
2375	341	230	2
2376	423	101	2
2377	185	398	2
2378	330	71	2
2379	268	628	1
2380	464	333	1
2381	470	501	1
2382	347	171	1
2383	361	874	2
2384	301	53	1
2385	44	164	1
2386	105	222	2
2387	369	703	2
2388	415	433	2
2389	352	385	2
2390	2	821	1
2391	263	365	1
2392	20	990	1
2393	486	915	2
2394	479	777	1
2395	493	290	2
2396	481	179	2
2397	378	506	1
2398	123	702	1
2399	70	509	1
2400	112	236	2
2401	306	745	1
2402	395	345	1
2403	65	72	2
2404	143	68	1
2405	338	145	2
2406	38	636	2
2407	235	856	2
2408	297	37	1
2409	231	130	1
2410	104	616	1
2411	230	454	1
2412	443	412	2
2413	235	602	1
2414	42	854	2
2415	226	930	1
2416	29	132	1
2417	271	26	1
2418	113	598	2
2419	284	915	1
2420	211	593	2
2421	218	989	1
2422	442	459	1
2423	80	740	2
2424	228	862	2
2425	129	44	2
2426	446	950	2
2427	296	72	2
2428	497	757	1
2429	32	654	2
2430	414	628	1
2431	437	366	2
2432	259	17	2
2433	319	765	1
2434	360	157	1
2435	252	476	2
2436	434	730	1
2437	30	16	1
2438	258	255	2
2439	156	940	2
2440	33	643	1
2441	436	501	2
2442	320	637	2
2443	232	441	1
2444	215	308	1
2445	410	785	2
2446	442	964	2
2447	277	660	1
2448	205	202	2
2449	133	859	2
2450	308	542	1
2451	278	334	2
2452	169	461	1
2453	434	422	1
2454	56	421	2
2455	377	648	2
2456	416	912	2
2457	188	261	1
2458	206	239	1
2459	202	48	2
2460	471	175	2
2461	483	825	2
2462	405	551	2
2463	30	517	1
2464	247	857	2
2465	61	948	2
2466	295	937	1
2467	441	493	1
2468	93	37	2
2469	324	490	1
2470	495	190	2
2471	185	416	1
2472	246	644	2
2473	196	112	2
2474	469	412	1
2475	450	503	2
2476	244	773	1
2477	195	733	1
2478	103	557	2
2479	218	10	2
2480	56	665	1
2481	390	439	2
2482	17	713	1
2483	3	572	2
2484	44	338	2
2485	98	584	1
2486	163	486	2
2487	482	563	2
2488	13	244	2
2489	148	48	2
2490	225	316	1
2491	432	913	1
2492	250	33	2
2493	218	448	2
2494	417	513	2
2495	212	204	2
2496	104	853	2
2497	294	848	2
2498	53	664	1
2499	164	817	2
2500	311	510	2
2501	35	688	1
2502	493	177	2
2503	248	44	2
2504	191	771	2
2505	119	310	1
2506	483	313	2
2507	46	701	1
2508	374	402	1
2509	282	789	2
2510	361	36	2
2511	415	857	1
2512	271	119	2
2513	52	49	1
2514	183	700	2
2515	200	183	2
2516	299	971	1
2517	134	878	1
2518	229	287	1
2519	116	201	1
2520	291	733	1
2521	490	466	2
2522	443	283	1
2523	368	129	1
2524	448	659	1
2525	349	524	2
2526	94	439	1
2527	352	80	2
2528	397	438	2
2529	348	532	1
2530	225	510	1
2531	134	849	2
2532	485	859	2
2533	328	756	1
2534	418	183	2
2535	237	830	2
2536	1	420	1
2537	43	943	2
2538	381	624	2
2539	417	114	2
2540	386	958	2
2541	109	547	2
2542	471	397	2
2543	261	503	1
2544	362	954	2
2545	254	304	1
2546	14	334	1
2547	362	813	1
2548	457	152	1
2549	10	489	2
2550	281	548	1
2551	72	615	2
2552	140	659	1
2553	11	44	2
2554	246	40	1
2555	276	138	1
2556	288	258	2
2557	108	483	2
2558	257	572	2
2559	24	704	2
2560	72	353	2
2561	156	576	1
2562	370	456	1
2563	35	933	1
2564	224	883	1
2565	191	535	2
2566	402	311	2
2567	26	650	2
2568	144	610	1
2569	66	205	2
2570	421	498	1
2571	403	138	2
2572	30	237	1
2573	367	33	1
2574	294	469	2
2575	92	894	2
2576	287	669	2
2577	342	245	2
2578	444	339	2
2579	69	63	2
2580	353	522	2
2581	112	331	2
2582	10	377	1
2583	332	57	1
2584	187	319	2
2585	318	344	2
2586	107	252	1
2587	210	401	1
2588	214	192	1
2589	438	77	1
2590	126	911	1
2591	454	704	1
2592	375	147	2
2593	83	997	1
2594	271	43	2
2595	132	479	1
2596	385	147	2
2597	256	114	2
2598	288	318	2
2599	316	701	1
2600	353	469	1
2601	400	826	1
2602	58	303	1
2603	62	314	1
2604	126	3	2
2605	280	378	1
2606	237	434	1
2607	141	73	2
2608	404	44	2
2609	13	530	1
2610	223	982	1
2611	418	847	1
2612	448	976	2
2613	202	306	1
2614	415	635	1
2615	116	339	1
2616	23	544	2
2617	365	561	2
2618	256	704	2
2619	473	224	2
2620	323	900	1
2621	86	528	1
2622	228	695	1
2623	30	848	1
2624	388	722	1
2625	350	440	2
2626	299	608	1
2627	122	597	2
2628	192	285	1
2629	1	446	2
2630	409	555	1
2631	303	542	1
2632	312	36	2
2633	283	500	1
2634	233	198	2
2635	221	792	2
2636	488	276	2
2637	192	103	1
2638	222	19	1
2639	320	961	1
2640	19	196	1
2641	441	880	1
2642	408	400	2
2643	472	906	1
2644	166	194	2
2645	108	36	1
2646	149	616	1
2647	215	890	1
2648	175	201	1
2649	329	681	1
2650	497	932	1
2651	267	41	2
2652	66	372	1
2653	415	739	2
2654	406	450	2
2655	2	706	1
2656	102	468	1
2657	405	57	1
2658	399	574	2
2659	420	220	2
2660	8	298	1
2661	237	536	1
2662	438	786	2
2663	365	183	1
2664	326	101	1
2665	192	284	1
2666	215	579	2
2667	475	988	2
2668	174	111	2
2669	304	973	1
2670	304	455	2
2671	15	62	1
2672	7	302	1
2673	343	843	2
2674	485	668	2
2675	282	629	1
2676	408	951	2
2677	139	836	2
2678	84	618	2
2679	444	773	2
2680	491	762	2
2681	484	661	2
2682	305	734	1
2683	354	355	1
2684	244	11	2
2685	158	819	1
2686	152	941	2
2687	176	174	1
2688	492	726	2
2689	56	973	1
2690	25	375	2
2691	361	858	2
2692	28	704	2
2693	58	568	1
2694	54	392	1
2695	188	431	2
2696	64	971	1
2697	405	470	2
2698	106	468	1
2699	375	896	2
2700	431	635	2
2701	291	482	2
2702	486	402	1
2703	235	673	2
2704	212	804	2
2705	130	359	2
2706	166	854	1
2707	37	652	1
2708	315	642	1
2709	337	990	2
2710	70	538	2
2711	109	901	2
2712	387	199	2
2713	235	805	2
2714	125	854	2
2715	289	645	2
2716	396	209	2
2717	227	208	1
2718	207	734	2
2719	2	996	2
2720	86	850	1
2721	153	738	2
2722	167	677	2
2723	152	30	2
2724	79	324	2
2725	102	94	2
2726	212	608	1
2727	141	85	2
2728	384	811	2
2729	399	818	1
2730	432	263	2
2731	376	727	1
2732	8	399	1
2733	429	216	1
2734	447	6	1
3002	118	355	1
2736	445	605	2
2737	177	114	1
2738	495	813	2
2739	316	853	1
2740	183	543	2
2741	476	189	2
2742	67	996	2
2743	350	518	2
2744	96	196	1
2745	359	272	1
2746	257	700	2
2747	399	271	2
2748	450	138	2
2749	57	381	2
2750	478	57	1
2751	127	725	1
2752	160	194	2
2753	314	696	2
2754	257	842	2
2755	406	649	2
2756	309	642	2
2757	44	402	2
2758	91	929	1
2759	223	341	1
2760	27	348	1
2761	436	911	1
2762	74	389	1
2763	322	898	1
2764	418	939	2
2765	39	620	2
2766	5	923	2
2767	264	693	1
2768	326	858	1
2769	479	546	1
2770	95	194	2
2771	362	140	2
2772	156	344	2
2773	255	107	1
2774	304	352	2
2775	383	676	1
2776	284	67	2
2777	339	414	1
2778	443	376	1
2779	494	700	2
2780	7	205	1
2781	147	384	2
2782	498	386	2
2783	411	465	1
2784	163	868	2
2785	398	831	1
2786	403	961	2
2787	221	813	2
2788	419	927	1
2789	414	163	1
2790	445	268	2
2791	481	937	1
2792	84	849	2
2793	219	124	2
2794	375	676	1
2795	98	623	1
2796	79	83	1
2797	268	792	1
2798	44	497	1
2799	281	576	2
2800	95	373	1
2801	186	7	1
2802	317	328	2
2803	412	937	2
2804	60	803	2
2805	153	686	2
2806	122	830	1
2807	348	17	2
2808	316	665	1
2809	56	1000	1
2810	203	686	1
2811	431	927	1
2812	192	350	2
2813	352	547	2
2814	255	539	2
2815	383	412	1
2816	123	876	1
2817	366	828	1
2818	183	430	2
2819	192	152	2
2820	174	151	1
2821	314	788	2
2822	472	779	2
2823	407	943	1
2824	430	822	1
2825	34	576	1
2826	249	21	2
2827	215	939	1
2828	403	347	1
2829	454	746	1
2830	473	491	1
2831	338	374	2
2832	129	575	2
2833	35	866	1
2834	343	963	2
2835	177	16	1
2836	442	440	2
2837	376	877	1
2838	223	898	1
2839	388	246	1
2840	305	327	1
2841	413	870	2
2842	302	652	2
2843	431	487	2
2844	58	474	1
2845	287	358	1
2846	401	561	1
3003	175	996	1
2848	157	567	2
2849	186	328	2
2850	74	953	1
2851	254	472	2
2852	280	621	1
2853	351	215	2
2854	47	366	2
2855	272	360	1
2856	387	516	2
2857	290	678	2
2858	91	327	1
2859	297	701	2
2860	70	326	1
2861	448	165	2
2862	87	495	2
2863	392	917	1
2864	386	39	1
2865	71	64	2
2866	214	172	2
2867	398	447	2
2868	457	237	1
2869	294	407	1
2870	427	239	2
2871	242	468	2
2872	325	667	1
2873	338	225	2
2874	397	681	1
2875	375	96	1
2876	404	454	1
2877	293	504	1
2878	4	127	1
2879	329	966	2
2880	190	396	1
2881	461	304	2
2882	126	526	2
2883	366	121	2
2884	41	589	1
2885	250	464	2
2886	482	46	1
2887	6	499	1
2888	238	979	1
2889	248	734	1
2890	151	708	2
2891	205	769	1
2892	261	538	2
2893	467	896	1
2894	72	884	1
2895	478	467	1
2896	310	698	2
2897	355	547	1
2898	329	757	1
2899	292	645	2
2900	196	963	2
2901	427	213	2
2902	81	927	2
2903	350	662	2
2904	414	980	2
2905	341	433	1
2906	440	849	1
2907	340	351	1
2908	385	440	2
2909	61	625	2
2910	356	454	2
2911	477	954	1
2912	185	326	1
2913	97	308	1
2914	107	343	2
2915	66	74	2
2916	144	625	1
2917	334	123	1
2918	373	823	2
2919	353	275	1
2920	185	711	1
2921	195	615	2
2922	421	713	2
2923	34	242	2
2924	425	158	1
2925	288	184	1
2926	284	525	1
2927	77	501	2
2928	338	142	1
2929	196	814	1
2930	329	95	1
2931	390	629	1
2932	260	336	2
2933	100	434	2
2934	190	723	1
2935	129	540	1
2936	485	640	1
2937	372	954	1
2938	296	780	1
2939	162	199	2
2940	100	478	2
2941	109	744	1
2942	84	146	1
2943	303	104	1
2944	155	712	1
2945	149	770	1
2946	433	140	1
2947	186	84	1
2948	151	711	1
2949	324	710	1
2950	127	101	1
2951	214	636	2
2952	349	712	1
2953	177	74	1
2954	85	585	2
2955	62	429	1
2956	420	329	1
2957	79	445	2
2958	345	126	2
2959	109	84	1
2960	272	537	2
2961	107	655	1
2962	254	148	2
2963	409	677	1
2964	433	598	1
2965	19	719	1
2966	180	182	2
2967	210	278	1
2968	272	922	1
2969	61	997	2
2970	60	648	2
2971	231	628	2
2972	75	188	2
2973	97	311	1
2974	77	141	1
2975	352	898	1
2976	250	822	2
2977	292	570	1
2978	240	788	1
2979	203	285	1
2980	204	478	2
2981	127	155	1
2982	171	278	2
2983	97	744	1
2984	33	946	1
2985	236	729	1
2986	481	949	1
2987	243	472	2
2988	398	512	2
2989	8	649	1
2990	1	466	1
2991	232	947	2
2992	277	251	1
2993	452	358	1
2994	203	407	1
2995	305	876	1
2996	80	423	2
2997	260	786	1
2998	286	329	2
3004	258	81	1
3005	412	813	1
3006	463	152	1
3007	61	933	2
3008	363	135	1
3009	134	23	2
3010	490	749	2
3011	96	290	2
3012	223	406	1
3013	156	853	1
3014	314	418	2
3015	403	503	2
3016	188	581	2
3017	477	892	1
3018	298	911	1
3019	391	180	1
3020	423	480	1
3021	207	416	2
3022	484	713	2
3023	487	742	2
3024	327	891	2
3025	356	493	2
3026	430	547	1
3027	90	194	2
3028	103	667	2
3029	424	409	2
3030	399	865	1
3031	145	788	1
3032	48	484	1
3033	147	691	2
3034	209	873	2
3035	310	494	2
3036	269	223	1
3037	138	630	1
3038	373	291	1
3039	203	138	1
3040	498	736	1
3041	354	639	2
3042	354	324	1
3043	196	386	1
3044	253	677	1
3045	309	426	2
3046	465	22	2
3047	417	56	1
3048	411	636	2
3049	194	319	2
3050	226	952	2
3051	266	872	1
3052	186	615	1
3053	264	537	2
3054	5	299	1
3055	178	795	2
3056	153	613	1
3057	203	440	2
3058	461	430	2
3059	262	911	1
3060	413	25	1
3061	429	445	1
3062	46	704	2
3063	132	758	2
3064	248	366	1
3065	389	486	1
3066	89	444	1
3067	305	739	1
3068	346	1	2
3069	62	84	1
3070	194	801	2
3071	233	48	1
3072	306	942	2
3073	359	335	2
3074	360	183	1
3075	74	504	1
3076	63	277	2
3077	304	243	2
3078	460	196	2
3079	311	501	2
3080	48	846	2
3081	225	913	1
3082	270	563	1
3083	105	675	1
3084	228	716	2
3085	473	930	2
3086	50	910	1
3087	179	423	1
3088	463	94	2
3089	88	38	1
3090	296	874	1
3091	27	393	1
3092	105	281	2
3093	173	389	1
3094	426	207	1
3095	209	973	2
3096	301	814	2
3097	68	23	2
3098	499	139	1
3099	392	274	2
3100	333	546	2
3101	235	950	1
3102	109	938	1
3103	216	578	1
3104	422	824	2
3105	170	133	2
3106	309	224	2
3107	444	563	1
3108	248	161	1
3109	366	506	1
3110	16	616	1
3111	350	411	2
3112	365	505	1
3113	136	213	2
3115	102	853	2
3116	18	376	2
3117	112	394	2
3118	119	517	1
3119	310	151	2
3120	350	208	2
3121	250	861	2
3122	123	682	1
3123	33	288	1
3124	480	47	2
3125	181	809	2
3126	111	743	1
3127	296	78	2
3128	476	837	2
3129	361	180	2
3130	116	806	2
3131	101	393	1
3132	435	203	1
3133	279	137	2
3134	285	938	1
3135	77	309	1
3136	283	210	2
3137	175	917	2
3138	314	44	1
3139	418	822	2
3140	73	663	1
3141	45	140	1
3142	318	731	2
3143	230	318	1
3144	15	921	1
3145	165	754	1
3146	54	75	2
3147	347	229	1
3148	187	659	1
3149	185	533	2
3150	188	220	2
3151	399	102	2
3152	175	605	2
3153	323	901	2
3154	492	572	2
3155	437	328	1
3156	307	540	1
3157	148	138	1
3158	3	63	1
3159	467	845	2
3160	42	295	2
3161	174	505	1
3162	404	361	1
3163	122	57	2
3164	316	644	2
3165	418	236	2
3166	304	441	2
3167	455	976	1
3168	435	737	2
3169	370	642	2
3170	181	743	1
3171	468	713	1
3172	386	79	2
3173	485	863	2
3174	319	101	1
3175	16	128	1
3176	98	110	1
3177	110	812	1
3178	165	918	2
3179	500	127	2
3180	191	800	1
3181	60	299	1
3182	221	489	2
3183	406	511	2
3184	261	302	1
3185	107	557	1
3186	338	607	2
3187	99	750	2
3188	11	764	2
3189	277	574	2
3190	463	17	1
3191	60	4	2
3192	212	617	2
3193	41	591	2
3194	323	938	2
3195	5	190	2
3196	140	363	2
3197	111	766	1
3198	95	672	1
3199	370	756	1
3200	123	247	1
3201	378	124	1
3202	140	840	1
3203	474	698	2
3204	5	411	2
3205	119	877	2
3206	364	754	2
3207	482	68	1
3208	165	507	2
3209	339	693	1
3210	180	475	2
3211	374	574	2
3212	406	370	2
3213	381	415	1
3214	80	134	1
3215	35	206	1
3216	219	192	1
3217	125	118	1
3218	169	948	2
3219	39	567	2
3220	138	269	1
3221	434	61	2
3222	415	959	2
3223	450	657	1
3224	327	223	2
7000	239	835	1
3226	470	741	2
3227	316	719	2
3228	207	796	2
3229	223	513	2
3230	244	93	1
3231	383	401	2
3232	248	284	2
3233	50	790	2
3234	339	716	1
3235	318	424	1
3236	284	559	1
3237	455	368	2
3238	295	238	2
3239	323	420	1
3240	341	742	2
3241	353	44	2
3242	13	475	1
3243	360	16	2
3244	456	570	2
3245	309	609	1
3246	298	379	2
3247	387	50	2
3248	405	889	2
3249	280	646	2
3250	14	369	2
3251	183	286	2
3252	245	975	2
3253	424	213	2
3254	97	251	1
3255	121	359	2
3256	494	547	2
3257	174	136	2
3258	62	289	2
3259	354	100	2
3260	466	623	2
3261	216	683	1
3262	183	578	1
3263	103	531	1
3264	103	259	1
3265	93	714	2
3266	431	894	2
3267	269	773	2
3268	342	154	2
3269	34	793	2
3270	56	274	1
3271	206	670	2
3272	289	228	2
3273	47	836	1
3274	12	970	2
3275	157	1001	1
3276	383	66	2
3277	269	853	2
3278	108	981	2
3279	263	841	2
3280	40	6	1
3281	129	655	2
3282	205	613	2
3283	177	857	1
3284	349	651	1
3285	138	988	1
3286	326	340	2
3287	87	840	1
3288	16	208	1
3289	332	273	2
3290	352	620	1
3291	150	822	1
3292	248	23	2
3293	480	818	1
3294	425	623	1
3295	67	915	1
7001	442	81	2
3297	500	26	1
3298	26	894	2
3299	103	324	2
3300	405	460	2
3301	136	22	2
3302	320	777	1
3303	305	970	2
3304	246	887	1
3305	368	977	1
3306	379	634	1
3307	62	444	1
3308	382	786	2
3309	100	291	2
3310	459	338	2
3311	341	117	1
3312	454	258	2
3313	136	626	1
3314	231	847	2
3315	103	476	2
3316	448	777	2
3317	303	774	2
3318	253	941	2
3319	132	818	1
3320	43	434	2
3321	282	501	1
3322	277	774	1
3323	5	34	1
3324	77	370	2
3325	16	99	2
3326	281	55	1
3327	15	253	2
3328	364	264	1
3329	193	452	1
3330	185	804	2
3331	290	450	2
3332	10	388	1
3333	309	416	1
3334	405	71	1
3335	52	660	2
3336	280	93	1
3337	238	888	1
3338	311	955	2
3339	351	985	2
3340	189	987	1
3341	351	850	1
3342	390	621	1
3343	413	379	1
3344	51	983	2
3345	123	224	2
3346	464	459	2
3347	52	244	2
3348	217	832	1
3349	69	1002	2
3350	347	647	1
3351	72	117	2
3352	59	943	2
3353	362	505	1
3354	243	156	1
3355	332	63	2
3356	352	471	1
3357	166	606	1
3358	71	593	2
3359	157	908	1
3360	180	819	2
3361	398	789	1
3362	57	30	2
3363	228	488	2
3364	69	162	2
3365	452	660	1
3366	464	655	2
3367	37	807	2
3368	137	183	1
3369	127	977	1
3370	431	790	2
3371	7	60	1
3372	342	946	2
3373	436	171	2
3374	338	835	2
3375	244	992	2
3376	46	513	1
3377	61	118	2
3378	155	927	1
3379	277	686	2
3380	290	169	2
3381	494	817	1
3382	52	820	2
3383	244	8	2
3384	23	37	2
3385	248	448	2
3386	118	902	2
3387	372	914	2
3388	280	727	1
3389	364	238	1
3390	458	158	2
3391	128	79	1
3392	308	783	2
3393	426	125	1
3394	352	793	1
3395	392	303	2
3396	433	461	1
3397	134	630	2
3398	87	218	1
3399	378	70	2
3400	222	805	1
3401	12	558	1
7002	285	113	1
3403	15	166	2
3404	434	742	2
3405	250	277	2
3406	178	129	2
3407	439	741	2
3408	405	444	2
3409	21	873	2
3410	143	964	2
3411	13	438	2
3412	343	550	1
3413	126	881	2
3414	6	302	2
3415	80	118	1
3416	437	466	2
3417	102	287	1
3418	444	425	2
3419	32	555	1
3420	336	340	2
3421	355	194	2
3422	112	473	1
3423	243	352	1
3424	53	476	1
3425	479	498	2
3426	309	772	1
3427	394	795	2
3428	203	489	1
3429	19	178	2
3430	396	947	2
3431	75	251	1
3432	83	697	2
3433	241	127	2
3434	79	35	1
3435	191	721	1
3436	317	163	2
3437	79	357	1
3438	320	538	1
3439	315	970	2
3440	258	626	2
3441	317	421	1
3442	471	718	1
3443	285	48	1
3444	153	220	1
3445	308	614	1
3446	77	702	1
3447	326	76	2
3448	329	540	2
3449	439	223	2
3450	330	885	1
3451	435	780	1
3452	77	470	1
3453	324	149	1
3454	289	51	2
3455	271	591	1
3456	137	632	2
3457	77	592	2
3458	406	549	1
3459	291	636	2
3460	206	174	1
3461	318	551	1
3462	83	1001	1
3463	181	227	1
3464	79	597	1
3465	127	955	2
3466	70	15	2
3467	351	893	2
3468	151	580	2
3469	210	205	2
3470	68	245	2
3471	405	99	2
3472	476	94	1
3473	359	440	1
3474	141	398	2
3475	150	791	1
3476	339	659	1
3477	466	720	1
3478	189	534	2
3479	239	768	1
3480	355	38	1
3481	151	712	1
3482	55	566	2
3483	406	393	2
3484	44	42	2
3485	331	131	1
3486	185	771	2
3487	184	188	2
3488	317	675	2
3489	284	637	1
3490	188	273	2
3491	387	561	2
3492	205	388	2
3493	236	580	2
3494	308	984	2
3495	297	110	1
3496	148	840	1
3497	469	705	2
3498	49	108	2
3499	316	416	1
3500	195	234	2
3501	171	968	1
3502	58	194	1
3503	141	333	1
3504	280	609	1
3505	124	433	2
3506	235	507	2
3507	458	998	2
3508	343	272	2
3509	461	319	1
3510	403	11	1
3511	476	498	1
3512	73	372	2
3513	62	993	2
3514	20	872	1
3515	345	537	1
3516	335	388	1
3517	184	143	2
3518	382	757	1
3519	473	200	1
3520	420	905	1
3521	2	515	2
3522	152	181	1
3523	22	367	1
3524	113	278	1
3525	122	348	2
3526	254	676	2
3527	473	530	2
3528	472	185	1
3529	376	25	1
3530	127	970	1
3531	493	639	2
3532	359	935	1
3533	482	187	1
3534	332	524	2
3535	104	950	2
7003	15	905	1
3537	411	344	2
3538	333	152	1
3539	131	330	2
3540	198	875	1
3541	295	978	2
3542	21	793	1
3543	403	749	1
3544	450	766	1
3545	83	818	2
3546	151	474	1
3547	395	687	1
3548	164	83	1
3549	346	777	2
3550	382	260	1
3551	251	628	2
3552	129	76	2
3553	276	624	1
3554	337	323	2
3555	109	501	1
3556	138	149	2
3557	17	619	1
3558	448	619	2
3559	167	581	2
3560	113	353	2
3561	255	952	1
3562	361	195	1
3563	467	547	2
3564	475	30	1
3565	199	786	1
3566	455	8	2
3567	13	697	1
3568	418	601	1
3569	313	914	1
3570	179	169	2
3571	116	391	2
3572	500	276	2
3573	455	3	1
7004	78	262	1
3575	60	783	1
3576	347	204	2
3577	417	702	2
3578	412	552	2
3579	277	617	1
3580	58	90	1
3581	356	515	2
3582	244	642	1
3583	446	198	2
3584	28	155	2
3585	322	144	1
3586	485	909	1
3587	220	848	2
3588	277	690	2
3589	374	540	1
3590	283	467	1
3591	14	453	1
3592	326	474	1
3593	181	39	2
3594	209	191	2
3595	396	792	2
3596	154	135	2
3597	108	409	1
3598	59	57	2
3599	61	847	1
3600	382	427	1
3601	436	509	1
7005	104	182	1
3603	67	685	1
3604	68	200	2
3605	374	745	2
3606	86	406	1
3607	358	895	1
3608	153	404	2
3609	482	79	2
3610	233	674	2
3611	457	34	1
3612	493	603	1
3613	121	923	2
3614	379	216	2
3615	110	670	2
3616	187	804	2
3617	398	1000	2
3618	276	837	1
3619	342	501	1
3620	368	215	1
3621	236	90	1
3622	392	330	2
3623	328	839	1
3624	236	944	2
3625	105	750	1
3626	244	968	2
3627	401	72	1
3628	206	473	1
3629	397	189	1
3630	2	99	2
3631	124	131	2
3632	457	301	1
3633	357	659	1
3634	233	263	1
3635	301	759	2
3636	222	778	2
3637	273	46	2
3638	431	818	1
3639	79	28	1
3640	161	947	2
3641	232	566	2
3642	278	343	1
3643	144	681	1
3644	359	684	1
3645	329	110	1
3646	374	800	1
3647	59	362	1
3648	14	161	1
3649	272	435	2
3650	240	475	1
3651	310	196	2
3652	179	257	1
3653	353	23	1
3654	235	19	1
3655	474	369	2
3656	449	242	1
3657	113	348	1
3658	204	706	2
3659	191	600	1
3660	162	477	2
3661	83	961	1
3662	356	189	1
3663	358	145	2
3664	149	899	2
3665	255	194	1
3666	477	156	1
3667	472	798	1
3668	184	256	2
3669	295	232	1
3670	377	842	2
3671	145	986	1
3672	355	105	2
3673	65	800	2
3674	282	213	2
3675	165	850	1
3676	97	94	2
3677	126	7	1
3678	115	836	2
3679	309	951	2
3680	42	836	2
3681	265	623	2
3682	119	714	2
3683	232	245	2
3684	437	801	1
3685	396	228	1
3686	34	402	1
3687	230	445	2
3688	409	984	1
3689	108	350	1
3690	19	332	1
3691	203	164	1
3692	334	454	1
3693	98	747	1
3694	452	394	2
3695	364	210	1
3696	120	427	1
3697	292	144	2
3698	444	246	1
3699	215	361	1
3700	207	722	1
3701	195	200	1
3702	440	54	2
3703	344	82	1
3704	329	251	2
3705	182	933	2
3706	148	576	2
3707	23	695	1
3708	499	856	2
3709	216	901	1
3710	295	598	1
3711	17	692	2
3712	349	214	2
3713	67	55	2
3714	205	558	2
3715	108	762	1
3716	64	808	1
3717	280	934	2
3718	280	951	2
3719	238	365	2
3720	179	82	1
3721	59	239	1
3722	413	501	2
3723	245	371	2
3724	46	541	1
3725	221	768	2
3726	305	302	2
3727	302	639	1
3728	302	143	2
3729	102	690	2
7006	243	947	1
3731	218	958	2
3732	21	179	1
3733	151	598	1
3734	177	525	2
3735	249	186	2
3736	87	380	2
3737	228	499	2
3738	490	584	2
3739	393	667	1
3740	431	595	1
3741	267	230	1
3742	16	577	1
3743	421	467	1
3744	447	850	2
3745	150	54	1
3746	462	687	1
3747	417	223	1
3748	275	234	2
3749	257	532	1
3750	268	885	1
3751	464	322	2
3752	482	595	1
3753	310	859	1
3754	210	157	2
3755	220	665	2
3756	110	12	1
3757	4	740	1
3758	497	156	2
3759	433	944	2
3760	221	651	1
3761	453	680	1
3762	495	332	1
3763	108	303	2
3764	57	276	2
3765	10	259	2
3766	192	46	2
3767	242	622	2
3768	483	789	2
3769	257	92	1
3770	100	791	2
3771	288	576	1
3772	340	472	2
3773	363	628	2
3774	164	609	1
3775	100	314	2
3776	438	150	2
3777	167	629	2
3778	166	10	1
3779	341	782	1
3780	374	694	1
3781	418	745	1
3782	299	370	2
3783	261	375	2
3784	321	891	1
3785	497	267	2
3786	199	106	2
3787	132	90	2
3788	152	178	1
3789	151	278	2
3790	396	292	2
3791	103	725	1
3792	491	477	2
3793	89	490	2
3794	453	581	2
3795	31	647	1
3796	319	146	1
3797	237	538	1
3798	283	793	1
3799	403	846	1
3800	104	778	1
3801	332	670	1
3802	134	221	2
3803	454	789	2
3804	483	118	1
3805	387	498	1
3806	442	207	1
3807	105	945	1
3808	225	852	1
3809	316	245	1
3810	413	673	1
3811	417	454	2
3812	215	95	2
3813	51	527	1
3814	106	380	1
3815	33	559	1
3816	348	574	2
3817	275	75	1
3818	320	556	1
3819	22	465	2
3820	132	475	2
3821	167	801	1
3822	149	613	1
3823	182	838	2
3824	183	580	1
3825	280	928	2
3826	80	113	2
3827	237	859	2
3828	42	538	1
3829	455	296	2
3830	214	124	2
3831	105	465	2
3832	184	360	1
3833	405	912	2
3834	420	482	1
3835	310	670	2
3836	228	630	1
3837	229	126	1
3838	119	807	2
3839	145	753	1
3840	367	263	2
3841	345	958	2
3842	166	189	2
3843	98	448	2
3844	361	880	2
3845	380	613	2
3846	255	109	2
3847	165	658	1
3848	298	91	1
3849	70	785	2
3850	152	280	1
3851	156	85	2
3852	337	56	2
3853	364	799	2
3854	158	103	1
3855	132	903	1
3856	470	525	1
3857	433	677	1
3858	409	91	2
3859	196	671	2
3860	277	541	2
3861	469	935	1
3862	182	566	1
3863	275	193	2
3864	129	61	2
3865	499	691	1
3866	60	328	2
3867	36	653	2
3868	227	54	1
3869	444	382	2
3870	471	440	2
3871	158	927	1
3872	114	532	1
3873	444	201	1
3874	428	445	2
3875	339	242	2
3876	457	421	2
3877	371	316	2
3878	388	710	2
3879	103	287	2
3880	476	992	1
3881	327	978	1
3882	369	375	2
3883	45	880	1
3884	217	858	2
3885	350	394	1
3886	260	895	1
3887	61	986	1
3888	108	945	2
3889	131	970	2
3890	71	654	2
3891	306	941	1
3892	124	686	1
3893	245	204	2
3894	482	203	2
3895	278	75	2
3896	452	329	2
3897	299	196	2
3898	108	473	1
3899	277	335	1
3900	400	886	1
7007	347	687	2
3902	105	604	2
3903	5	403	1
3904	335	970	1
3905	13	882	2
3906	323	213	2
3907	360	618	1
3908	40	953	1
3909	190	776	1
3910	319	47	1
3911	265	806	2
3912	231	717	1
3913	126	551	1
3914	354	579	1
3915	344	607	2
3916	480	381	1
3917	317	465	2
3918	380	442	2
3919	123	77	2
3920	357	528	2
3921	139	90	2
3922	461	38	1
3923	271	503	2
3924	199	633	1
3925	63	801	2
3926	73	995	2
3927	246	760	2
3928	217	484	1
3929	102	147	2
3930	203	863	1
3931	467	952	2
3932	271	640	1
3933	261	749	1
3934	72	856	2
3935	38	736	1
3936	443	948	2
3937	360	326	1
3938	144	716	2
3939	105	538	2
3940	314	676	1
3941	257	495	2
3942	258	13	2
3943	188	889	2
3944	72	994	1
3945	33	891	2
3946	95	678	2
3947	193	156	2
3948	350	862	1
3949	456	942	2
3950	173	442	1
3951	433	837	1
3952	225	687	1
3953	76	961	2
3954	350	830	2
3955	380	545	2
3956	63	893	2
3957	354	522	1
3958	394	965	1
3959	226	700	2
3960	143	276	2
3961	120	620	1
3962	121	631	1
3963	279	858	1
3964	395	672	1
3965	38	714	1
3966	274	718	2
3967	341	32	1
3968	268	179	2
3969	357	774	1
3970	87	109	1
3971	184	23	1
3972	57	850	2
3973	306	228	2
3974	3	615	2
3975	28	186	1
3976	358	557	1
3977	244	941	1
3978	460	464	1
3979	494	248	2
3980	30	994	2
3981	182	23	2
3982	32	399	1
3983	29	748	1
3984	160	690	1
3985	302	873	2
3986	386	574	2
3987	484	837	1
3988	273	997	2
3989	218	719	2
3990	287	143	2
3991	487	301	2
3992	400	611	2
3993	289	337	1
3994	267	894	2
3995	22	969	1
3996	435	833	2
3997	350	927	1
3998	250	142	2
3999	4	289	1
4000	224	254	2
4001	297	374	2
4002	129	404	2
4003	226	747	1
4004	387	786	2
4005	473	481	2
4006	374	240	1
4007	130	852	2
4008	138	880	1
4009	401	659	2
4010	243	570	2
4011	258	339	1
4012	410	516	1
4013	475	827	1
4014	96	30	2
4015	492	38	2
4016	374	269	2
4017	255	450	2
4018	357	207	1
4019	176	33	2
4020	306	74	2
7008	64	727	1
4022	169	721	2
4023	500	222	2
4024	28	470	2
4025	45	31	1
4026	254	397	2
4027	473	350	2
4028	209	388	2
4029	418	608	1
4030	189	749	2
4031	251	258	1
4032	320	414	2
4033	459	488	2
4034	146	175	1
4035	397	949	1
4036	5	260	1
4037	182	503	1
4038	385	805	2
4039	323	800	2
4040	455	117	1
4041	46	594	2
4042	309	345	2
4043	447	979	2
4044	334	620	2
4045	165	222	1
4046	45	201	1
4047	76	538	2
4048	190	997	2
4049	143	589	2
4050	474	680	1
4051	492	301	2
4052	241	460	1
4053	347	876	2
4054	136	422	2
4055	475	779	2
4056	346	742	1
4057	53	756	1
4058	53	842	1
4059	144	798	1
4060	417	548	2
4061	167	323	1
4062	199	515	1
4063	457	919	1
4064	241	129	1
4065	120	518	2
4066	79	674	2
4067	352	361	2
4068	210	46	2
4069	251	535	2
4070	497	330	2
4071	196	784	2
4072	421	822	2
4073	279	750	1
4074	466	127	2
4075	282	456	2
4076	69	955	1
4077	439	670	1
4078	236	691	1
4079	124	479	2
4080	379	892	2
4081	165	903	2
4082	16	386	1
4083	285	497	1
4084	408	272	1
4085	364	764	2
4086	159	229	1
4087	213	556	2
4088	462	656	1
4089	439	603	1
4090	413	969	2
4091	251	819	2
4092	424	84	1
4093	81	273	1
4094	276	556	1
4095	210	798	2
4096	368	923	2
4097	153	15	1
4098	395	541	2
4099	392	877	2
4100	17	983	1
4101	335	871	1
4102	306	968	1
4103	278	747	2
4104	210	202	2
4105	270	487	1
7009	274	952	2
4107	408	33	1
4108	362	294	1
4109	297	377	2
4110	363	55	1
4111	201	507	1
4112	402	920	2
4113	232	692	1
4114	313	168	2
4115	496	981	1
4116	190	558	1
4117	441	991	2
4118	329	878	1
4119	393	622	1
4120	183	456	1
4121	150	558	2
4122	117	288	2
4123	500	541	2
4124	25	140	2
4125	296	86	1
4126	186	984	2
4127	31	80	1
4128	99	263	2
4129	302	581	2
4130	230	368	1
4131	312	310	2
4132	293	310	2
4133	444	448	2
4134	137	190	1
4135	330	927	2
4136	253	689	1
4137	190	589	1
4138	426	675	1
4139	90	614	2
4140	489	82	1
4141	235	912	2
4142	295	262	2
4143	121	118	2
4144	77	117	1
4145	38	96	1
4146	214	954	2
4147	430	394	1
4148	23	826	2
4149	316	22	1
4150	170	990	2
4151	388	903	2
4152	161	35	2
4153	328	136	1
4154	131	58	2
4155	356	314	1
4156	351	395	2
4157	88	914	2
4158	270	624	1
4159	350	384	2
4160	43	999	1
4161	35	462	2
4162	148	824	2
4163	172	999	1
4164	486	274	1
4165	239	38	2
4166	128	245	1
4167	317	365	1
4168	189	374	1
4169	328	79	1
4170	282	989	1
4171	24	766	1
4172	379	551	2
4173	367	793	2
4174	192	342	2
4175	9	3	1
4176	318	325	2
4177	237	792	1
4178	362	168	2
4179	274	435	1
4180	347	194	1
4181	120	339	1
4182	43	263	2
4183	144	5	2
4184	222	953	2
4185	292	4	1
4186	368	445	2
4187	278	144	2
4188	421	453	1
4189	101	175	1
4190	217	271	1
4191	281	167	2
4192	418	218	1
4193	19	112	1
4194	469	780	2
4195	378	501	1
4196	133	24	2
4197	134	705	1
4198	183	618	1
4199	149	307	1
4200	430	775	1
4201	53	846	1
4202	105	259	2
4203	112	766	2
4204	482	444	1
4205	320	795	1
4206	326	355	2
4207	6	346	2
4208	472	968	1
4209	185	644	1
4210	257	96	2
4211	66	610	1
4212	133	312	1
4213	123	351	2
4214	25	497	1
4215	457	426	1
4216	130	931	2
4217	426	581	2
4218	404	848	2
4219	226	384	2
4220	180	661	1
7010	235	612	2
4222	113	555	1
4223	399	113	1
4224	485	638	1
4225	390	753	2
4226	494	763	1
4227	186	181	1
4228	193	50	1
4229	117	141	2
4230	473	536	1
4231	163	90	2
4232	129	370	2
4233	183	744	1
4234	439	198	2
4235	84	423	2
4236	400	693	2
4237	373	831	1
4238	284	791	1
4239	197	378	1
4240	304	526	1
4241	122	313	1
4242	299	480	2
4243	122	503	1
4244	113	131	2
4245	180	101	2
4246	207	605	1
4247	369	996	1
4248	206	41	1
4249	120	775	2
4250	275	558	1
4251	363	912	1
4252	175	739	2
4253	23	965	2
4254	359	694	2
4255	4	114	1
4256	291	349	1
4257	192	709	1
4258	126	254	1
4259	277	161	2
4260	218	57	1
4261	493	517	2
4262	292	521	2
4263	71	91	1
4264	413	94	2
4265	113	604	1
4266	39	595	1
4267	432	904	2
4268	268	80	1
4269	342	127	2
4270	362	42	2
4271	248	136	1
4272	119	632	1
4273	76	258	1
4274	212	987	1
4275	166	200	2
4276	99	879	1
4277	267	150	1
4278	392	737	2
4279	291	699	1
4280	414	622	1
4281	333	219	2
4282	394	649	2
4283	420	360	2
4284	222	353	2
4285	180	682	1
4286	418	9	2
4287	374	596	1
4288	19	371	1
4289	204	494	2
4290	359	926	2
4291	221	487	1
4292	205	15	2
4293	36	578	2
4294	50	5	1
4295	226	685	2
4296	171	561	2
4297	68	10	2
4298	50	677	2
4299	44	158	2
4300	241	304	2
4301	325	959	2
4302	472	755	2
4303	375	275	2
4304	219	449	2
4305	280	6	1
4306	74	365	2
4307	86	309	1
4308	368	548	1
4309	198	690	2
4310	443	716	2
4311	196	683	1
4312	103	282	1
4313	131	326	1
4314	216	977	2
4315	40	431	2
4316	333	976	2
4317	175	312	1
4318	143	505	1
4319	472	101	1
4320	337	27	1
4321	59	230	1
4322	241	111	2
4323	187	987	1
4324	242	951	1
4325	113	957	2
4326	441	212	2
4327	235	59	2
4328	301	73	1
4329	291	703	2
4330	429	132	1
4331	228	266	1
4332	204	308	2
4333	492	599	1
4334	264	500	1
4335	171	420	2
4336	72	750	1
4337	264	449	2
4338	65	677	1
4339	305	376	2
4340	498	710	2
4341	295	136	2
4342	100	469	2
4343	258	204	2
4344	453	919	2
4345	313	896	1
4346	311	724	2
4347	283	649	2
4348	89	925	2
4349	211	668	2
4350	422	125	2
4351	63	773	1
4352	139	985	2
4353	284	785	1
4354	41	597	2
4355	142	96	2
4356	42	701	2
4357	453	860	2
4358	192	181	2
4359	437	566	1
4360	141	238	2
4361	15	843	1
4362	426	305	2
4363	145	984	1
4364	252	755	1
4365	264	472	1
4366	265	259	1
4367	406	228	1
4368	489	970	1
4369	101	535	2
4370	24	220	1
4371	354	722	1
4372	407	436	2
4373	214	915	2
4374	311	446	1
4375	323	922	2
4376	496	905	2
4377	302	997	2
4378	369	344	1
4379	70	776	1
4380	325	781	1
4381	86	669	2
4382	310	637	2
4383	318	638	2
4384	306	1000	2
4385	16	302	1
7011	129	426	1
4387	369	270	1
7012	444	823	2
4389	68	546	1
4390	239	715	2
4391	379	340	2
4392	134	36	1
4393	368	914	1
4394	240	31	2
7013	177	200	1
4396	138	109	2
4397	145	414	1
4398	319	369	1
4399	62	454	1
4400	415	789	1
4401	29	912	2
4402	465	25	1
4403	347	557	1
4404	456	46	1
4405	462	163	2
4406	283	285	1
4407	191	830	2
4408	116	986	2
4409	334	395	2
4410	128	576	1
4411	3	314	1
4412	212	53	1
4413	134	461	1
4414	493	960	2
4415	231	358	1
4416	87	931	1
4417	228	739	2
4418	42	234	2
4419	143	587	2
4420	377	855	1
4421	308	917	2
4422	152	277	2
4423	56	878	2
4424	258	653	1
4425	490	855	1
4426	152	762	2
4427	377	767	2
4428	89	666	2
4429	12	406	2
4430	243	30	2
4431	236	596	1
4432	63	357	2
4433	458	930	1
4434	354	592	2
4435	20	742	2
4436	249	716	2
4437	377	959	1
4438	238	418	1
4439	52	109	1
4440	362	652	1
4441	113	841	1
4442	124	787	2
4443	186	914	1
4444	304	451	2
4445	175	745	1
4446	216	936	2
4447	441	411	1
4448	96	512	2
4449	264	985	1
4450	189	592	2
4451	170	197	1
4452	495	346	2
4453	369	762	1
7014	320	849	2
4455	70	230	1
4456	449	758	2
4457	326	336	2
4458	395	489	1
4459	425	431	2
4460	478	636	2
4461	331	950	1
4462	218	342	1
4463	459	329	2
4464	124	207	1
4465	280	906	2
4466	381	703	1
4467	36	625	2
4468	52	554	2
4469	168	275	2
4470	145	21	1
4471	313	840	1
4472	446	8	2
4473	31	627	1
4474	400	75	2
4475	321	104	1
4476	346	224	2
4477	61	60	2
4478	488	372	2
4479	28	4	1
4480	306	931	2
4481	32	970	1
4482	239	201	2
4483	408	896	1
4484	399	159	2
4485	227	575	1
4486	391	646	1
4487	324	82	2
4488	480	979	1
4489	118	59	1
4490	93	541	1
4491	13	2	2
4492	446	748	1
4493	264	599	1
4494	344	885	1
4495	292	185	2
4496	102	247	2
4497	453	391	2
4498	32	944	1
4499	66	943	1
4500	356	993	2
4501	339	426	1
4502	343	594	1
4503	133	992	1
4504	477	682	2
4505	87	20	1
4506	481	366	2
4507	228	500	1
4508	409	861	2
4509	466	276	2
4510	86	960	2
4511	388	256	2
4512	132	378	2
4513	157	86	2
4514	350	739	2
4515	386	77	2
4516	266	617	2
4517	453	326	1
4518	454	209	1
4519	246	230	1
4520	439	798	2
4521	82	586	2
4522	187	797	2
4523	14	368	1
4524	304	661	1
4525	260	773	2
4526	236	358	2
4527	147	977	2
4528	495	35	1
4529	196	516	2
4530	333	804	1
4531	13	16	2
4532	252	523	2
4533	434	302	1
4534	411	948	1
4535	337	772	2
4536	327	911	1
4537	449	217	1
4538	431	478	2
4539	26	294	1
4540	446	625	1
4541	417	610	1
4542	259	625	2
4543	86	501	2
4544	489	414	1
4545	337	280	1
4546	86	190	1
4547	32	946	2
4548	127	657	1
4549	479	547	1
4550	421	7	1
4551	433	91	2
4552	162	168	2
4553	295	613	1
4554	167	1	2
4555	213	225	2
4556	22	134	1
4557	221	190	1
4558	164	145	2
4559	30	835	2
4560	58	274	1
4561	171	746	2
4562	50	980	2
4563	13	130	2
4564	68	507	2
4565	225	841	2
4566	479	928	1
4567	229	618	1
4568	196	254	2
4569	339	180	1
4570	479	951	1
4571	347	901	1
4572	267	929	1
4573	301	707	1
4574	22	200	1
4575	399	378	1
4576	387	556	2
4577	418	469	2
4578	243	772	2
4579	109	312	1
4580	244	625	1
4581	198	1002	1
4582	191	52	1
4583	221	165	2
4584	336	661	1
4585	252	994	2
4586	53	918	1
4587	72	29	1
4588	1	266	2
4589	484	42	2
4590	20	136	2
4591	229	800	2
4592	399	297	2
4593	482	711	2
4594	192	870	1
4595	302	923	1
4596	318	185	2
4597	171	615	2
4598	258	843	1
4599	187	540	2
4600	181	572	1
4601	126	979	2
4602	338	560	2
4603	468	724	2
4604	431	590	1
4605	37	768	2
4606	493	396	2
4607	379	577	1
4608	93	56	2
4609	53	497	2
4610	409	120	1
4611	91	512	2
4612	497	302	1
4613	416	772	1
4614	176	374	2
4615	295	345	2
4616	264	783	1
4617	155	423	1
4618	177	490	2
4619	126	352	2
4620	29	709	2
4621	331	432	1
4622	332	600	1
4623	128	737	1
4624	158	809	2
4625	224	167	1
7015	219	899	1
4627	166	238	2
4628	320	640	2
4629	325	440	1
4630	344	533	2
4631	78	447	2
4632	33	687	2
4633	475	328	1
4634	194	611	2
4635	287	221	2
4636	237	248	1
4637	7	318	2
4638	449	571	2
4639	235	988	1
4640	164	213	2
4641	113	663	1
4642	250	307	2
4643	195	563	2
4644	355	46	2
4645	233	687	2
4646	301	200	2
4647	360	762	2
4648	68	417	1
4649	96	673	2
4650	164	848	1
4651	248	687	1
4652	8	54	2
4653	35	911	2
4654	188	880	2
4655	317	292	2
4656	348	537	1
4657	467	950	1
4658	169	644	1
4659	144	433	2
4660	245	250	2
4661	348	151	1
4662	379	275	2
4663	264	174	1
4664	176	8	1
4665	464	704	2
4666	147	230	2
4667	292	780	2
4668	495	804	2
4669	116	119	2
4670	456	186	2
4671	90	923	2
4672	333	381	2
4673	32	932	2
4674	118	659	1
4675	321	179	1
4676	191	198	2
4677	399	460	2
4678	324	20	1
4679	356	318	2
4680	344	441	2
4681	184	131	1
4682	384	522	2
4683	445	807	1
4684	323	377	1
4685	170	91	1
4686	426	302	1
4687	189	920	2
4688	278	137	2
4689	261	482	1
4690	426	171	1
4691	49	918	1
4692	284	231	1
4693	106	500	1
4694	106	19	2
4695	89	416	1
4696	366	689	1
4697	90	286	1
4698	417	161	2
4699	434	541	1
4700	144	588	2
4701	35	773	2
4702	425	509	2
4703	218	143	1
4704	237	521	1
4705	117	265	1
4706	471	299	2
4707	158	631	1
4708	68	834	2
4709	343	412	2
4710	61	291	2
4711	383	561	1
4712	102	393	1
4713	471	213	1
4714	137	280	2
4715	244	12	1
4716	214	256	2
4717	351	400	1
4718	25	99	1
4719	96	249	1
4720	164	339	2
4721	489	251	1
4722	322	142	2
4723	437	908	1
4724	375	124	1
4725	335	400	1
4726	76	349	2
4727	337	372	2
4728	394	428	1
4729	335	214	2
4730	364	665	1
4731	454	565	2
4732	124	543	2
4733	371	515	2
4734	468	672	2
4735	304	29	2
4736	493	509	2
4737	454	648	2
4738	164	232	2
4739	330	870	1
4740	154	373	1
4741	446	659	1
4742	397	326	2
4743	194	965	1
4744	357	928	1
4745	77	611	2
4746	489	98	2
4747	94	528	1
4748	318	629	2
4749	208	193	1
4750	447	129	1
4751	38	823	1
4752	197	523	1
4753	221	140	2
4754	218	767	2
4755	129	743	2
4756	496	595	1
4757	478	956	1
4758	326	381	1
4759	163	946	1
4760	386	258	2
4761	490	70	2
4762	424	893	2
4763	22	279	2
4764	379	135	2
4765	129	111	2
4766	159	609	1
4767	224	6	2
4768	93	314	1
4769	98	503	1
4770	307	203	1
4771	92	398	1
4772	147	205	2
4773	459	42	2
4774	306	166	1
4775	34	714	1
4776	360	543	1
4777	47	587	2
4778	278	282	2
4779	237	447	1
4780	91	273	2
4781	95	568	2
4782	180	547	1
4783	295	428	2
4784	45	457	1
4785	418	550	2
4786	244	982	2
4787	284	328	2
4788	425	996	1
4789	314	361	2
4790	471	426	1
4791	333	215	1
4792	266	44	2
4793	14	856	2
4794	156	400	1
4795	436	770	2
4796	306	133	1
4797	280	600	2
4798	384	354	1
4799	472	524	1
4800	184	1	1
4801	389	133	2
4802	88	692	1
4803	201	874	1
4804	72	748	1
4805	429	872	1
4806	470	82	2
4807	99	188	1
4808	139	707	1
4809	417	910	2
4810	321	121	2
4811	387	284	2
4812	371	32	2
4813	420	769	1
4814	56	583	2
4815	5	991	2
4816	477	82	1
4817	330	93	1
4818	142	779	2
4819	414	159	2
4820	129	447	1
4821	16	767	1
4822	208	835	1
4823	177	245	1
4824	264	390	1
4825	117	309	1
4826	200	991	2
4827	247	588	2
4828	487	190	2
4829	409	450	1
4830	32	522	1
4831	300	763	2
4832	343	527	2
4833	205	973	1
4834	429	429	2
4835	152	170	1
4836	101	600	1
4837	277	883	1
4838	262	59	1
4839	303	737	1
4840	175	479	1
4841	416	223	2
4842	88	240	2
4843	356	765	2
4844	19	8	1
4845	329	109	2
4846	141	847	1
4847	106	278	1
4848	430	661	2
4849	441	488	1
4850	264	963	2
4851	46	764	2
4852	228	412	1
4853	96	139	1
4854	370	232	1
4855	250	830	1
4856	117	11	2
4857	497	872	2
4858	474	65	2
4859	154	88	1
4860	171	388	2
4861	311	334	1
4862	286	19	2
4863	163	89	2
4864	258	577	2
4865	24	37	1
4866	480	43	2
4867	379	744	1
4868	37	951	2
4869	80	506	1
4870	294	115	1
4871	89	862	1
4872	129	288	1
4873	215	231	2
4874	154	963	2
4875	424	765	1
4876	393	477	2
4877	107	452	1
4878	102	584	2
4879	70	500	2
4880	170	590	2
4881	22	954	2
4882	198	197	2
4883	397	506	1
4884	320	803	1
4885	373	488	1
4886	226	590	2
4887	379	101	1
4888	19	431	1
4889	350	573	2
4890	73	362	1
4891	225	822	1
4892	485	508	2
4893	309	470	1
4894	251	981	2
4895	81	140	2
4896	92	731	1
4897	485	698	1
4898	226	821	2
4899	324	488	2
4900	209	116	1
4901	1	710	2
4902	123	493	2
7016	351	230	2
4904	72	912	2
4905	256	372	2
4906	425	791	1
4907	459	502	2
4908	443	257	1
4909	55	961	1
4910	57	706	2
4911	100	787	2
4912	150	504	2
4913	51	226	1
4914	262	389	2
4915	318	209	1
4916	240	651	1
4917	157	136	1
4918	231	613	2
4919	424	607	2
4920	11	262	1
4921	65	472	2
4922	112	155	1
4923	315	568	1
4924	121	189	1
4925	157	957	2
4926	276	725	1
4927	202	567	1
4928	293	811	1
4929	415	271	2
4930	147	471	1
4931	274	982	2
4932	385	508	2
4933	21	458	2
4934	88	466	2
4935	136	851	1
4936	358	784	1
4937	490	693	1
4938	82	994	1
4939	300	334	1
4940	477	727	2
4941	389	223	2
4942	481	865	2
4943	492	714	2
4944	346	636	1
4945	162	583	1
4946	24	808	1
4947	154	811	2
4948	148	453	2
4949	500	182	2
4950	119	105	1
4951	116	50	2
4952	485	361	2
4953	69	649	1
4954	401	868	2
4955	21	613	1
4956	492	908	2
4957	234	995	2
4958	181	469	1
4959	172	987	2
4960	327	425	1
4961	379	804	2
4962	113	320	1
4963	345	602	2
4964	313	511	2
4965	333	889	2
4966	91	854	2
4967	143	445	1
4968	187	154	2
4969	484	210	1
4970	53	73	1
4971	250	774	1
4972	185	172	1
4973	377	378	2
4974	82	981	2
4975	13	298	2
4976	44	806	1
4977	308	583	1
4978	205	501	2
4979	386	933	2
4980	474	537	2
4981	83	604	2
4982	478	503	1
4983	456	73	1
4984	172	204	2
4985	436	189	1
4986	489	395	1
4987	375	68	1
4988	309	366	2
4989	283	464	2
4990	98	54	2
4991	287	471	2
4992	320	780	2
4993	257	726	1
4994	462	587	2
4995	324	675	1
4996	492	951	1
4997	482	813	1
4998	154	954	2
4999	173	39	1
5000	183	380	1
5001	396	950	2
5002	251	599	2
5003	131	851	1
5004	398	128	1
5005	422	16	1
5006	133	518	2
5007	344	834	1
5008	377	246	1
5009	439	174	1
5010	451	885	2
5011	49	68	2
5012	291	243	2
5013	363	187	2
5014	83	155	1
5015	326	292	1
5016	13	406	1
5017	498	768	1
5018	247	702	1
5019	245	430	2
5020	380	149	2
5021	92	876	2
5022	4	178	1
5023	390	784	1
5024	145	461	1
5025	427	682	2
5026	438	193	1
5027	291	404	2
5028	298	238	2
5029	438	272	1
5030	170	220	2
5031	235	491	1
5032	139	963	1
5033	253	233	2
5034	93	698	1
5035	265	426	1
5036	251	823	1
5037	389	841	2
5038	136	407	2
5039	357	676	2
5040	70	942	2
5041	307	301	2
5042	144	496	1
5043	469	535	2
5044	134	363	1
5045	184	775	1
5046	480	63	2
5047	340	591	2
5048	236	705	1
5049	99	850	2
5050	160	579	2
5051	161	130	2
5052	299	819	1
5053	350	633	2
5054	299	168	1
5055	189	662	1
5056	470	810	2
5057	286	468	2
5058	201	425	1
5059	294	696	2
5060	337	688	2
5061	182	914	1
5062	422	782	1
5063	83	77	2
5064	431	205	1
5065	289	850	1
5066	306	772	1
5067	369	918	2
5068	150	293	2
5069	338	571	2
5070	134	489	1
5071	412	871	2
5072	448	736	2
5073	277	563	1
5074	300	839	2
5075	266	55	1
5076	43	858	2
5077	76	513	2
5078	437	237	2
5079	169	648	2
5080	495	918	1
5081	227	880	2
5082	279	67	2
5083	242	159	2
5084	46	742	1
5085	241	213	2
5086	397	808	2
5087	237	87	1
5088	73	68	2
5089	202	725	1
5090	119	763	2
5091	443	772	2
5092	212	536	1
5093	249	726	1
5094	185	712	2
5095	44	463	1
5096	42	370	2
5097	495	430	2
5098	68	598	1
5099	28	838	2
5100	169	342	1
5101	255	255	1
5102	335	279	2
5103	213	28	1
5104	348	154	1
5105	238	700	1
5106	355	501	1
5107	251	626	1
5108	281	391	2
5109	499	539	2
5110	392	34	1
5111	27	621	2
5112	418	400	1
5113	312	923	2
5114	342	796	2
5115	481	98	1
5116	293	170	2
5117	247	151	2
5118	225	861	2
5119	256	252	2
5120	221	761	1
5121	355	571	1
5122	448	247	1
5123	91	217	1
5124	493	252	1
5125	300	605	1
5126	71	453	1
5127	231	372	1
5128	432	44	2
5129	354	840	2
5130	228	141	1
5131	392	19	2
5132	177	737	2
5133	287	502	1
5134	1	325	1
5135	254	591	2
5136	285	637	1
5137	343	636	1
5138	82	731	1
5139	285	396	1
5140	182	319	1
5141	220	564	1
5142	315	865	2
5143	463	373	2
5144	485	550	2
5145	64	222	1
5146	406	487	1
5147	110	554	1
5148	319	247	2
5149	449	439	2
5150	275	286	1
5151	475	950	1
5152	126	458	1
5153	237	64	1
5154	288	107	1
5155	299	806	2
5156	291	334	1
5157	264	896	2
5158	151	585	2
5159	222	869	2
5160	321	642	1
5161	466	578	1
5162	440	641	1
5163	272	547	1
5164	106	813	2
5165	372	122	1
5166	177	55	1
5167	81	390	2
5168	368	160	1
5169	235	967	2
5170	28	497	2
5171	430	486	2
5172	100	29	2
5173	115	375	2
5174	250	706	2
5175	160	36	1
5176	292	686	2
5177	156	782	1
5178	202	71	2
5179	130	779	1
5180	160	64	1
5181	152	963	1
5182	205	399	2
5183	282	804	1
5184	375	874	1
5185	486	294	2
5186	5	836	1
5187	375	519	1
5188	409	624	2
5189	368	750	2
5190	283	96	1
5191	35	953	1
5192	396	453	2
5193	119	937	2
5194	355	882	1
5195	78	100	1
5196	93	919	1
5197	40	27	1
5198	88	707	1
5199	17	819	2
5200	406	478	2
5201	369	589	1
5202	305	774	2
5203	220	782	1
5204	142	553	1
5205	458	262	1
5206	14	931	2
5207	212	681	2
5208	14	516	2
5209	38	702	2
5210	462	548	1
5211	17	623	2
5212	235	782	2
5213	137	563	1
5214	100	568	2
5215	118	861	2
5216	108	808	1
5217	219	567	2
5218	17	677	2
5219	226	900	1
5220	434	392	2
5221	479	949	1
5222	320	218	2
5223	97	33	1
5224	343	899	2
5225	231	625	1
5226	216	336	1
5227	395	723	2
5228	293	614	1
5229	450	422	2
5230	282	137	1
5231	374	2	1
5232	74	260	1
5233	229	749	2
5234	138	714	2
5235	181	20	2
5236	435	233	2
5237	22	230	2
5238	5	832	2
5239	377	958	1
5240	367	509	2
5241	198	601	2
5242	269	492	1
5243	229	814	2
5244	201	83	2
5245	95	804	2
5246	236	398	1
5247	101	285	2
5248	289	521	1
5249	21	559	1
5250	483	194	1
5251	419	427	2
5252	110	858	1
5253	7	963	2
5254	348	16	2
5255	196	799	1
5256	381	183	1
5257	235	425	1
5258	111	160	1
5259	275	702	1
5260	28	803	2
5261	28	691	2
5262	279	160	2
5263	23	612	1
5264	413	906	1
5265	376	998	2
5266	366	494	2
5267	225	113	1
5268	415	963	1
5269	163	894	1
5270	411	302	2
5271	228	105	2
5272	210	489	1
5273	143	621	2
5274	79	753	2
5275	147	604	1
5276	2	577	1
5277	165	401	1
5278	341	139	1
5279	100	305	2
5280	431	199	2
5281	435	514	1
5282	102	882	1
5283	498	780	1
5284	306	955	1
5285	228	32	1
7017	482	756	1
5287	278	811	2
5288	39	644	2
5289	58	217	1
5290	101	808	1
5291	450	445	1
5292	1	903	1
5293	467	478	2
5294	377	110	1
5295	255	546	2
5296	50	254	2
5297	459	3	2
5298	335	273	2
5299	498	627	2
5300	132	62	2
5301	42	66	1
5302	364	80	1
5303	466	189	2
5304	220	429	2
5305	182	853	1
5306	120	352	2
5307	332	976	2
5308	142	195	2
5309	225	187	2
5310	237	665	2
5311	184	313	1
5312	154	264	1
5313	174	153	1
5314	207	673	2
5315	241	683	1
5316	271	928	2
5317	111	38	2
5318	383	126	1
5319	68	322	2
5320	435	259	2
5321	254	473	1
5322	127	26	2
5323	329	88	1
5324	32	39	1
5325	161	852	1
5326	149	961	2
5327	416	554	2
5328	332	164	2
5329	165	540	2
5330	476	134	2
5331	51	60	2
5332	362	573	1
5333	43	444	2
5334	13	984	2
5335	344	722	1
5336	308	537	2
5337	71	273	1
5338	144	659	1
5339	281	960	1
5340	276	868	2
5341	413	132	1
5342	244	724	2
5343	162	93	2
5344	156	36	1
5345	389	550	1
5346	347	740	1
5347	351	379	1
5348	228	57	2
5349	214	269	1
5350	361	274	2
5351	186	154	2
5352	154	366	1
5353	376	31	1
5354	452	675	2
5355	256	558	1
5356	204	969	2
5357	396	643	1
5358	182	318	2
5359	314	22	1
5360	81	293	1
5361	211	234	1
5362	54	50	1
5363	108	860	2
5364	312	879	1
5365	328	558	2
5366	2	201	2
5367	290	75	2
5368	269	275	1
5369	144	426	1
5370	235	442	2
5371	300	42	1
5372	166	134	1
5373	214	925	1
5374	344	889	1
5375	376	591	2
5376	467	366	2
5377	154	415	1
5378	320	936	2
5379	38	829	2
5380	5	35	2
5381	330	738	1
5382	448	288	2
5383	19	487	1
7018	39	430	2
5385	184	749	2
5386	423	82	2
5387	422	434	1
5388	98	565	1
5389	488	776	1
5390	493	755	1
5391	247	192	2
5392	142	542	1
5393	371	629	2
5394	158	375	2
5395	230	567	2
5396	113	92	2
5397	485	655	2
5398	196	511	2
5399	126	916	1
5400	497	333	2
5401	400	125	1
5402	392	78	1
5403	478	931	1
5404	176	371	2
5405	356	161	2
5406	351	3	2
5407	192	648	1
5408	106	894	2
5409	179	241	2
5410	140	264	1
5411	299	307	2
5412	171	646	1
5413	182	944	2
5414	409	348	1
5415	251	837	2
5416	274	464	1
5417	10	165	2
5418	15	551	1
5419	37	419	1
5420	71	366	1
5421	112	129	1
5422	374	134	1
7019	156	827	1
5424	211	294	1
5425	152	218	1
5426	10	521	1
5427	254	302	2
5428	439	947	1
5429	498	163	1
5430	169	878	1
5431	105	140	1
5432	57	610	2
5433	138	832	1
5434	309	24	2
5435	170	366	1
5436	149	686	1
5437	15	567	1
5438	342	736	1
5439	463	496	1
5440	300	200	2
5441	331	378	1
5442	391	664	1
5443	39	261	1
5444	207	670	1
5445	139	981	1
5446	254	402	1
5447	493	172	2
5448	445	695	1
5449	154	749	2
5450	488	832	1
5451	487	664	1
5452	185	167	1
5453	261	212	1
5454	139	647	2
5455	465	683	2
5456	204	485	2
7020	181	795	2
5458	499	120	1
5459	342	195	2
5460	4	484	2
5461	450	459	1
5462	124	194	1
5463	451	31	1
5464	420	696	1
5465	325	69	2
5466	262	310	2
5467	407	300	1
5468	105	132	2
5469	30	913	1
5470	86	340	1
5471	226	503	1
5472	485	412	2
5473	380	148	2
5474	147	503	1
5475	44	975	1
5476	4	810	2
5477	101	439	1
5478	162	340	1
5479	139	229	2
5480	291	120	1
5481	456	45	1
5482	295	842	1
5483	479	565	2
5484	154	848	2
5485	14	984	2
5486	3	306	1
5487	467	552	2
5488	473	560	2
5489	267	61	2
5490	447	973	1
5491	12	5	2
5492	7	157	2
5493	147	698	2
5494	384	372	1
5495	315	425	2
5496	348	481	2
5497	147	963	2
5498	281	767	2
5499	460	751	2
5500	152	977	1
5501	23	312	1
5502	500	861	1
5503	204	385	1
5504	296	444	2
5505	138	24	2
5506	464	298	1
5507	483	69	1
5508	182	421	1
5509	35	954	1
5510	232	76	2
5511	326	219	2
5512	490	674	2
5513	49	100	2
5514	423	948	1
5515	245	966	2
5516	308	437	1
5517	389	559	1
5518	30	885	2
5519	133	871	2
5520	193	286	1
5521	89	817	2
5522	317	842	1
5523	47	810	1
5524	303	508	1
5525	161	642	2
5526	177	989	2
5527	45	753	1
5528	298	820	2
5529	130	670	1
5530	407	792	1
5531	4	53	2
5532	487	499	2
5533	33	909	2
5534	192	486	2
5535	371	74	2
5536	239	705	1
5537	220	132	1
5538	275	118	1
5539	282	907	2
5540	58	256	1
5541	36	204	1
5542	500	766	1
5543	80	362	1
5544	406	859	2
5545	52	194	1
5546	149	909	1
5547	169	953	2
7021	302	527	2
5549	223	753	1
5550	195	252	2
5551	279	776	1
5552	494	107	2
5553	304	873	1
5554	368	430	2
5555	474	115	1
5556	72	877	1
5557	211	446	2
5558	45	509	1
5559	454	52	2
5560	453	945	1
5561	424	621	2
5562	311	428	1
5563	346	74	2
5564	315	55	2
5565	393	890	1
5566	59	742	1
5567	172	95	1
5568	9	177	2
5569	487	847	1
5570	379	699	2
5571	110	45	1
5572	141	330	1
5573	366	45	1
5574	423	33	2
5575	47	729	1
5576	364	700	2
5577	375	55	1
5578	498	407	1
5579	427	295	1
5580	255	292	2
5581	482	620	1
5582	299	978	1
5583	313	543	1
5584	387	224	2
5585	303	172	1
5586	450	963	1
5587	325	798	1
5588	244	766	1
5589	380	951	2
5590	119	28	1
5591	342	633	1
5592	167	466	2
5593	179	580	2
5594	88	323	1
5595	454	535	2
5596	189	260	1
5597	201	895	1
5598	32	606	2
5599	341	747	2
5600	281	606	2
5601	279	703	1
5602	500	696	2
5603	311	136	1
5604	380	410	2
5605	428	166	1
5606	457	377	2
5607	177	955	2
5608	80	648	1
5609	323	465	2
5610	236	884	1
5611	261	590	1
5612	220	792	2
5613	128	248	1
5614	195	452	1
5615	55	137	2
5616	137	282	2
5617	498	941	1
5618	416	619	1
5619	157	409	1
5620	419	445	2
5621	318	917	1
5622	167	215	1
5623	351	523	2
5624	474	661	2
5625	473	660	2
5626	422	401	1
5627	9	24	2
5628	171	839	2
5629	366	200	1
5630	416	107	1
5631	309	666	1
5632	302	174	1
5633	436	504	2
5634	51	504	1
5635	13	403	1
5636	8	345	1
5637	182	915	2
5638	416	48	2
5639	463	154	2
5640	65	96	2
5641	347	585	2
5642	447	406	2
5643	193	310	2
5644	59	302	1
5645	230	253	1
5646	407	501	2
5647	382	982	2
5648	100	247	1
5649	145	561	2
5650	24	882	1
5651	274	589	1
5652	155	81	1
5653	232	351	2
5654	307	819	1
5655	200	988	1
5656	21	438	1
5657	463	779	2
5658	489	853	2
5659	12	598	1
5660	74	178	1
5661	476	934	2
5662	399	62	2
5663	488	63	1
5664	77	448	2
5665	348	901	2
5666	204	9	2
5667	28	633	2
5668	182	361	2
5669	43	350	2
5670	381	678	1
5671	422	163	2
5672	192	155	1
5673	439	362	2
5674	456	939	1
5675	327	481	1
5676	387	448	1
5677	209	270	2
5678	275	444	2
5679	265	617	2
5680	8	424	1
5681	165	899	1
5682	275	237	1
5683	295	490	2
5684	165	288	2
5685	324	376	1
5686	82	552	1
5687	462	790	2
5688	78	575	2
5689	156	225	1
5690	225	532	1
5691	24	379	1
5692	19	261	2
5693	234	722	1
5694	376	891	2
5695	489	451	1
5696	158	988	2
5697	84	365	1
5698	50	524	2
5699	35	723	2
5700	254	692	2
5701	462	363	2
5702	50	680	1
5703	162	545	1
5704	8	931	2
5705	257	415	2
5706	45	256	1
5707	195	269	1
5708	155	911	1
5709	189	130	2
5710	429	497	2
5711	492	331	1
5712	404	305	2
5713	302	160	2
5714	230	821	2
5715	429	616	1
5716	332	954	1
5717	363	860	2
5718	28	506	1
5719	383	208	2
5720	493	941	1
5721	17	20	2
5722	64	354	2
5723	334	34	2
5724	233	46	1
5725	21	93	2
5726	366	574	1
5727	305	196	2
5728	182	339	2
5729	210	38	2
5730	235	876	2
5731	237	691	1
5732	83	689	2
5733	139	858	1
5734	397	637	2
5735	77	572	1
5736	195	146	1
5737	308	616	1
5738	310	437	1
5739	493	877	1
5740	269	521	2
5741	84	915	1
5742	173	773	2
5743	104	37	2
5744	250	362	1
7022	26	67	2
5746	57	490	2
5747	379	27	2
5748	105	623	2
5749	269	715	1
5750	471	111	2
5751	227	174	2
5752	291	968	2
5753	239	859	2
5754	487	283	1
5755	255	95	1
5756	293	160	2
5757	203	483	1
5758	319	929	1
5759	413	862	2
5760	197	553	1
5761	130	709	2
5762	84	95	1
5763	285	617	2
5764	367	796	2
5765	495	392	1
5766	183	55	2
5767	161	198	2
5768	256	794	1
5769	24	433	2
5770	485	553	2
5771	499	227	2
5772	374	421	1
5773	175	736	2
7023	53	815	1
5775	266	720	1
5776	278	904	1
5777	421	896	1
5778	497	637	2
5779	15	74	1
5780	210	804	2
5781	76	594	2
5782	104	814	2
5783	271	115	2
5784	397	502	2
5785	350	659	1
5786	341	91	2
5787	498	188	1
5788	171	540	1
5789	468	663	2
5790	153	558	2
5791	200	901	1
5792	289	546	1
5793	95	616	1
5794	137	143	1
5795	187	795	2
5796	304	522	2
5797	204	584	1
5798	215	743	2
5799	125	746	1
5800	211	171	2
5801	203	288	1
5802	313	593	2
5803	183	691	2
5804	451	421	1
5805	174	249	1
5806	185	195	1
5807	268	11	1
5808	225	558	1
5809	339	239	1
5810	99	392	1
5811	129	996	1
5812	47	233	2
5813	117	190	1
5814	352	970	2
5815	113	674	2
7024	289	469	2
5817	479	803	2
5818	221	637	1
5819	263	987	1
5820	220	898	2
5821	418	706	1
5822	181	338	2
5823	144	919	1
5824	371	609	2
5825	7	928	1
5826	464	323	2
5827	170	277	1
5828	363	166	1
5829	441	730	2
5830	251	96	2
5831	26	767	1
5832	236	160	2
5833	246	68	1
5834	362	244	1
5835	152	431	2
5836	369	245	1
5837	374	464	2
5838	387	827	1
5839	195	423	1
5840	247	204	1
5841	121	953	1
5842	344	70	1
5843	291	4	1
5844	379	624	1
5845	211	5	2
5846	402	664	2
5847	45	355	2
5848	291	534	2
5849	194	106	2
5850	295	683	1
5851	152	816	2
5852	197	949	2
5853	490	12	2
5854	492	216	2
5855	369	82	2
5856	191	685	2
5857	177	839	1
5858	33	767	1
5859	221	994	2
5860	280	445	1
5861	485	140	2
5862	384	881	2
5863	357	956	2
5864	343	738	2
5865	259	473	2
5866	181	170	2
5867	25	760	2
5868	397	917	2
5869	424	559	1
5870	226	826	1
5871	348	79	2
5872	272	535	2
5873	444	482	1
5874	197	863	2
5875	331	967	1
5876	261	400	2
5877	48	244	2
5878	234	659	1
5879	393	582	1
5880	129	281	1
5881	41	954	2
5882	314	577	2
5883	307	785	1
5884	405	375	2
5885	219	416	1
5886	154	514	1
5887	378	794	1
5888	24	873	1
5889	104	83	1
5890	365	633	2
7025	360	814	2
5892	249	25	2
5893	115	801	2
5894	242	767	1
5895	196	458	1
5896	356	793	1
5897	106	246	2
5898	366	684	2
5899	168	888	2
5900	82	128	2
5901	458	168	1
5902	482	389	1
5903	47	228	2
5904	79	26	1
5905	469	227	1
5906	269	805	2
5907	293	323	2
5908	117	746	1
5909	49	482	2
5910	60	238	1
5911	41	579	2
5912	18	268	2
5913	467	182	2
5914	64	51	2
5915	112	189	2
5916	56	628	1
5917	216	298	1
5918	389	332	1
5919	364	657	1
5920	430	707	2
5921	207	88	1
5922	410	298	2
5923	491	107	1
5924	79	251	2
5925	390	582	2
5926	192	927	1
5927	50	485	2
5928	203	606	2
5929	410	132	1
5930	56	892	1
5931	365	585	1
5932	198	545	2
5933	467	862	2
5934	45	730	1
7026	340	779	1
5936	90	725	2
5937	173	797	1
5938	360	52	1
5939	73	108	2
7027	472	227	2
5941	298	228	1
5942	132	79	2
5943	401	687	1
5944	109	288	2
5945	283	77	1
5946	467	882	2
5947	434	857	2
5948	38	606	2
5949	22	159	2
5950	148	280	1
5951	235	163	1
5952	380	779	1
5953	181	72	1
5954	100	476	1
5955	233	37	2
5956	368	845	2
5957	336	617	1
5958	257	273	1
5959	346	350	1
5960	283	603	1
5961	394	304	2
5962	89	578	2
5963	427	590	1
5964	168	431	2
5965	71	959	2
5966	270	949	2
5967	332	739	1
5968	31	94	1
5969	99	403	1
5970	458	520	2
5971	189	905	1
5972	375	577	1
5973	158	605	1
5974	444	330	2
5975	150	212	1
5976	262	468	1
5977	79	778	2
5978	118	701	1
5979	48	281	1
5980	469	462	2
5981	428	489	2
5982	404	45	2
5983	162	213	1
5984	375	963	1
5985	280	143	2
5986	376	592	2
5987	17	667	1
5988	100	271	2
5989	496	208	1
5990	145	323	2
5991	496	997	2
5992	245	20	2
5993	26	588	2
5994	221	696	1
5995	133	727	1
5996	424	951	2
5997	127	951	1
5998	379	573	2
5999	231	940	1
6000	280	133	2
6001	85	8	1
6002	63	413	2
6003	123	970	1
6004	170	519	1
6005	194	639	2
6006	395	562	2
6007	120	639	1
6008	356	877	2
6009	2	395	2
6010	17	393	2
6011	194	402	1
6012	299	111	1
6013	112	995	2
6014	346	9	2
6015	95	58	1
6016	319	987	2
6017	395	752	2
6018	101	710	1
6019	314	556	2
6020	89	99	2
6021	49	780	2
6022	31	237	2
6023	406	15	1
6024	119	864	1
6025	106	611	1
6026	145	810	1
6027	204	718	2
6028	442	164	1
6029	279	700	2
6030	162	870	1
6031	388	153	1
6032	473	808	1
6033	459	953	2
6034	462	772	1
6035	150	337	2
6036	412	175	1
6037	204	828	1
6038	221	611	1
6039	194	964	1
6040	135	633	2
6041	15	204	2
6042	461	993	2
6043	74	71	1
6044	194	677	2
6045	69	614	1
6046	495	311	1
6047	449	532	2
6048	83	152	1
6049	274	83	2
6050	125	539	1
6051	261	147	1
6052	8	193	2
6053	357	626	2
6054	37	537	1
6055	101	769	2
6056	342	905	1
6057	288	477	1
6058	274	65	1
6059	467	746	1
6060	346	4	2
6061	471	314	2
6062	150	348	1
6063	446	756	1
6064	90	971	1
6065	252	504	1
6066	430	721	2
6067	445	500	2
6068	22	585	2
6069	329	992	1
6070	304	863	2
6071	235	501	1
6072	294	720	2
6073	33	829	1
6074	424	147	2
6075	441	622	2
6076	428	475	1
6077	78	565	1
6078	141	370	1
6079	476	216	1
6080	451	506	1
6081	385	575	2
6082	1	251	1
6083	37	484	2
6084	156	1000	2
6085	294	408	1
6086	487	399	1
6087	482	752	1
6088	404	524	2
6089	388	895	2
6090	8	516	1
6091	91	295	2
6092	370	313	2
6093	406	559	2
6094	102	641	1
6095	8	285	1
6096	110	326	2
6097	133	715	2
6098	338	533	2
6099	196	57	2
6100	324	164	1
6101	100	17	1
6102	367	986	1
6103	300	284	1
6104	195	653	1
6105	338	927	2
6106	7	285	1
6107	110	719	1
6108	402	29	1
6109	402	322	2
6110	362	734	2
6111	475	677	2
6112	443	924	1
6113	85	289	2
6114	128	946	1
6115	328	481	2
6116	347	164	2
6117	390	94	2
6118	475	797	1
6119	37	667	2
6120	445	842	2
7028	490	910	1
6122	203	757	1
6123	102	144	2
6124	377	549	1
6125	430	785	1
6126	465	310	1
6127	180	19	1
6128	282	540	2
6129	375	131	1
6130	207	704	2
6131	431	51	1
6132	169	723	1
6133	365	342	1
6134	245	981	1
6135	345	223	2
6136	202	689	1
6137	272	361	2
6138	415	405	1
6139	169	369	1
6140	346	680	1
6141	377	160	1
6142	216	382	1
6143	453	454	2
6144	62	498	2
6145	323	777	1
6146	348	902	1
6147	486	157	1
6148	235	790	2
6149	305	892	1
6150	99	633	1
6151	4	473	1
6152	41	766	2
6153	86	825	1
6154	327	500	1
6155	142	482	1
6156	50	583	2
6157	15	279	2
6158	434	530	2
6159	172	75	1
6160	216	884	1
6161	177	261	2
6162	8	421	2
6163	331	887	1
6164	430	762	2
6165	164	733	2
6166	483	128	1
6167	61	132	1
6168	486	47	1
6169	249	523	2
6170	423	297	1
6171	170	564	1
6172	388	334	1
6173	292	389	2
6174	391	317	1
6175	57	904	2
6176	11	306	2
6177	289	637	2
6178	131	472	2
6179	69	267	1
6180	307	366	1
6181	257	708	2
6182	365	536	2
6183	150	979	1
6184	346	525	2
6185	19	997	2
6186	276	991	1
6187	429	940	1
6188	147	573	2
6189	427	34	1
6190	75	395	1
6191	231	751	1
6192	106	313	1
6193	422	741	2
6194	13	435	1
6195	370	963	1
6196	11	548	1
6197	66	333	2
6198	50	702	2
6199	334	498	1
6200	175	285	1
6201	144	234	1
6202	381	330	2
6203	78	786	1
6204	465	809	1
6205	235	107	2
6206	234	379	1
6207	262	948	1
6208	32	858	2
6209	444	409	2
6210	204	270	1
6211	40	843	1
6212	265	313	1
6213	481	605	2
6214	132	555	1
6215	112	311	2
6216	246	783	1
6217	461	436	2
6218	431	749	1
6219	449	493	1
7029	1	588	1
6221	149	313	1
6222	132	745	1
6223	321	965	2
6224	55	74	2
6225	135	99	2
6226	124	290	1
6227	468	155	2
6228	360	359	2
6229	168	126	1
6230	163	901	2
6231	316	730	1
6232	329	724	1
6233	265	604	2
6234	172	706	2
6235	80	505	2
6236	450	789	1
6237	319	950	2
6238	493	269	2
6239	314	140	2
6240	41	1002	2
6241	435	666	2
6242	495	257	1
6243	184	107	2
6244	135	879	2
6245	101	16	2
6246	244	899	2
6247	492	626	1
6248	167	354	1
6249	304	336	1
6250	371	693	1
6251	60	973	1
6252	498	587	1
6253	315	521	1
6254	333	425	2
6255	283	152	2
6256	292	877	2
6257	355	783	2
6258	78	258	2
6259	289	635	1
6260	35	819	1
6261	422	601	1
6262	390	787	2
6263	30	6	1
6264	83	714	1
6265	471	946	1
6266	239	449	1
6267	253	507	1
6268	456	240	2
6269	145	251	1
6270	233	913	2
6271	184	180	2
6272	471	636	1
6273	147	708	2
6274	140	529	2
6275	469	497	1
6276	163	490	2
6277	308	526	2
6278	161	543	1
6279	238	427	2
6280	5	259	2
6281	9	803	1
6282	172	84	2
6283	91	517	1
6284	243	67	2
6285	228	814	1
6286	337	218	1
6287	96	372	1
6288	416	238	1
6289	428	782	2
6290	323	484	2
6291	176	699	2
6292	9	492	1
6293	492	925	2
6294	261	491	1
6295	126	296	1
6296	116	773	2
6297	124	838	1
6298	269	737	1
6299	229	258	1
6300	248	872	1
6301	159	301	1
6302	204	183	1
6303	73	632	1
6304	227	490	1
6305	97	494	2
6306	444	50	1
6307	349	184	1
6308	343	976	1
6309	102	899	2
6310	458	447	1
6311	374	636	1
6312	427	754	2
6313	47	101	1
6314	122	69	1
6315	245	447	2
6316	44	940	1
6317	46	173	2
6318	300	460	1
6319	163	553	1
6320	222	270	1
6321	187	29	1
6322	450	557	1
6323	264	513	2
6324	311	256	1
6325	351	277	2
6326	41	16	2
6327	66	816	2
6328	483	464	1
6329	109	785	1
6330	447	700	2
6331	403	4	1
6332	422	311	1
6333	323	549	1
6334	149	64	2
6335	216	679	2
6336	476	874	2
6337	367	202	2
6338	36	448	1
6339	426	359	1
6340	18	537	1
6341	150	734	1
6342	157	372	2
6343	166	888	1
6344	443	414	2
6345	296	473	1
6346	451	640	1
6347	245	36	1
6348	2	559	1
6349	98	640	2
6350	275	434	2
6351	428	222	2
6352	421	651	2
6353	90	530	2
6354	464	493	1
6355	482	542	1
6356	115	981	2
6357	399	381	2
6358	405	25	2
6359	170	646	1
6360	147	906	2
6361	42	130	1
6362	412	416	1
6363	174	451	1
6364	279	255	1
6365	189	857	1
6366	451	829	2
6367	462	15	2
6368	293	639	2
6369	42	268	2
6370	45	359	2
6371	116	615	2
6372	131	867	1
6373	452	47	2
6374	375	518	2
6375	429	204	2
6376	144	470	1
6377	306	58	2
6378	44	135	2
6379	174	873	2
6380	2	385	2
6381	297	240	1
6382	147	663	2
6383	341	933	2
6384	175	562	1
6385	463	792	2
6386	463	277	2
6387	430	723	2
6388	389	152	1
6389	84	802	2
6390	498	762	2
6391	41	331	1
6392	406	320	2
6393	259	911	2
6394	442	190	2
6395	298	522	2
6396	53	826	1
6397	360	293	1
6398	469	363	2
6399	332	228	2
6400	133	798	2
6401	246	911	2
6402	111	145	2
6403	440	791	1
6404	349	549	1
6405	137	191	2
6406	465	185	1
6407	246	663	2
6408	241	293	2
6409	90	882	1
6410	283	844	2
6411	128	384	2
6412	353	45	1
6413	221	349	2
6414	104	228	1
6415	179	338	1
6416	131	541	1
6417	66	864	1
6418	126	340	2
6419	253	683	2
6420	464	316	1
6421	10	604	1
6422	189	988	1
6423	420	254	2
6424	277	450	1
6425	80	809	1
6426	458	285	2
6427	336	59	1
6428	424	408	1
6429	207	948	1
6430	426	901	1
6431	489	539	1
6432	243	255	1
6433	74	636	1
6434	148	675	1
6435	500	819	2
6436	241	658	2
6437	245	878	2
6438	413	327	2
6439	300	381	2
6440	182	748	1
6441	101	532	1
6442	305	145	1
6443	375	594	1
6444	164	357	1
6445	53	322	1
6446	389	892	1
6447	43	64	1
6448	368	589	1
6449	468	433	2
6450	291	732	1
6451	94	281	2
6452	253	209	1
6453	214	109	1
6454	25	224	1
6455	338	74	1
6456	460	658	2
6457	84	696	1
6458	499	436	2
6459	92	221	1
6460	482	432	2
6461	250	868	1
6462	439	170	1
6463	206	515	2
6464	129	559	1
6465	21	460	1
6466	334	486	1
6467	97	920	2
6468	96	551	1
6469	325	702	2
6470	52	443	1
6471	21	375	1
6472	130	130	2
6473	147	342	1
6474	144	153	1
6475	112	28	2
6476	218	963	2
6477	310	24	2
6478	295	623	1
6479	197	44	1
6480	249	293	1
6481	385	45	1
6482	55	964	2
6483	47	897	2
6484	27	58	1
6485	279	652	1
6486	393	478	2
6487	244	898	2
6488	245	228	1
6489	64	827	1
6490	232	866	1
6491	250	613	1
6492	118	778	1
6493	257	918	1
6494	364	742	2
6495	87	399	1
6496	500	795	1
6497	13	422	1
6498	181	267	2
6499	315	705	2
6500	208	821	1
6501	359	903	1
6502	125	709	2
6503	430	17	1
6504	271	157	2
6505	447	62	1
6506	122	910	2
6507	461	788	1
6508	226	710	1
6509	462	497	2
6510	20	177	1
6511	125	959	2
6512	483	929	2
6513	269	211	2
6514	307	930	1
6515	325	48	1
6516	168	981	1
6517	231	424	1
6518	169	565	2
6519	108	115	1
6520	368	411	2
6521	181	622	2
6522	343	484	1
6523	91	683	2
6524	106	647	2
6525	287	144	1
6526	230	337	1
6527	79	469	1
6528	44	825	1
6529	401	963	2
6530	208	495	2
6531	299	78	2
6532	486	70	2
6533	474	462	2
6534	62	872	2
6535	251	485	2
6536	39	69	1
6537	420	878	1
6538	356	578	2
6539	248	794	2
6540	267	406	2
6541	2	608	2
6542	170	330	1
6543	56	862	1
6544	110	328	1
6545	481	336	1
6546	259	835	1
6547	246	452	1
6548	74	343	2
6549	319	577	2
6550	86	424	2
6551	410	934	1
6552	223	994	2
6553	243	173	2
6554	150	431	2
6555	497	639	2
6556	151	695	1
6557	246	471	1
6558	309	144	2
6559	118	224	2
6560	96	930	2
6561	404	440	2
6562	359	710	2
6563	79	310	2
6564	248	537	2
6565	99	229	2
6566	203	835	1
6567	385	454	2
6568	322	505	1
6569	411	723	1
6570	15	65	1
6571	117	414	1
6572	187	661	1
6573	363	537	1
6574	208	875	1
6575	119	17	1
6576	49	793	1
6577	356	95	2
6578	214	334	2
6579	359	937	1
6580	73	887	1
6581	61	738	2
6582	133	47	1
6583	280	868	1
6584	118	205	1
6585	343	306	1
6586	325	458	2
6587	5	690	1
6588	486	994	2
6589	364	163	2
6590	388	748	2
6591	435	354	1
6592	218	829	1
6593	231	188	2
6594	47	293	1
6595	333	94	2
6596	381	251	2
6597	411	227	2
6598	199	692	1
6599	430	985	1
6600	353	61	1
6601	371	420	2
6602	145	817	1
6603	30	904	2
6604	107	5	1
7030	100	899	2
6606	414	156	1
6607	124	282	2
6608	305	209	1
6609	10	890	2
6610	259	829	2
6611	442	779	2
6612	36	792	2
6613	28	727	2
6614	388	505	1
6615	474	239	1
6616	334	812	1
6617	411	798	2
6618	425	20	2
6619	122	856	1
6620	169	207	1
6621	347	340	2
6622	321	693	1
6623	77	839	1
6624	124	3	2
6625	400	139	1
6626	436	791	2
6627	405	446	1
6628	105	639	1
6629	431	435	1
6630	419	478	1
6631	293	348	2
6632	178	887	2
6633	388	274	2
6634	465	666	2
6635	218	560	2
6636	131	108	1
6637	458	59	1
6638	158	469	1
6639	134	355	1
6640	145	467	2
6641	457	57	1
6642	407	48	1
6643	29	22	1
6644	76	273	2
6645	178	152	2
6646	500	672	2
6647	429	29	2
6648	26	947	1
6649	461	280	2
6650	470	214	2
6651	456	153	2
6652	81	572	1
6653	69	212	1
6654	261	976	1
6655	106	744	1
6656	358	364	1
6657	123	477	1
6658	452	498	1
6659	67	991	1
6660	89	837	1
6661	403	57	2
6662	9	1000	1
6663	183	587	2
6664	403	41	1
6665	201	732	2
6666	12	272	1
6667	148	496	2
6668	68	769	2
6669	446	672	2
6670	201	410	2
6671	429	805	2
6672	182	990	2
6673	130	47	2
6674	35	435	1
6675	287	466	2
6676	429	35	1
6677	173	379	1
6678	125	502	2
6679	102	916	2
6680	28	976	2
6681	150	741	1
6682	172	631	2
6683	275	551	2
6684	204	808	1
6685	471	766	2
6686	94	603	2
6687	127	787	2
6688	354	679	1
6689	155	334	2
6690	425	165	1
6691	95	947	2
6692	357	745	2
6693	32	45	2
6694	133	876	1
6695	55	385	1
6696	90	769	1
6697	149	59	2
6698	372	107	1
6699	483	687	1
6700	69	483	2
6701	143	983	1
6702	419	970	2
6703	459	267	2
6704	217	662	1
6705	76	196	1
6706	177	341	2
6707	475	814	1
6708	24	503	2
6709	273	881	2
6710	138	868	1
6711	386	208	2
6712	93	720	1
6713	251	976	2
6714	60	244	1
6715	117	675	2
6716	214	132	2
6717	49	848	2
6718	365	865	1
6719	438	507	1
6720	137	275	2
6721	157	155	2
6722	147	989	1
6723	108	586	1
6724	155	361	2
6725	494	185	2
6726	258	624	1
6727	206	329	1
6728	108	223	2
6729	32	724	2
6730	33	544	1
6731	159	525	1
6732	478	998	2
6733	131	515	1
6734	266	118	1
6735	84	76	2
6736	176	389	1
6737	447	169	1
6738	5	119	2
6739	347	691	2
6740	256	368	1
6741	241	741	2
6742	101	96	2
6743	266	488	1
6744	48	655	1
6745	163	903	1
6746	23	179	1
6747	230	559	1
6748	369	455	1
6749	10	200	1
6750	400	175	1
6751	29	678	2
6752	208	159	2
6753	147	918	1
6754	14	220	1
6755	107	527	1
6756	286	761	1
6757	479	14	2
6758	223	858	1
6759	244	202	1
6760	197	753	2
6761	127	218	2
6762	19	69	2
6763	147	438	2
6764	326	137	2
6765	461	575	2
6766	256	762	1
6767	207	105	2
6768	91	911	1
6769	2	818	2
6770	239	332	2
6771	145	72	1
6772	342	614	1
6773	65	351	2
6774	137	388	2
6775	117	86	1
6776	447	735	2
6777	94	936	2
6778	410	909	1
6779	325	602	2
6780	394	370	2
6781	273	876	2
6782	436	437	1
6783	92	590	2
6784	324	846	2
6785	361	186	2
6786	272	854	1
6787	488	142	2
6788	207	915	1
6789	243	326	2
6790	403	27	2
6791	48	351	2
6792	258	593	1
6793	153	919	2
6794	454	437	2
6795	262	853	2
6796	225	974	2
6797	474	392	2
6798	418	972	2
6799	447	394	2
6800	316	758	1
6801	440	912	1
6802	306	870	1
6803	131	826	2
6804	229	883	2
6805	154	780	2
6806	487	546	2
6807	336	299	2
6808	304	47	2
6809	434	486	1
6810	267	459	1
6811	186	879	1
6812	430	636	2
6813	319	486	1
6814	3	833	1
6815	364	613	1
6816	77	883	2
6817	146	767	1
6818	423	700	1
6819	144	845	1
6820	159	192	2
6821	318	113	1
6822	491	465	2
6823	441	716	2
6824	135	875	1
6825	334	621	2
6826	284	854	2
6827	318	138	2
6828	360	605	1
6829	323	102	2
6830	163	634	2
6831	492	306	2
6832	171	339	1
6833	161	904	1
6834	457	92	1
6835	375	858	2
6836	17	217	1
6837	3	395	2
6838	437	56	2
6839	352	67	2
6840	136	270	1
6841	161	202	2
6842	299	9	2
6843	145	184	2
6844	428	348	2
6845	101	802	1
6846	14	193	1
6847	405	648	2
6848	133	811	1
6849	113	1002	2
6850	256	494	1
6851	126	330	1
6852	175	799	2
6853	416	532	2
6854	281	660	2
6855	481	5	1
6856	149	215	2
6857	465	693	1
6858	5	357	2
6859	36	568	1
6860	294	486	1
6861	44	644	1
6862	344	388	1
6863	405	855	2
6864	102	680	1
6865	221	943	1
6866	68	860	2
6867	84	434	2
6868	176	907	1
6869	406	955	1
6870	73	28	1
6871	78	522	1
6872	132	276	1
6873	456	168	2
6874	317	180	2
6875	204	461	1
6876	33	531	2
6877	274	698	2
6878	355	802	2
6879	304	693	2
6880	47	432	2
6881	264	917	1
6882	429	926	1
6883	245	911	1
6884	187	544	2
6885	115	940	1
6886	468	959	2
6887	332	781	1
6888	242	860	1
6889	114	815	2
6890	42	659	1
6891	121	506	1
6892	185	953	2
6893	494	409	2
6894	156	9	2
6895	246	854	1
6896	296	222	1
6897	267	470	2
6898	342	163	2
6899	397	352	2
6900	226	555	2
6901	457	336	2
6902	178	105	2
6903	68	502	1
6904	488	315	1
6905	61	413	2
6906	404	556	1
6907	460	386	1
6908	354	834	1
6909	324	791	2
6910	333	919	2
6911	377	994	2
6912	342	352	1
7031	88	375	1
6914	400	975	2
6915	297	995	1
6916	143	562	2
6917	27	131	1
6918	2	541	2
6919	24	606	1
6920	31	773	2
6921	236	563	2
6922	101	520	1
6923	18	793	1
6924	385	349	2
6925	454	289	1
6926	405	476	2
6927	18	441	2
6928	28	45	2
6929	443	162	1
6930	270	362	2
6931	307	611	2
6932	447	884	1
6933	230	594	1
6934	456	92	2
6935	249	853	1
6936	386	763	1
6937	309	581	1
6938	42	668	1
6939	171	917	1
6940	334	729	2
6941	422	749	1
6942	223	703	1
6943	78	955	2
6944	374	697	2
6945	329	395	2
6946	113	207	2
6947	146	579	2
6948	360	990	2
6949	431	470	2
6950	409	699	1
6951	88	557	2
6952	136	913	1
6953	261	119	1
6954	434	965	2
6955	117	81	1
6956	287	652	2
6957	431	675	1
6958	486	970	2
6959	51	470	2
6960	211	355	1
6961	228	911	2
6962	109	924	1
6963	96	581	2
6964	421	36	2
6965	315	449	2
6966	92	836	1
6967	492	77	2
6968	411	103	2
6969	94	991	2
6970	412	709	2
6971	484	789	2
6972	380	382	1
6973	411	374	2
6974	499	543	1
6975	245	970	1
6976	343	755	1
6977	329	165	1
6978	350	330	1
6979	157	889	2
6980	435	202	2
7032	12	307	1
6982	155	848	1
6983	357	539	2
6984	394	170	2
6985	64	928	2
6986	465	129	2
6987	36	307	2
6988	398	814	2
6989	116	877	1
6990	113	117	1
6991	433	868	1
6992	457	902	2
6993	16	241	1
6994	167	231	1
6995	100	186	2
6996	337	602	1
6997	226	75	2
6998	358	907	1
7033	309	736	1
7034	442	828	2
7035	7	616	2
7036	138	934	2
7037	311	557	2
7038	446	478	2
7039	1	40	1
7040	160	540	2
7041	176	743	2
7042	388	175	1
7043	171	816	1
7044	220	793	2
7045	493	723	1
7046	271	210	2
7047	84	121	1
7048	385	554	2
7049	383	125	1
7050	303	221	1
7051	128	896	1
7052	428	494	1
7053	396	726	2
7054	140	868	1
7055	388	383	2
7056	443	544	2
7057	447	752	1
7058	420	844	1
7059	192	478	1
7060	475	492	1
7061	399	337	1
7062	46	685	1
7063	93	521	1
7064	223	735	2
7065	192	167	2
7066	473	594	2
7067	458	944	1
7068	284	295	2
7069	75	142	2
7070	44	320	1
7071	131	802	2
7072	440	376	1
7073	77	532	2
7074	320	785	1
7075	168	381	2
7076	88	969	2
7077	127	452	2
7078	314	17	2
7079	1	552	1
7080	189	974	1
7081	484	695	2
7082	437	291	2
7083	347	877	2
7084	138	90	2
7085	389	137	1
7086	277	637	2
7087	316	790	1
7088	176	949	2
7089	279	295	1
7090	267	580	1
7091	209	652	2
7092	405	600	1
7093	263	85	1
7094	5	434	2
7095	212	213	1
7096	110	586	1
7097	14	378	1
7098	426	245	2
7099	287	168	1
7100	31	182	2
7101	389	482	1
7102	114	937	2
7103	198	31	2
7104	425	4	1
7105	223	905	2
7106	139	978	2
7107	496	836	2
7108	110	965	2
7109	500	740	1
7110	308	300	2
7111	497	283	1
7112	179	442	1
7113	27	392	1
7114	47	311	2
7115	353	383	1
7116	271	325	2
7117	152	417	1
7118	155	337	1
7119	352	425	1
7120	320	595	1
7121	477	289	1
7122	61	523	2
7123	234	556	2
7124	282	93	1
7125	227	772	1
7126	97	482	1
7128	368	127	2
7129	54	249	1
7130	219	355	1
7131	375	770	2
7132	110	587	2
7133	221	760	2
7134	29	775	1
7135	162	328	1
7136	231	353	2
7137	332	755	1
7138	48	234	1
7139	487	374	1
7140	193	524	1
7141	61	420	1
7142	233	121	2
7143	53	361	2
7144	8	302	2
7145	402	75	1
7146	220	425	1
7147	240	882	2
7148	300	906	1
7149	412	330	1
7150	425	769	1
7151	480	1001	1
7152	235	237	2
7153	385	256	1
7154	220	56	2
7155	2	852	2
7156	285	573	2
7157	200	537	2
7158	129	198	2
7159	398	310	1
7160	485	856	1
7161	133	187	1
7162	243	438	2
7163	121	380	1
7164	215	695	2
7166	3	817	2
7167	320	569	1
7168	226	579	1
7169	28	33	1
7170	247	542	1
7171	241	295	1
7172	230	50	1
7173	403	67	1
7174	419	965	2
7175	143	46	2
7176	432	145	1
7177	361	963	2
7178	393	755	1
7179	138	931	2
7180	95	138	1
7181	129	323	2
7182	194	383	2
7183	47	815	2
7184	393	688	2
7185	476	433	2
7186	226	628	2
7187	371	482	2
7188	187	89	2
7189	90	761	1
7190	131	163	2
7191	397	180	2
7192	266	537	2
7193	423	6	1
7194	56	216	1
7195	328	34	1
7196	282	619	2
7197	176	107	1
7198	277	229	1
7199	219	56	2
7200	273	254	1
7201	162	848	1
7202	236	429	2
7203	78	569	1
7204	36	163	2
7205	329	999	1
7206	457	496	1
7207	242	548	1
7208	259	796	2
7209	82	150	2
7210	217	668	1
7211	151	358	2
7212	445	378	1
7213	418	221	1
7214	440	867	1
7215	309	238	2
7216	376	939	1
7217	186	461	1
7218	207	825	1
7219	271	143	2
7220	393	44	1
7221	275	389	1
7222	132	124	2
7223	133	943	1
7224	90	230	2
7225	50	294	2
7226	133	936	1
7227	493	116	2
7228	473	903	2
7229	259	116	2
7230	157	797	2
7231	96	285	1
7232	151	998	2
7233	414	255	2
7234	102	922	2
7235	246	676	2
7236	430	388	2
7237	134	563	2
7238	220	419	1
7239	207	263	2
7240	355	624	1
7241	350	130	1
7242	64	504	2
7243	299	623	2
7244	495	64	1
7245	343	95	1
7246	152	741	2
7247	194	242	1
7248	200	855	2
7249	354	938	2
7250	344	47	2
7251	479	391	2
7252	54	6	1
7253	218	529	1
7254	119	364	2
7255	289	841	1
7256	447	173	2
7257	365	84	2
7258	30	474	1
7259	190	35	1
7261	358	374	2
7262	346	605	1
7263	426	399	2
7264	301	85	1
7265	362	156	1
7266	52	812	2
7267	185	874	1
7268	201	406	2
7269	145	865	2
7270	428	381	2
7271	454	435	1
7272	352	653	1
7273	73	942	1
7274	254	902	1
7275	248	481	1
7276	199	608	1
7277	399	5	1
7278	469	489	2
7280	493	864	2
7281	500	251	1
7282	276	81	2
7283	67	504	2
7284	248	787	1
7285	98	509	2
7286	356	173	1
7287	195	960	1
7288	220	913	2
7289	421	805	1
7290	42	249	1
7291	16	538	1
7292	498	194	1
7293	13	797	1
7294	276	1	1
7295	225	759	1
7296	130	767	2
7297	473	454	2
7298	110	799	2
7299	29	949	2
7300	315	26	2
7301	150	191	1
7302	329	665	1
7303	349	236	2
7304	347	65	2
7305	473	690	1
7306	382	710	1
7307	447	598	1
7308	308	988	2
7309	52	492	1
7310	51	16	1
7311	426	601	1
7312	292	757	2
7313	469	886	2
7314	111	457	2
7315	423	268	2
7316	42	843	1
7317	76	523	1
7318	395	688	1
7319	184	80	2
7320	3	285	2
7321	45	506	1
7322	92	479	1
7323	51	516	1
7324	456	842	1
7325	387	98	2
7326	144	520	2
7327	136	653	1
7328	206	393	1
7329	331	489	2
7330	53	818	2
7331	343	644	1
7332	49	570	2
7335	378	661	1
7336	185	593	2
7337	140	890	1
7338	312	128	2
7339	158	712	2
7340	404	650	2
7341	310	371	1
7342	45	692	2
7343	430	828	2
7344	121	269	2
7345	169	282	2
7346	60	969	2
7347	290	128	2
7348	341	994	1
7349	162	178	1
7350	50	18	2
7351	489	982	2
7352	17	114	1
7353	4	795	2
7354	482	267	1
7355	110	762	2
7356	299	303	2
7357	296	979	2
7358	109	808	2
7359	362	75	2
7360	247	283	1
7361	459	534	1
7362	262	860	1
7363	32	192	1
7364	238	715	2
7365	490	539	1
7366	16	623	2
7367	345	242	1
7368	288	80	1
7369	8	996	2
7370	113	19	2
7371	368	831	2
7372	405	424	1
7373	393	934	2
7374	65	249	1
7375	433	130	2
7376	40	74	2
7377	352	504	2
7378	54	659	2
7380	464	826	1
7381	403	275	1
7382	483	331	2
7383	141	565	1
7384	230	480	2
7385	14	294	2
7386	251	624	2
7387	359	9	2
7388	117	610	1
7389	498	75	1
7390	173	72	1
7391	368	294	2
7392	109	165	1
7393	149	28	1
7395	7	844	1
7396	149	877	2
7397	175	965	2
7398	99	737	1
7399	495	608	1
7400	108	986	2
7401	276	240	1
7402	455	440	1
7403	107	243	1
7404	198	296	1
7406	204	768	1
7407	150	945	2
7408	147	520	2
7409	367	252	1
7410	328	993	2
7411	71	552	1
7412	275	976	2
7413	437	451	1
7414	476	410	2
7415	8	697	2
7416	265	391	2
7417	144	30	1
7418	40	380	2
7419	98	519	2
7420	12	768	2
7421	498	226	1
7422	216	135	1
7423	449	777	1
7424	29	787	1
7425	113	950	1
7426	16	353	2
7427	129	365	1
7428	338	96	2
7429	112	804	1
7430	303	834	1
7431	105	737	1
7432	467	218	1
7433	361	233	2
7434	86	914	1
7435	375	620	1
7436	118	888	2
7437	224	444	2
7438	438	311	1
7439	78	887	1
7440	2	825	1
7441	197	569	2
7442	118	423	1
7443	139	615	1
7444	405	706	2
7445	291	87	2
7446	493	540	1
7447	32	301	2
7448	452	956	2
7449	484	683	2
7450	62	725	1
7451	174	209	1
7452	351	494	2
7453	486	767	2
7454	285	939	1
7455	312	873	2
7456	117	143	2
7457	160	219	1
7458	4	845	1
7459	271	369	2
7460	174	486	1
7461	455	181	1
7462	209	195	2
7463	192	630	1
7464	29	123	2
7465	364	628	1
7466	78	243	2
7467	247	175	1
7468	184	491	1
7469	20	479	1
7470	485	323	2
7471	485	511	2
7472	14	991	1
7473	82	568	2
7474	34	651	2
7475	265	730	1
7476	241	776	2
7477	214	199	1
7478	373	310	1
7479	82	978	1
7480	384	845	1
7481	10	962	2
7482	215	547	1
7483	366	448	2
7484	15	450	2
7485	379	51	2
7486	202	162	1
7487	128	310	1
7488	13	823	1
7489	70	431	1
7490	498	974	2
7491	24	427	1
7492	77	887	2
7493	300	536	2
7494	45	74	1
7495	490	610	2
7496	268	407	1
7497	323	718	1
7498	429	43	1
7499	165	390	2
7500	343	988	2
7501	151	703	2
7502	92	465	2
7503	385	168	2
7504	484	145	1
7505	277	340	2
7506	19	657	2
7507	226	100	2
7508	334	386	1
7509	245	145	2
7510	148	93	1
7511	30	217	2
7512	270	788	2
7513	446	657	1
7514	459	721	1
7515	329	365	2
7516	114	162	1
7517	267	810	1
7518	400	248	1
7519	256	394	1
7520	306	650	2
7521	130	456	2
7522	137	367	1
7523	295	704	1
7524	11	66	2
7526	4	401	2
7527	352	689	1
7528	326	990	1
7529	89	519	1
7530	99	621	2
7531	35	699	2
7532	205	930	1
7533	198	992	2
7534	255	378	1
7535	39	81	1
7536	218	388	2
7537	281	244	1
7538	170	790	1
7539	197	684	2
7540	9	663	1
7541	193	101	1
7542	58	417	2
7543	280	63	1
7544	300	414	2
7545	362	216	2
7546	211	965	1
7547	216	180	1
7548	41	692	2
7549	246	114	2
7550	81	594	1
7551	26	758	1
7552	414	489	2
7553	403	143	2
7554	21	716	1
7555	393	497	1
7556	258	971	2
7557	363	436	2
7558	59	479	1
7559	370	503	2
7560	310	727	2
7561	177	205	2
7562	287	901	1
7563	421	754	2
7564	202	69	2
7565	449	97	1
7566	111	75	2
7567	419	54	2
7568	427	106	2
7569	457	968	2
7570	408	13	1
7571	255	689	2
7572	74	444	1
7573	228	533	1
7574	478	762	2
7575	33	822	1
7576	421	971	2
7577	445	123	1
7578	6	944	2
7579	317	699	1
7580	37	520	1
7581	115	715	1
7582	44	297	1
7583	246	346	2
7584	441	559	1
7585	344	422	2
7586	145	832	1
7587	400	208	2
7588	384	471	1
7589	78	298	2
7590	131	6	2
7591	300	123	2
7592	390	549	1
7593	166	758	1
7594	167	90	1
7595	220	36	2
7596	477	265	2
7597	427	570	2
7598	209	47	1
7599	89	582	1
7600	30	951	1
7601	122	198	2
7602	82	46	1
7603	199	937	1
7604	379	364	2
7605	206	990	2
7606	428	370	1
7607	122	472	1
7608	488	895	1
7609	470	815	2
7610	29	565	1
7611	201	156	2
7612	57	456	2
7613	201	294	1
7614	415	128	2
7615	92	483	2
7616	115	622	1
7617	403	132	2
7618	334	822	2
7619	486	323	1
7620	411	341	1
7621	324	245	2
7622	462	130	2
7623	6	769	1
7624	144	301	2
7625	329	678	1
7626	148	685	1
7627	25	853	1
7628	210	400	2
7629	109	562	1
7630	54	341	1
7631	378	586	1
7632	381	485	1
7633	212	553	1
7634	10	296	1
7635	319	912	2
7636	95	754	2
7637	428	201	1
7638	429	368	2
7639	334	218	2
7640	242	529	1
7641	306	560	2
7642	137	973	1
7643	189	255	2
7644	308	218	2
7645	46	994	1
7646	145	644	1
7647	168	763	2
7648	307	295	1
7649	273	45	1
7650	290	798	1
7651	265	304	1
7652	65	77	1
7653	486	91	2
7654	374	476	2
7655	149	44	2
7656	86	276	2
7657	137	666	1
7658	29	268	2
7659	381	626	1
7660	92	722	1
7661	379	993	1
7662	133	709	1
7663	218	554	2
7664	209	222	1
7665	265	417	2
7666	34	789	2
7667	126	689	2
7668	500	889	2
7669	320	30	2
7670	87	719	1
7671	89	873	2
7672	376	340	1
7673	356	491	2
7674	185	393	1
7675	175	40	1
7676	83	735	2
7677	498	840	2
7678	453	73	2
7679	238	187	2
7680	33	358	1
7681	318	558	2
7682	60	359	1
7683	454	136	2
7684	292	694	1
7685	365	920	2
7686	119	543	2
7687	382	65	1
7688	334	578	2
7689	144	980	1
7690	38	603	2
7691	97	3	2
7692	28	890	1
7693	328	304	2
7694	139	230	1
7695	78	794	1
7696	413	715	2
7697	446	261	2
7698	378	519	1
7699	464	825	1
7700	337	629	2
7701	11	993	2
7702	56	944	1
7703	371	172	2
7704	115	475	2
7705	28	234	1
7706	29	324	1
7707	29	822	1
7708	76	77	2
7709	320	553	1
7710	353	476	2
7711	454	46	2
7712	480	124	1
7713	278	683	1
7714	386	871	1
7715	42	182	1
7716	21	469	2
7717	367	352	1
7718	429	659	1
7719	65	177	1
7720	67	576	2
7721	194	328	1
7722	337	41	2
7723	398	240	1
7724	75	809	1
7725	467	36	2
7726	20	725	1
7727	332	972	1
7728	360	191	2
7729	117	628	2
7730	271	798	2
7731	428	564	1
7732	38	228	1
7733	296	100	1
7735	113	973	2
7736	43	363	1
7737	56	284	1
7738	160	417	1
7739	345	291	1
7740	344	703	1
7741	187	339	2
7742	78	535	2
7743	163	610	2
7744	401	483	2
7745	330	66	2
7746	475	191	1
7747	101	559	2
7748	478	640	2
7749	225	264	2
7750	264	860	2
7751	437	255	1
7752	14	4	2
7753	393	421	2
7754	68	265	1
7755	184	766	1
7756	220	60	2
7757	10	159	2
7758	21	963	2
7759	340	76	1
7760	415	572	2
7761	103	711	1
7762	57	359	2
7763	389	756	1
7764	342	870	1
7765	115	333	1
7766	77	290	2
7767	376	128	1
7768	220	24	1
7769	450	411	2
7770	451	994	2
7771	142	345	2
7772	320	830	1
7773	74	746	1
7774	352	279	1
7775	270	507	1
7776	101	667	1
7777	274	868	1
7778	235	946	2
7779	140	155	1
7780	372	104	1
7781	191	230	2
7782	278	989	2
7783	486	870	2
7784	467	614	2
7785	79	626	1
7786	415	640	2
7787	104	912	1
7788	311	960	1
7789	340	976	2
7790	406	363	2
7791	468	710	1
7792	431	230	2
7793	440	605	1
7794	409	664	1
7795	341	985	1
7796	369	52	1
7797	87	362	2
7798	43	947	2
7799	312	699	2
7800	279	156	2
7801	419	35	1
7802	91	177	2
7803	270	380	2
7804	343	964	2
7805	403	78	2
7806	439	708	2
7807	448	268	1
7808	164	424	2
7809	258	553	2
7810	452	740	2
7811	233	800	2
7812	101	384	1
7813	373	651	2
7814	194	165	1
7815	48	263	1
7816	182	794	2
7817	202	422	1
7818	393	941	2
7819	459	950	2
7820	440	946	1
7821	368	888	2
7822	455	388	2
7823	371	926	2
7824	93	389	2
7825	161	516	1
7826	333	63	2
7827	128	942	2
7828	492	801	2
7829	204	220	1
7830	335	809	1
7831	361	55	2
7832	215	884	2
7833	426	215	2
7834	385	703	1
7835	129	439	1
7836	6	336	2
7837	400	529	1
7838	193	460	2
7839	118	329	2
7840	251	262	1
7841	204	704	2
7842	410	458	1
7843	462	139	2
7844	472	181	1
7845	124	827	1
7846	307	325	2
7847	120	384	2
7848	292	763	1
7849	301	42	2
7850	231	565	2
7851	105	267	1
7852	382	724	2
7853	417	557	2
7854	397	132	2
7855	343	30	2
7856	116	44	2
7857	120	888	2
7858	266	481	1
7859	489	505	2
7860	29	535	1
7861	210	203	2
7862	197	817	1
7863	342	789	1
7864	497	680	1
7865	368	842	1
7866	151	782	1
7867	363	156	1
7868	83	211	2
7869	80	389	1
7870	220	837	2
7871	259	440	2
7872	357	768	1
7873	56	931	2
7874	44	726	2
7875	476	858	2
7876	438	923	2
7877	190	106	1
7878	140	583	2
7879	253	253	2
7880	149	645	1
7881	189	583	2
7882	428	121	2
7883	103	331	2
7884	250	790	2
7885	159	130	2
7886	288	220	1
7887	130	955	1
7888	421	425	2
7889	39	678	1
7890	130	650	2
7891	45	141	1
7892	313	883	2
7893	404	242	2
7894	81	164	1
7895	344	899	2
7896	257	604	1
7897	209	281	2
7898	337	491	2
7899	361	102	1
7900	197	779	2
7901	35	433	1
7902	97	38	1
7903	447	784	2
7904	42	848	2
7905	10	552	2
7906	42	200	2
7907	20	623	1
7909	485	417	1
7910	90	772	1
7911	153	891	2
7912	131	12	2
7913	190	832	1
7914	102	927	2
7915	312	55	1
7916	467	988	1
7917	466	541	1
7918	5	23	1
7919	264	471	1
7920	122	292	1
7921	90	887	1
7922	347	169	1
7923	301	596	1
7924	344	36	2
7925	449	964	1
7926	222	533	1
7927	490	772	1
7928	456	922	2
7929	415	217	1
7930	135	228	2
7931	55	201	1
7932	23	950	2
7933	219	851	1
7934	164	812	1
7935	209	732	2
7936	430	206	1
7937	184	709	1
7938	430	368	1
7939	136	878	2
7940	338	948	2
7941	425	712	2
7942	38	227	1
7943	361	757	2
7944	483	885	2
7945	256	480	1
7946	72	233	1
7947	173	565	2
7948	18	627	2
7949	426	120	1
7950	466	818	1
7951	297	173	1
7952	366	564	2
7953	255	224	2
7954	440	516	2
7955	374	107	1
7956	153	746	1
7957	304	3	2
7958	327	533	1
7959	473	742	2
7960	493	906	2
7961	269	552	2
7962	6	491	1
7963	295	483	2
7964	248	184	1
7965	116	598	1
7966	496	151	2
7967	328	907	2
7968	395	388	1
7969	247	681	2
7970	54	681	1
7971	441	46	1
7972	27	140	1
7973	107	82	2
7974	76	350	2
7975	430	179	1
7976	278	959	1
7977	335	796	1
7978	333	465	2
7979	164	342	1
7980	285	244	1
7981	49	573	2
7982	423	796	2
7983	225	363	2
7984	328	970	1
7985	460	15	1
7986	398	63	2
7987	396	920	1
7988	102	120	1
7989	96	32	1
7990	286	945	2
7991	344	663	1
7992	71	308	1
7994	440	377	2
7995	38	363	2
7996	40	401	1
7997	122	905	2
7998	191	636	1
7999	501	1	1
8000	501	2	1
8001	501	3	1
8002	501	4	1
8003	501	5	1
8004	501	6	1
8005	501	7	1
8006	501	8	1
8007	501	9	2
8008	501	10	2
8009	501	11	2
8010	501	12	2
8011	501	13	2
\.


--
-- Data for Name: reaction_item; Type: TABLE DATA; Schema: public; Owner: tranotsika
--

COPY public.reaction_item (id_reaction_item, nom_point) FROM stdin;
1	Jaime
2	JaimePas
\.


--
-- Data for Name: reponse; Type: TABLE DATA; Schema: public; Owner: tranotsika
--

COPY public.reponse (id_reponse, id_question, intitule, id_tag) FROM stdin;
1	1	Centre-ville	23
2	1	Peripherie	24
3	1	Peut importe	23
4	2	Le confort	25
5	2	Le luxe	26
6	2	L arbordabilit	27
7	3	Un appartement	28
8	3	Une maison	29
9	3	Une villa	30
10	3	autre	\N
11	4	Etudiant	31
12	4	Salarie	32
13	4	Retraite	\N
14	5	Je vis seul(e)	33
15	5	Je vis avec mon/ma partenaire	34
16	5	Je vis avec plusieurs personnes	36
17	6	Une pharmacie	38
18	6	Un poste de police	39
19	6	Une epicerie	40
20	6	Un supermarche	41
21	6	Un marche	42
22	6	Un etablissement scolaire	43
23	7	Premier plan, pour sortir plus vite	46
24	7	Second plan, pour etre tranquille	47
25	8	Oui, c est capitale	48
26	8	Non, pas forcment	\N
27	9	Oui, c est plus facile ainsi	49
28	9	Non, je prefere mes meubles a moi !	\N
\.


--
-- Data for Name: reponse_client; Type: TABLE DATA; Schema: public; Owner: tranotsika
--

COPY public.reponse_client (id_reponse_client, id_client, id_question) FROM stdin;
\.


--
-- Data for Name: tag; Type: TABLE DATA; Schema: public; Owner: tranotsika
--

COPY public.tag (id_tag, nom_tag) FROM stdin;
1	villa individuelle
2	villa jumele
3	villa mitoyenne
4	villa vaudoise
5	appertement T1
6	appartement T2
7	appartement T3
8	appartement T4
9	appartement souplexe
10	maison contemporaine
11	maison traditionnelle
12	maison provenale
13	maison moderne
14	maison contigue
15	maison villagoise
16	maison de vacances
17	maison de vacances
18	maison de campagne
19	bungalow
20	beach house
21	Calme
22	Familiale
23	centre
24	peripherie
25	confort
26	luxe
27	abordable
28	appartement
29	maison
30	villa
31	etudiant
32	salarie
33	individuel
34	couple
35	appartement pour 2
36	familiale
37	spacieux
38	sante
39	securite
40	epicerie
41	supermarche
42	marche
43	ecole
44	lycee
45	universite
46	premier plan
47	second plan
48	acces vehicule
49	meubl
50	retraite
\.


--
-- Data for Name: tag_client; Type: TABLE DATA; Schema: public; Owner: tranotsika
--

COPY public.tag_client (id_tag_client, id_client, id_tag) FROM stdin;
1	1	40
2	1	26
3	2	6
4	2	7
5	2	36
6	4	6
7	5	3
8	6	24
9	6	2
10	6	35
11	6	15
12	6	3
13	6	28
14	6	10
15	7	20
16	7	17
17	7	25
18	9	7
19	9	27
20	9	19
21	9	21
22	9	1
23	9	6
24	9	41
25	11	3
26	11	28
27	11	45
28	12	19
29	12	27
30	12	41
31	12	5
32	12	23
33	12	18
34	13	25
35	13	8
36	13	45
37	13	9
38	13	11
39	14	38
40	14	3
41	14	21
42	14	15
43	15	29
44	15	3
45	15	36
46	15	8
47	15	28
48	15	47
49	17	28
50	18	49
51	18	16
52	18	12
53	18	46
54	18	2
55	19	45
56	20	15
57	20	21
58	20	12
59	20	30
60	20	28
61	20	23
62	21	33
63	21	47
64	22	22
65	23	22
66	24	21
67	24	25
68	25	20
69	25	23
70	25	49
71	25	15
72	26	11
73	26	35
74	27	46
75	27	30
76	27	43
77	27	31
78	28	16
79	29	23
80	29	14
81	29	13
82	29	9
83	30	37
84	30	47
85	30	48
86	30	43
87	30	19
88	31	27
89	32	13
90	32	10
91	32	25
92	32	37
93	32	24
94	33	15
95	33	5
96	34	21
97	34	48
98	34	25
99	34	18
100	34	27
101	34	40
102	35	25
103	35	26
104	36	14
105	36	44
106	36	17
107	36	6
108	36	41
109	36	30
110	36	38
111	37	26
112	37	20
113	37	24
114	37	25
115	37	40
116	40	13
117	40	3
118	40	34
119	40	32
120	40	11
121	40	22
122	40	28
123	41	43
124	41	12
125	41	10
126	41	1
127	41	14
128	41	9
129	41	19
130	42	5
131	42	17
132	42	29
133	42	34
134	42	25
135	43	1
136	44	2
137	45	33
138	45	16
139	45	3
140	46	21
141	46	32
142	46	30
143	46	8
144	46	38
145	48	10
146	48	5
147	49	7
148	49	41
1041	314	46
150	49	20
1042	314	32
152	50	19
153	50	32
154	50	34
155	50	14
156	51	35
157	51	7
158	51	30
159	51	16
1043	315	33
1044	315	22
162	51	23
163	52	43
164	53	17
165	53	11
166	54	30
167	54	37
168	54	28
169	55	44
170	55	21
171	55	37
172	55	19
173	55	41
174	55	14
175	56	5
176	56	3
177	56	14
178	57	8
179	57	42
180	58	5
181	58	2
182	58	35
1045	315	25
184	58	6
185	59	26
186	59	5
187	59	16
188	59	43
189	59	8
190	59	22
1046	315	23
192	60	31
193	60	41
194	60	9
195	61	49
196	61	6
197	61	24
198	61	38
199	61	19
200	61	28
201	61	29
202	62	31
203	62	49
1047	315	49
205	64	26
206	64	32
207	64	25
208	64	35
209	65	19
210	65	21
211	66	6
212	67	30
213	67	38
214	67	31
215	67	39
216	67	24
217	69	21
218	70	20
219	70	33
220	70	41
221	70	34
222	71	8
223	71	15
224	71	29
225	71	24
226	71	16
227	72	35
228	72	47
229	73	8
230	73	41
231	73	44
232	74	20
233	74	19
234	74	40
235	74	4
236	74	15
237	75	4
238	75	12
239	75	20
240	75	40
241	75	43
242	76	9
243	76	25
244	76	22
245	76	16
246	76	7
247	76	31
248	76	44
249	77	38
250	77	46
251	77	15
252	77	4
253	77	49
254	77	20
255	77	24
256	78	47
257	78	30
258	78	10
259	78	21
260	78	39
261	78	33
262	79	14
263	79	42
264	79	48
265	80	25
266	80	15
267	80	31
268	80	35
269	81	10
270	81	40
271	81	36
272	82	10
273	82	44
274	83	26
275	83	35
276	83	44
277	83	21
278	83	23
279	83	2
280	84	36
281	84	16
282	84	44
283	84	21
284	84	39
285	85	42
286	85	26
287	85	44
1048	315	1
289	85	16
290	86	1
291	86	29
292	86	8
293	86	5
294	86	34
295	86	17
1049	315	44
297	87	40
298	87	37
299	89	8
300	89	41
301	89	17
302	89	4
303	89	2
304	89	42
305	90	28
306	90	32
307	90	20
1050	316	11
309	90	7
310	90	29
311	92	43
312	93	12
313	94	21
314	94	5
315	94	7
1051	316	10
317	94	10
318	94	13
319	94	33
320	95	28
321	95	16
322	95	33
323	95	26
324	95	37
325	95	47
326	96	2
327	96	26
328	96	12
329	98	39
330	98	24
331	99	19
332	99	23
333	99	35
334	99	46
335	100	48
336	100	2
337	101	33
338	101	17
339	101	26
1052	316	27
341	101	19
342	102	6
343	102	24
344	102	14
345	102	21
346	102	49
347	102	20
348	103	32
349	103	36
350	103	15
351	103	27
352	103	43
353	104	19
354	104	16
355	105	2
356	105	29
357	105	24
358	106	13
359	107	29
360	108	35
361	108	34
362	109	31
363	109	21
364	109	6
365	110	16
1053	316	21
367	110	46
368	110	30
369	111	8
370	111	32
371	111	11
1054	316	3
373	111	35
374	111	12
375	111	31
376	112	21
377	112	38
378	113	8
379	113	49
1055	317	27
381	113	35
382	113	21
383	113	19
384	114	16
385	114	3
386	114	26
387	115	48
388	115	27
1056	317	16
390	115	10
391	115	37
392	116	20
393	117	43
394	117	18
395	117	49
396	117	44
397	117	21
398	118	3
399	118	14
400	118	35
401	119	27
402	119	34
403	120	19
404	120	41
405	120	8
406	121	48
407	121	25
408	121	27
409	122	2
410	122	27
411	122	42
412	122	11
413	122	41
414	122	29
415	123	40
416	124	7
417	124	30
418	124	42
419	124	17
420	126	28
421	126	30
422	126	4
423	126	17
424	126	3
425	126	47
426	126	25
427	127	8
428	127	44
429	127	48
1057	317	42
431	127	21
432	127	28
433	128	35
434	128	4
435	129	9
436	129	36
437	129	39
438	129	35
439	129	28
440	129	12
441	129	43
442	130	46
443	130	3
444	131	27
445	131	12
446	131	44
447	131	43
448	131	16
449	131	32
450	133	42
451	134	43
452	134	19
453	134	15
454	134	3
455	134	12
456	135	8
457	135	49
458	135	25
459	135	3
460	135	22
461	135	15
462	136	40
463	136	31
464	138	31
465	138	15
466	139	30
467	139	38
468	139	27
469	139	18
1058	317	36
471	139	28
472	139	12
473	140	6
474	141	13
475	141	34
476	141	37
477	142	10
478	142	49
479	142	34
480	142	36
481	142	39
482	142	6
1059	319	16
484	143	17
485	143	5
486	143	24
487	144	34
488	144	45
489	144	41
490	144	15
491	145	17
492	145	4
493	146	15
494	146	41
495	146	3
496	146	4
497	146	26
498	146	30
499	146	44
500	147	3
501	147	14
1060	320	3
503	148	43
504	148	11
505	149	28
506	149	9
507	149	34
508	149	47
509	150	32
510	152	1
511	152	40
512	152	35
513	154	30
514	154	12
1061	320	35
516	154	37
517	154	22
518	154	1
519	155	17
520	155	28
521	155	34
522	155	22
523	155	20
524	156	15
525	156	30
526	156	11
527	156	39
528	156	38
529	156	42
1062	320	20
531	157	21
532	157	33
533	157	30
534	157	7
535	157	14
536	158	33
537	158	26
538	158	18
539	158	12
540	158	41
541	159	2
542	159	32
543	159	34
544	159	15
545	160	44
546	160	12
547	162	26
548	162	47
549	162	31
550	162	49
551	162	29
552	162	4
553	162	18
554	163	34
555	164	45
556	164	6
557	165	29
558	165	9
559	165	44
1063	320	6
561	165	10
562	165	23
563	165	11
564	166	27
565	167	33
566	167	16
567	167	4
568	167	17
1064	320	11
570	167	27
571	167	44
572	168	25
573	168	18
574	168	1
575	168	49
576	168	38
577	169	13
578	171	5
579	172	12
580	172	10
581	172	4
582	175	7
583	175	30
584	175	13
585	175	22
586	175	27
587	176	34
588	176	4
589	178	2
590	178	30
591	178	36
592	178	18
593	178	42
594	180	14
595	180	20
596	180	37
597	181	14
598	181	18
599	181	23
600	182	40
601	182	46
602	183	47
603	183	48
604	183	13
605	183	29
606	183	26
607	185	23
608	185	8
609	185	33
610	186	25
611	186	38
612	186	43
613	187	2
614	187	34
615	187	24
616	187	35
617	187	26
618	188	30
619	188	32
620	188	1
621	188	38
622	189	46
623	189	36
624	189	39
625	189	20
626	189	30
627	191	46
628	191	7
629	191	30
630	191	9
631	191	18
632	191	17
633	191	2
634	192	9
635	192	39
636	192	2
637	192	42
638	192	6
639	192	43
640	192	16
641	193	22
642	193	33
643	193	1
644	193	21
645	193	18
646	194	26
647	194	38
648	194	23
649	194	11
650	194	14
651	194	19
1065	321	41
653	195	30
654	196	14
655	196	20
656	196	10
657	196	44
658	196	12
659	197	6
660	197	37
661	197	17
662	199	16
663	199	37
664	199	1
665	199	6
666	199	35
667	199	26
1066	321	47
669	200	16
670	200	7
671	203	26
672	203	43
673	203	33
674	203	18
675	203	12
676	203	34
677	203	46
678	204	5
679	204	48
680	204	46
681	204	39
682	205	13
683	205	26
684	205	14
685	205	10
686	205	32
687	205	37
1067	321	43
689	207	28
690	207	37
691	207	27
692	208	15
693	208	6
694	211	27
695	211	5
696	211	19
697	212	39
698	212	3
699	212	42
700	212	11
701	212	5
702	213	31
703	213	47
704	213	9
705	213	34
3079	901	22
707	214	29
708	215	47
709	215	26
710	216	15
711	216	40
712	216	48
713	216	19
714	216	26
715	216	8
716	217	27
717	217	38
718	217	18
719	217	49
720	217	5
721	217	6
722	218	6
723	219	37
724	221	2
725	222	5
726	223	32
727	224	44
728	224	33
729	224	5
730	225	37
731	225	13
732	225	38
733	225	49
734	225	15
735	225	24
1069	321	45
737	226	42
738	226	46
739	226	32
740	226	24
741	226	3
742	228	26
743	228	11
744	228	20
745	229	36
746	229	49
747	230	14
748	230	10
749	230	19
750	230	37
751	231	49
752	231	48
753	231	2
754	232	35
755	232	26
756	232	41
757	232	17
758	232	19
759	232	11
760	233	17
761	233	31
762	233	25
763	234	43
764	234	27
765	234	41
766	234	2
767	234	24
768	236	49
769	237	27
770	237	24
771	237	7
772	238	40
773	238	39
774	238	14
775	238	9
776	238	30
777	238	3
1070	322	32
779	239	36
780	239	30
781	239	31
782	239	32
783	240	30
784	240	47
785	240	15
786	242	4
787	242	49
788	242	10
789	242	33
790	242	22
791	242	12
792	242	1
793	243	34
794	243	28
795	243	25
796	244	36
797	244	44
798	244	21
799	244	19
800	244	4
801	244	8
802	246	2
803	246	1
804	246	4
805	246	40
806	247	18
807	247	14
808	247	3
809	247	36
810	247	45
811	247	27
812	247	7
813	248	21
814	248	10
815	249	16
816	249	49
817	249	46
818	250	18
819	250	9
820	251	14
821	251	36
822	252	30
823	252	13
824	252	31
825	253	15
826	254	15
827	254	43
828	254	23
829	254	29
830	254	31
831	254	22
832	254	19
833	255	32
834	255	35
835	255	8
836	255	41
837	255	1
838	255	48
839	255	34
840	256	37
841	256	9
842	256	11
843	257	2
844	258	31
845	258	16
846	258	48
1071	323	43
848	258	4
849	259	7
850	259	5
851	260	28
852	260	13
853	261	43
854	261	21
855	261	30
856	261	48
857	262	29
858	262	36
859	262	45
860	262	24
861	262	44
862	262	21
863	264	26
864	265	3
865	265	6
866	265	33
867	265	28
868	265	41
869	265	39
870	266	49
871	266	6
872	266	8
873	267	10
874	267	25
875	267	15
876	267	47
877	268	47
878	268	4
879	268	38
1072	323	38
881	269	21
882	269	10
883	269	13
884	270	13
885	270	38
886	270	27
887	270	23
888	270	15
889	271	7
890	271	39
891	272	46
892	272	15
893	272	19
894	273	20
895	273	33
896	273	8
897	273	27
898	273	17
899	273	48
900	274	43
901	275	30
902	275	33
903	276	42
904	276	49
905	276	37
906	276	15
907	276	3
908	276	13
909	277	7
910	278	25
911	278	7
912	278	12
913	279	46
914	279	39
915	279	26
916	279	36
917	279	23
918	280	29
919	280	31
920	280	22
1073	323	37
922	280	8
923	280	37
924	280	23
925	281	2
926	281	42
927	281	43
928	281	40
929	281	25
930	282	24
931	282	31
932	282	22
933	283	46
934	283	29
935	283	39
936	283	8
937	283	9
938	284	12
939	284	49
940	286	30
941	286	46
942	286	47
943	286	40
1074	323	23
945	288	21
946	288	20
947	288	49
948	288	11
949	289	43
950	289	27
951	289	14
952	289	26
953	289	31
954	289	8
955	291	34
956	291	20
957	291	10
958	291	24
959	292	4
960	292	34
961	292	44
962	292	18
963	292	48
964	293	1
965	294	26
966	294	14
1075	323	10
968	294	46
969	294	34
970	294	23
971	295	8
972	295	14
973	295	31
974	295	28
975	296	47
976	296	7
977	296	19
978	296	3
979	297	34
980	297	16
981	298	4
982	298	37
983	298	1
984	298	5
985	298	38
986	299	30
987	299	43
988	299	32
989	299	49
990	299	41
991	299	38
992	300	27
993	300	21
994	300	5
995	300	45
996	300	16
997	302	31
998	302	30
1076	324	16
1077	324	48
1001	303	11
1002	304	37
1003	304	33
1004	304	4
1005	304	24
1006	304	5
1007	304	40
1008	305	10
1009	305	34
1010	306	31
1011	306	28
1012	306	27
1078	326	43
1014	306	42
1015	306	34
1079	326	29
1017	307	44
1018	307	29
1019	307	14
1080	326	7
1021	307	25
1022	308	4
1023	308	33
1024	308	7
1025	308	11
1026	311	11
1027	311	1
1028	311	17
1029	311	18
1030	311	32
1031	312	7
1032	312	38
1033	313	28
1034	313	11
1035	313	43
1036	313	26
1037	313	18
1081	326	37
1039	314	16
1040	314	37
1082	327	37
1083	327	48
1084	327	4
1085	327	46
1086	327	14
1087	327	44
1088	327	20
1089	328	42
1090	329	48
1091	330	26
1092	331	8
1093	331	32
1094	331	14
1095	331	34
1096	331	4
1097	331	7
1098	334	13
1099	334	16
1100	334	40
1101	334	1
1102	335	31
1103	335	44
1104	335	9
1105	335	33
1106	337	13
1107	337	5
1108	337	14
1109	337	25
1110	337	4
1111	337	1
1112	337	17
1113	338	41
1114	338	21
1115	339	35
1116	340	45
1117	340	10
1118	340	7
3080	902	25
1120	340	36
1121	340	2
1122	341	16
1123	341	20
1124	341	32
1125	341	9
1126	341	2
1127	341	30
1128	341	41
1129	342	28
1130	342	24
1131	342	23
3081	902	39
1133	342	3
1134	342	6
1135	342	21
1136	343	24
1137	343	47
1138	343	48
1139	343	46
1140	344	11
1141	344	21
1142	345	23
1143	345	20
1144	347	20
1145	347	31
1146	347	22
1147	347	10
1148	348	9
1149	348	16
1150	348	27
1151	348	38
1152	349	35
1153	349	49
1154	349	38
1155	349	4
1156	351	7
1157	354	13
1158	354	38
1159	354	21
1160	354	41
1161	355	6
1162	355	12
1163	355	46
1164	355	5
1165	355	36
1166	355	48
1167	356	48
1168	356	6
1169	356	29
1170	357	8
1171	357	16
3082	902	36
1173	357	48
1174	357	18
1175	357	14
1176	358	36
1177	358	19
1178	358	28
3083	902	8
1180	358	48
1181	358	41
1182	359	36
1183	359	6
1184	360	9
1185	360	37
1186	360	10
1187	360	5
1188	360	30
1189	360	49
1190	360	27
1191	361	4
1192	362	1
1193	362	48
1194	362	33
1195	362	34
3084	903	47
1197	362	35
1198	362	4
1199	363	2
1200	363	42
1201	364	27
1202	364	25
1203	366	37
1204	367	17
1205	367	3
1206	367	37
1207	369	43
1208	369	5
1209	369	14
1210	370	13
1211	370	27
1212	370	10
1213	371	48
1214	371	1
1215	371	27
1216	371	31
1217	371	29
1218	371	8
1219	371	18
1220	373	31
1221	373	49
1222	373	33
1223	373	8
3085	903	12
1225	373	15
3086	903	28
1227	374	45
1228	374	39
1229	374	11
1230	374	30
1231	374	47
1232	374	46
3087	903	45
1234	376	11
1235	376	3
1236	376	41
1237	377	25
1238	377	26
1239	377	45
1240	377	12
1241	378	38
1242	378	20
1243	378	39
1244	378	31
1245	378	21
1246	379	19
1247	379	15
1248	379	12
1249	379	4
1250	379	31
1251	380	26
1252	380	37
1253	381	8
1254	381	18
1255	381	4
1256	381	39
1257	381	36
1258	382	22
1259	382	20
1260	382	37
1261	383	34
1262	383	33
1263	383	31
1264	383	42
1265	383	49
1266	383	36
1267	384	11
1268	384	10
1269	385	22
1270	387	21
1271	387	5
1272	387	7
1273	387	25
1274	388	3
1275	388	32
1276	388	39
1277	388	28
1278	388	8
1279	388	45
1280	388	23
1281	389	39
1282	390	8
1283	390	5
1284	390	34
1285	390	12
1286	390	46
1287	391	43
1288	391	10
1289	391	25
1290	391	20
1291	392	33
1292	392	17
1293	392	25
1294	392	6
1295	392	37
1296	392	13
1297	392	27
1298	393	31
1299	393	30
1300	393	29
1301	393	16
1302	394	4
1303	394	37
1304	394	6
1305	395	9
1306	395	32
1307	395	48
1308	395	28
1309	395	38
1310	396	10
1311	396	26
1312	398	32
1313	398	39
1314	398	16
1315	398	30
1316	398	13
1317	398	6
1318	399	19
1319	399	37
1320	399	25
1321	399	7
1322	399	41
1323	400	18
3088	904	21
1325	400	34
1326	400	9
1327	400	37
1328	401	18
1329	401	44
1330	401	10
1331	402	46
1332	402	20
1333	402	49
1334	402	19
1335	402	38
1336	402	8
1337	403	47
1338	404	29
1339	404	6
1340	404	31
1341	404	3
1342	404	14
1343	404	41
1344	404	49
1345	405	9
1346	405	29
1347	405	43
3089	904	47
1349	406	35
1350	407	41
1351	408	36
1352	408	22
1353	408	41
1354	408	47
3090	905	28
1356	408	25
1357	409	22
1358	409	37
1359	409	20
1360	409	23
1361	409	16
1362	412	32
1363	412	26
1364	412	29
1365	412	44
1366	412	36
1367	412	45
1368	412	14
1369	415	23
1370	415	35
1371	415	38
1372	415	49
1373	415	12
3091	905	32
1375	416	28
1376	416	36
1377	416	12
1378	416	16
1379	416	41
1380	416	37
1381	417	12
1382	417	28
1383	417	34
1384	418	20
1385	418	41
1386	418	11
1387	418	24
1388	418	25
1389	419	21
1390	419	5
1391	419	25
1392	419	11
1393	420	43
1394	422	26
1395	422	36
1396	422	21
1397	422	43
1399	422	48
1400	423	4
3093	905	1
1402	423	3
1403	424	27
1404	424	19
1405	425	49
1406	425	25
1407	425	19
1408	426	12
1409	426	30
1410	426	1
1411	427	38
3094	905	27
1413	427	33
1414	427	46
1415	427	24
1416	427	12
1417	427	7
1418	428	20
1419	428	35
1420	428	42
1421	428	25
1422	429	43
1423	430	49
1424	430	21
1425	430	2
3095	906	6
1427	431	12
1428	431	36
1429	431	21
1430	431	24
1431	431	39
1432	432	13
1433	432	7
1434	432	20
1435	432	26
1436	434	39
1437	435	15
1438	435	3
1439	435	37
1440	435	20
1441	435	18
1442	435	7
1443	437	14
1444	437	13
1445	437	36
1446	437	46
1447	437	31
1448	437	26
1449	437	5
1450	438	47
1451	439	26
1452	439	28
1453	440	31
1454	440	35
1455	440	29
1456	440	9
1457	440	38
1458	441	39
1459	441	11
1460	442	18
1461	442	24
1462	442	23
1463	442	13
1464	442	9
1465	443	39
1466	443	3
1467	444	41
1468	444	1
1469	444	24
1470	444	7
1471	444	25
3096	906	23
1473	444	46
1474	445	2
1475	445	24
1476	445	29
1477	445	38
1478	445	11
1479	445	34
1480	445	8
1481	446	42
1482	446	33
1483	447	28
1484	447	12
1485	447	15
3097	906	11
1487	447	16
1488	448	5
1489	448	7
1490	449	1
1491	449	39
1492	449	19
3098	906	45
1494	449	40
1495	450	44
1496	450	7
1497	451	21
1498	451	5
1499	451	19
1500	451	23
1501	452	24
1502	452	23
1503	452	39
1504	452	13
1505	452	44
1506	452	6
1507	453	11
1508	453	9
1509	453	13
1510	453	28
1511	454	49
1512	454	15
1513	454	6
1514	454	48
1515	454	16
1516	455	14
1517	455	31
1518	455	9
1519	457	23
1520	457	37
1521	457	47
1522	458	19
1523	459	2
1524	459	21
1525	459	43
1526	459	41
3099	906	21
1528	459	4
1529	460	42
1530	460	14
1531	461	37
1532	461	1
3100	906	22
1534	461	27
1535	462	48
1536	463	44
1537	463	29
1538	464	13
1539	464	6
1540	464	3
1541	464	18
1542	466	20
1543	466	18
1544	467	34
1545	467	20
1546	467	29
1547	467	13
1548	467	41
1549	468	12
1550	468	8
1551	468	46
1552	468	44
1553	468	7
1554	468	4
1555	469	2
1556	469	15
1557	469	9
1558	469	3
1559	469	10
1560	469	1
1561	470	24
1562	470	34
1563	471	3
1564	471	41
1565	471	13
1566	472	41
1567	472	36
1568	472	44
1569	473	28
1570	473	37
1571	473	33
1572	474	41
1573	474	32
1574	474	22
3101	907	11
1576	474	33
1577	474	37
1578	474	5
1579	475	49
1580	475	25
1581	475	48
1582	475	24
1583	475	26
1584	476	28
1585	476	26
1586	477	16
1587	477	15
1588	477	2
1589	477	49
1590	477	29
1591	478	30
1592	478	8
1593	478	26
1594	478	12
1595	479	38
1596	479	25
1597	479	43
1598	480	39
1599	480	14
1600	480	5
1601	481	48
1602	481	10
1603	481	6
1604	481	34
1605	482	23
1606	482	14
1607	482	12
1608	482	42
1609	483	5
1610	483	41
1611	483	48
1612	483	44
1613	483	31
1614	483	34
1615	483	37
1616	484	10
1617	484	18
1618	484	15
1619	484	3
1620	484	9
1621	485	6
1622	485	38
1623	485	12
1624	486	27
1625	486	35
1626	486	5
1627	486	36
1628	486	30
1629	486	43
1630	486	1
1631	488	2
1632	488	24
1633	489	41
1634	489	35
1635	490	23
1636	490	36
1637	490	34
1638	490	1
1639	490	49
1640	491	35
1641	491	17
1642	491	9
1643	491	38
1644	491	7
1645	492	28
1646	492	17
1647	492	5
1648	492	3
1649	492	24
1650	492	21
3102	907	20
1652	494	23
1653	495	2
1654	496	11
1655	496	14
1656	496	6
1657	496	39
1658	497	34
1659	498	43
1660	498	2
1661	498	13
1662	498	31
1663	498	40
1664	499	40
1665	499	6
1666	499	17
1667	499	20
1668	500	17
1669	500	13
1670	500	10
1671	500	15
1672	500	33
1673	500	44
1674	500	25
1675	501	23
1676	501	11
1677	501	49
1678	501	47
1679	501	24
1680	501	1
1681	501	3
1682	502	27
1683	502	4
1684	503	21
1685	504	5
1686	504	9
1687	504	7
1688	504	39
1689	504	32
1690	504	6
1691	504	45
1692	505	1
1693	506	27
1694	506	47
1695	506	31
1696	506	49
1697	506	45
1698	507	30
1699	509	4
1700	509	47
1701	509	18
1702	510	29
1703	510	7
1704	510	47
1705	510	26
1706	510	20
1707	510	16
1708	511	39
1709	511	33
1710	513	30
1711	513	20
1712	513	3
1713	513	4
1714	513	15
1715	513	27
1716	514	46
1717	514	16
1718	514	31
3103	907	12
1720	514	47
1721	514	14
1722	515	25
1723	515	9
1724	515	6
1725	515	5
1726	515	46
1727	515	49
1728	516	38
1729	516	48
1730	516	30
1731	516	25
1732	516	23
1733	516	2
1734	516	45
1735	517	15
1736	517	49
1737	517	47
1738	518	45
1739	518	20
1740	518	12
1741	519	17
1742	520	26
1743	521	33
1744	521	15
1745	522	37
1746	522	36
1747	522	29
1748	523	15
1749	523	29
1750	523	21
1751	524	27
1752	524	9
1753	524	43
1754	525	34
1755	525	23
1756	525	30
1757	525	35
1758	525	29
1759	526	35
1760	527	40
1761	527	2
1762	527	20
1763	527	15
1764	527	4
1765	527	5
1766	527	34
1767	528	36
1768	528	48
1769	528	44
1770	528	33
1771	528	28
3104	907	28
1773	528	14
1774	529	35
1775	529	11
1776	529	33
1777	529	19
1778	529	8
1779	531	38
1780	531	2
1781	531	31
1782	531	27
3105	907	18
1784	532	5
1785	532	11
1786	532	42
3106	908	16
1788	532	26
1789	532	33
1790	532	21
1791	533	24
1792	533	41
1793	533	37
1794	533	35
1795	535	20
1796	536	29
1797	536	15
3107	908	20
1799	536	46
1800	536	30
1801	537	22
1802	537	6
1803	537	20
1804	537	24
1805	537	44
1806	537	30
1807	538	27
1808	540	39
1809	540	36
1810	540	20
1811	540	12
1812	541	30
1813	541	39
1814	541	9
1815	541	15
1816	541	16
1817	541	34
1818	542	15
1819	542	24
1820	542	35
1821	542	21
1822	542	13
1823	542	22
1824	543	44
1825	543	33
1826	544	29
1827	544	37
1828	544	46
1829	544	16
1830	544	28
1831	545	2
1832	545	24
1833	545	16
1834	545	40
1835	545	48
1836	546	14
1837	546	29
1838	546	19
1839	546	25
1840	546	48
1841	546	40
1842	546	37
1843	547	37
1844	547	16
1845	547	15
1846	548	15
1847	548	10
1848	548	49
1849	548	7
1850	548	43
1851	548	17
1852	548	2
1853	549	2
1854	549	23
1855	549	41
1856	549	26
1857	549	36
1858	549	17
1859	550	38
1860	550	13
1861	550	28
1862	552	1
1863	552	18
1864	552	19
1865	552	24
1866	553	31
1867	553	34
1868	553	48
1869	553	36
1870	553	2
1871	554	12
1872	554	2
1873	555	8
1874	555	45
1875	555	49
1876	555	2
1877	555	29
1878	556	43
1879	556	23
1880	556	35
1881	556	13
1882	556	38
1883	556	18
1884	557	43
1885	557	31
1886	557	49
1887	557	21
1888	557	19
1889	557	18
1890	557	35
1891	558	29
1892	558	37
1893	558	20
1894	558	17
1895	559	1
1896	559	4
1897	560	5
1898	560	39
1899	560	8
1900	560	43
1901	560	24
1902	561	40
1903	563	23
1904	563	11
1905	564	24
1906	564	48
1907	564	49
1908	564	43
1909	565	5
1910	565	33
1911	565	31
1912	565	17
3108	908	38
1914	565	48
1915	565	41
1916	566	5
1917	566	25
1918	566	28
1919	566	37
1920	566	23
1921	566	11
1922	566	9
1923	567	43
1924	567	9
1925	567	30
1926	568	20
1927	568	48
1928	568	8
1929	568	12
1930	569	24
1931	569	35
1932	569	16
1933	569	22
1934	569	46
1935	570	16
1936	571	11
1937	572	44
1938	572	32
1939	572	36
3109	908	43
1941	572	49
1942	572	42
1943	573	30
1944	573	14
1945	573	9
1946	574	9
1947	574	34
1948	575	28
1949	575	4
1950	575	2
1951	575	26
1952	575	1
1953	576	48
1954	576	27
1955	576	14
1956	577	35
1957	577	47
1958	577	17
1959	577	44
1960	577	10
3110	908	34
1962	578	16
1963	579	12
1964	579	8
1965	579	41
1966	579	19
1967	580	15
1968	580	19
1969	580	24
1970	581	14
1971	581	13
1972	581	42
1973	581	44
1974	581	43
1975	581	12
1976	582	37
1977	582	38
3111	908	29
1979	582	5
1980	582	36
1981	584	39
1982	584	33
1983	584	20
1984	584	32
1985	584	34
1986	584	5
3112	908	5
1988	585	18
1989	585	31
1990	585	42
1991	585	3
1992	585	15
1993	585	44
3113	909	8
1995	586	4
1996	587	21
1997	587	11
1998	587	34
1999	587	14
2000	587	18
2001	588	46
2002	589	42
2003	589	18
2004	589	5
2005	590	26
2006	590	21
2007	590	38
2008	590	5
2009	590	30
2010	590	15
2011	590	2
2012	591	1
2013	591	30
2014	591	47
2015	592	38
2016	592	21
3114	909	46
2018	592	5
2019	592	30
2020	592	31
2021	593	7
2022	593	20
2023	593	46
2024	593	5
2025	594	45
2026	594	14
2027	594	17
2028	594	29
2029	594	30
2030	594	28
2031	595	15
2032	595	45
2033	595	22
2034	595	24
2035	596	3
2036	596	22
2037	596	36
2038	596	41
2039	596	4
2040	596	43
2041	598	9
2042	599	14
2043	599	35
2044	599	43
2045	599	6
2046	599	13
2047	600	12
2048	600	32
2049	600	24
2050	600	36
2051	600	11
2052	600	16
2053	600	6
2054	601	7
2055	601	23
2056	601	36
2057	602	37
2058	602	5
2059	602	16
2060	602	33
2061	602	29
2062	603	28
2063	603	12
2064	603	31
2065	603	29
2066	605	47
2067	605	38
2068	605	9
2069	605	25
2070	605	3
2071	605	46
2072	606	14
2073	606	24
2074	606	23
2075	606	43
2076	606	30
2077	606	47
2078	607	46
2079	607	4
2080	607	14
2081	607	16
2082	607	29
3115	911	18
2084	607	38
2085	608	22
2086	608	44
2087	608	18
2088	609	6
2089	609	43
2090	609	17
2091	609	28
2092	609	49
2093	610	2
2094	610	38
2095	610	33
2096	611	16
2097	611	40
2098	611	21
2099	611	41
2100	612	49
2101	612	31
2102	613	25
2103	613	27
2104	613	30
2105	613	41
2106	614	13
2107	614	22
2108	614	27
2109	614	48
2110	614	7
2111	614	21
2112	615	27
2113	615	32
2114	615	46
2115	615	24
2116	615	22
2117	615	2
2118	615	15
2119	616	41
2120	616	4
2121	616	22
2122	616	19
2123	616	7
3116	911	47
2125	617	33
2126	617	2
2127	617	10
2128	617	7
2129	618	46
2130	618	36
2131	618	25
2132	619	12
2133	619	26
2134	620	39
2135	620	34
2136	620	13
3117	911	42
2138	620	2
2139	620	6
2140	622	30
2141	622	25
3118	911	6
2143	623	44
2144	623	41
2145	623	27
2146	624	22
2147	624	3
2148	625	38
2149	625	23
2150	626	32
2151	626	49
2152	626	29
2153	626	22
2154	626	31
2155	626	25
2156	628	22
2157	629	14
2158	629	40
2159	629	43
2160	629	9
2161	629	4
2162	630	26
2163	630	9
2164	631	46
2165	631	5
2166	631	3
2167	631	33
2168	631	4
2169	631	23
2170	631	40
2171	632	3
2172	632	34
2173	633	8
2174	633	3
2175	633	19
2176	633	10
2177	634	22
2178	634	5
2179	634	10
2180	634	14
2181	634	6
2182	634	47
2183	635	25
2184	635	18
2185	635	28
2186	635	15
2187	636	19
2188	636	9
2189	636	27
2190	638	20
2191	638	33
2192	638	18
2193	638	16
2194	638	21
2195	638	11
2196	639	31
2197	640	49
2198	640	12
2199	640	16
2200	640	13
2201	640	22
2202	641	9
2203	641	41
2204	641	12
2205	642	20
2206	642	16
2207	642	4
2208	642	49
2209	642	25
2210	643	19
2211	643	48
2212	643	32
2213	644	27
2214	645	33
2215	645	37
2216	645	41
2217	645	6
2218	646	35
2219	647	28
2220	648	42
2221	648	20
2222	648	46
2223	648	6
2224	648	39
2225	649	10
2226	649	32
2227	649	45
2228	649	23
2229	651	42
2230	651	21
2231	651	44
2232	652	37
2233	652	3
2234	652	9
2235	652	42
2236	652	6
2237	652	25
2238	653	11
2239	653	43
2240	653	37
2241	653	28
2242	653	12
2243	653	30
2244	654	17
2245	654	16
2246	654	48
2247	654	24
2248	654	44
2249	655	42
2250	655	12
2251	655	34
2252	655	37
2253	655	39
2254	656	45
2255	657	38
2256	657	16
2257	658	43
2258	658	4
2259	659	1
2260	659	9
2261	659	45
2262	660	38
2263	660	4
2264	660	25
2265	660	36
2266	661	49
2267	661	10
2268	661	6
2269	661	43
2270	662	47
2271	662	5
2272	662	17
2273	662	2
2274	662	49
2275	662	22
2276	663	45
2277	663	48
2278	663	46
3119	911	21
2280	663	44
2281	663	9
2282	664	26
2283	664	21
3120	911	3
2285	664	30
2286	664	22
2287	665	43
2288	665	24
2289	665	42
2290	666	37
2291	666	13
2292	666	42
2293	666	29
2294	666	24
2295	667	46
2296	667	41
2297	667	1
2298	668	2
2299	668	41
2300	669	42
2301	669	26
2302	669	30
2303	669	16
2304	669	32
2305	670	20
2306	670	3
2307	670	2
2308	670	31
2309	672	42
2310	672	19
2311	673	19
2312	673	33
2313	673	21
2314	673	27
2315	674	33
2316	674	26
2317	674	28
2318	674	3
2319	674	35
2320	674	47
3121	911	24
2322	675	24
2323	675	28
2324	675	40
2325	676	1
2326	676	28
2327	677	49
2328	677	7
2329	678	5
2330	678	36
2331	678	47
2332	678	32
2333	678	15
2334	678	10
3122	915	35
2336	679	27
2337	679	19
2338	679	8
2339	679	24
2340	679	23
2341	679	16
2342	680	11
2343	680	25
2344	680	32
2345	680	45
2346	680	13
3123	916	34
2348	680	34
2349	681	22
2350	682	29
2351	682	47
2352	682	12
2353	683	28
2354	685	3
2355	685	34
2356	685	24
2357	685	23
2358	685	28
2359	687	13
2360	687	40
2361	687	3
2362	687	28
3124	916	40
2364	687	20
2365	688	30
2366	688	40
2367	688	1
2368	690	4
2369	690	6
2370	690	27
2371	691	17
2372	691	24
2373	691	4
2374	691	46
2375	691	2
2376	691	40
2377	692	47
2378	693	41
2379	693	39
2380	693	40
2381	693	32
3125	916	19
2383	694	37
2384	694	31
2385	694	8
2386	694	42
2387	695	25
2388	695	43
2389	695	22
2390	695	28
2391	696	45
2392	696	43
2393	696	38
2394	696	7
2395	696	39
2396	696	44
2397	696	34
2398	697	46
2399	697	15
2400	698	22
3126	916	31
2402	698	35
2403	698	6
2404	698	15
2405	698	23
2406	700	45
3127	917	19
2408	700	8
2409	700	17
2410	700	27
2411	700	31
2412	700	14
2413	701	27
2414	701	33
2415	701	40
2416	701	9
2417	703	36
2418	703	10
2419	704	8
2420	704	21
2421	704	40
2422	704	39
2423	705	33
3128	917	8
2425	705	40
2426	706	48
2427	706	11
2428	707	39
2429	707	3
2430	707	7
2431	708	19
2432	709	15
2433	709	11
2434	709	37
2435	709	48
2436	710	22
2437	710	18
2438	710	26
2439	710	11
2440	710	30
2441	710	42
2442	710	37
2443	712	6
2444	712	22
2445	712	15
2446	712	3
2447	713	11
2448	713	15
2449	713	1
2450	713	17
2451	713	49
2452	713	35
2453	713	6
2454	714	45
2455	714	16
2456	714	48
2457	715	30
2458	715	49
2459	715	3
2460	715	21
2461	716	39
2462	716	25
2463	716	18
2464	716	5
2465	716	35
2466	716	3
2467	716	30
2468	717	13
2469	717	16
2470	718	24
2471	718	3
2472	718	15
2473	719	40
2474	719	20
2475	720	31
3129	917	1
2477	721	9
2478	722	7
2479	722	11
3130	917	15
2481	722	28
2482	722	47
2483	723	18
2484	723	20
2485	723	22
3131	917	4
2487	723	44
2488	724	39
2489	724	8
2490	724	26
2491	725	24
2492	725	40
2493	727	22
2494	727	40
2495	727	13
2496	727	36
2497	727	37
2498	727	32
2499	727	39
2500	728	9
2501	728	23
2502	728	14
2503	728	7
2504	728	2
2505	728	11
2506	730	35
3132	917	47
2508	730	29
2509	731	6
3133	918	22
2511	731	23
2512	731	11
2513	732	28
2514	732	19
3134	918	32
2516	732	27
2517	732	49
2518	732	45
2519	733	30
2520	733	5
2521	733	27
2522	733	8
2523	734	12
2524	734	45
2525	734	43
3135	918	7
2527	734	29
2528	735	47
2529	735	41
2530	735	15
3136	918	18
2532	736	13
2533	736	24
2534	736	45
2535	737	14
2536	737	18
2537	737	7
2538	737	44
2539	737	26
2540	737	3
2541	737	1
2542	738	48
2543	738	10
2544	738	20
2545	738	26
2546	738	38
2547	738	3
2548	740	4
2549	741	26
2550	741	37
2551	741	31
2552	741	1
2553	741	32
2554	741	8
2555	742	31
2556	742	44
2557	742	23
2558	743	43
2559	743	41
2560	743	49
2562	743	22
2563	744	12
2564	745	25
2565	745	10
2566	745	9
2568	746	21
2569	746	19
2570	747	38
2571	748	23
2572	748	29
2573	748	47
2574	748	6
2575	748	44
2576	750	29
2577	750	19
2578	750	28
2579	751	17
2580	751	26
2581	751	18
3139	919	28
2583	751	43
2584	751	9
2585	751	7
2586	752	43
2587	753	29
2588	753	31
2589	753	21
2590	753	47
2591	753	20
2592	753	23
2593	753	8
2594	754	26
2595	755	34
2596	755	8
2597	756	45
2598	756	5
2599	756	27
2600	756	15
2601	756	38
2602	757	28
2603	757	47
2604	757	49
2605	757	12
2606	758	17
2607	758	4
3140	919	47
2609	758	41
2610	758	21
2611	758	18
3141	919	23
2613	759	18
2614	759	31
2615	759	49
2616	759	34
2617	759	3
3142	919	24
2619	761	19
2620	762	18
2621	762	42
2622	762	6
2623	762	14
2624	762	40
2625	763	33
2626	763	9
2627	764	49
2628	764	20
2629	764	40
3143	919	44
2631	765	6
2632	765	24
2633	765	39
2634	765	22
3144	919	7
2636	765	12
3145	920	48
2638	766	24
2639	766	21
2640	766	5
2641	767	26
2642	767	48
2643	767	19
2644	767	11
2645	767	44
2646	767	39
2647	767	13
2648	768	7
2649	768	14
2650	768	39
2651	768	33
2652	768	40
2653	768	22
2654	769	10
2655	769	38
2656	772	23
2657	773	2
2658	773	13
2659	773	3
2660	773	16
2661	774	13
2662	774	19
2663	774	18
2664	775	2
2665	775	17
2666	776	26
2667	776	37
2668	776	43
2669	777	29
2670	777	13
2671	777	47
2672	777	35
2673	778	48
2674	778	44
2675	778	27
2676	778	9
2677	779	24
2678	779	19
2679	779	17
2680	780	10
3146	921	43
2682	780	38
2683	780	30
2684	781	21
2685	781	32
2686	782	30
2687	782	48
2688	782	36
2689	782	44
2690	782	3
2691	783	37
2692	783	25
2693	784	47
2694	784	3
2695	784	5
2696	785	49
2697	785	39
2698	785	46
2699	786	34
2700	786	14
2701	786	38
2702	786	48
2703	786	49
2704	786	42
2705	787	22
2706	787	8
2707	787	32
2708	787	42
2709	787	27
2710	787	9
2711	788	43
2712	788	14
2713	788	17
2714	789	15
2715	789	30
2716	789	10
2717	789	26
2718	789	13
2719	791	30
2720	791	43
2721	791	39
2722	791	37
2723	791	18
2724	792	4
2725	792	32
2726	792	38
2727	792	44
2728	792	8
3147	921	14
2730	792	19
2731	793	38
2732	793	10
2733	794	32
2734	794	23
2735	794	9
2736	794	16
2737	794	4
2738	795	26
2739	795	2
2740	795	46
2741	796	48
2742	796	19
2743	796	40
2744	796	45
2745	796	22
3148	921	41
2747	796	44
2748	797	18
2749	798	15
2750	798	37
2751	798	28
2752	798	8
2753	798	12
2754	798	23
2755	798	35
2756	799	27
2757	799	31
2758	799	2
2759	799	25
2760	799	38
2761	801	18
2762	801	1
2763	801	24
2764	801	48
2765	801	34
2766	801	47
2767	802	11
2768	803	8
2769	803	35
2770	803	13
2771	803	32
2772	803	30
2773	803	39
2774	804	19
2775	804	44
2776	804	29
2777	804	43
2778	804	8
2779	805	47
2780	805	43
2781	807	4
2782	807	8
2783	807	49
2784	807	23
2785	807	35
2786	807	19
2787	808	48
2788	808	37
2789	808	1
2790	808	5
2791	809	34
3149	921	27
2793	809	9
2794	809	15
2795	809	6
3150	921	16
2797	810	35
2798	810	46
2799	811	20
2800	811	23
2801	811	33
2802	811	49
2803	812	12
2804	812	23
2805	812	2
2806	812	31
2807	812	47
2808	813	4
2809	813	5
2810	813	15
2811	813	7
2812	813	25
2813	813	41
3151	921	7
2815	815	47
2816	815	40
2817	815	1
2818	816	2
2819	816	26
3152	921	38
2821	816	32
2822	816	38
2823	817	40
2824	818	24
2825	819	45
2826	819	16
2827	819	47
2828	819	4
2829	819	7
2830	819	19
2831	819	35
2832	820	10
2833	820	25
2834	820	37
2835	820	48
2836	820	23
3153	922	30
2838	820	7
2839	821	7
2840	821	24
2841	822	8
2842	822	28
2843	822	35
2844	822	13
2845	824	43
2846	824	33
2847	824	23
2848	824	41
2849	826	13
2850	826	14
2851	826	47
2852	826	19
2853	826	4
2854	827	1
2855	827	15
2856	829	6
2857	829	24
2858	829	33
3154	923	13
2860	830	25
2861	830	40
2862	830	17
2863	830	3
2864	831	18
2865	831	43
2866	832	5
2867	832	29
2868	832	4
2869	832	19
2870	833	30
2871	834	42
2872	834	43
2873	834	23
2874	834	21
2875	834	34
2876	835	46
2877	835	35
2878	835	18
2879	835	4
2880	835	30
2881	836	36
2882	836	17
2883	836	24
2884	836	3
2885	836	25
2886	836	47
2887	836	41
2888	837	47
2889	837	31
2890	837	7
2891	838	42
2892	838	29
2893	838	35
2894	838	10
2895	838	24
2896	838	7
2897	840	45
2898	840	11
2899	840	27
2900	840	25
2901	840	18
2902	842	13
3155	923	39
3156	923	40
2905	842	48
2906	842	12
2907	843	27
2908	843	11
2909	843	39
2910	843	29
2911	843	3
2912	843	21
2913	845	39
2914	845	36
2915	846	43
2916	848	27
2917	848	15
2918	848	31
2919	848	2
2920	848	32
2921	848	13
2922	849	41
2923	849	4
2924	849	12
2925	850	27
2926	850	29
2927	850	36
2928	851	18
2929	851	14
2930	851	39
2931	852	31
2932	852	33
2933	852	34
2934	852	38
2935	852	11
3157	923	10
2937	853	22
2938	853	20
2939	854	44
2940	855	36
2941	855	1
2942	855	9
2943	856	4
2944	857	3
2945	857	18
2946	857	27
2947	857	38
2948	859	15
2949	859	35
2950	860	25
2951	860	38
2952	861	26
2953	861	16
2954	861	18
2955	861	36
2956	862	39
2957	862	32
2958	862	36
2959	862	21
2960	862	4
2961	863	36
2962	863	38
2963	863	37
2964	863	8
2965	863	40
2966	863	7
2967	863	32
2968	864	27
2969	865	7
2970	865	11
2971	865	31
2972	866	33
2973	866	22
2974	866	36
3158	923	47
2976	867	45
2977	867	8
2978	867	25
2979	869	26
2980	869	46
2981	870	33
2982	870	11
2983	870	24
2984	870	41
3159	924	19
2986	870	46
2987	870	29
2988	871	31
2989	872	20
2990	872	7
2991	872	5
2992	872	44
2993	872	30
2994	872	16
2995	873	12
2996	873	35
2997	874	23
2998	874	33
2999	874	29
3000	876	28
3001	876	18
3002	876	48
3003	876	13
3004	876	49
3005	876	3
3006	876	42
3007	878	4
3008	878	37
3009	878	34
3010	878	12
3011	878	23
3012	878	40
3013	879	49
3014	880	42
3015	880	29
3016	881	25
3017	881	44
3018	881	18
3019	881	37
3020	883	7
3021	884	27
3160	924	16
3023	885	19
3024	885	16
3025	885	28
3026	885	47
3027	885	3
3028	885	18
3029	885	45
3030	887	17
3031	887	15
3032	887	38
3033	887	30
3034	888	48
3035	888	46
3036	888	44
3037	888	49
3038	889	40
3039	890	23
3040	890	45
3041	890	5
3042	890	3
3043	890	28
3044	891	13
3045	891	2
3046	891	4
3047	891	7
3048	891	9
3049	891	20
3161	924	46
3051	893	14
3052	893	25
3053	893	48
3054	894	43
3055	894	37
3056	894	6
3057	896	11
3058	896	48
3059	897	19
3060	897	28
3061	898	9
3062	898	17
3063	898	16
3064	898	37
3065	899	13
3066	899	11
3067	899	14
3068	900	45
3069	900	22
3070	900	24
3071	900	39
3072	900	32
3073	900	20
3074	901	15
3075	901	23
3076	901	34
3077	901	14
3078	901	3
3162	925	23
3163	925	4
3164	925	24
3165	925	8
3166	926	36
3167	926	28
3168	926	2
3169	926	25
3170	926	49
3171	926	14
3173	927	31
3174	927	41
3175	927	11
3176	927	48
3177	927	12
3178	927	33
3179	927	45
3180	928	5
3181	928	43
3182	928	32
3183	928	40
3184	928	35
3185	929	1
3186	929	25
3187	930	5
3188	931	37
3189	931	28
3190	931	30
3192	931	5
3193	932	35
3194	932	8
3195	932	23
3196	932	45
3197	932	44
3198	932	40
3199	933	33
3200	933	17
3201	935	29
3202	935	43
3204	935	31
3205	935	38
3206	935	5
3207	936	16
3208	936	33
3209	936	5
3210	936	8
3211	936	42
3212	937	32
3213	939	46
3214	939	37
3215	939	28
3216	939	33
3217	939	40
3218	939	41
3219	940	11
3220	940	29
3221	940	23
3222	940	24
3223	940	44
3224	940	7
3225	940	21
3226	941	14
3227	941	40
3228	941	10
3229	941	5
3230	941	45
3232	942	8
3233	942	25
3234	942	21
3235	943	5
3236	943	49
3237	943	30
3238	943	12
3239	943	14
3240	943	2
3241	943	7
3242	944	5
3243	944	45
3244	944	41
3246	944	33
3247	944	48
3248	944	4
3249	945	10
3250	945	38
3251	945	11
3252	945	24
3253	945	43
3254	945	29
3255	946	3
3256	946	8
3257	946	18
3258	946	9
3260	946	26
3261	946	4
3262	947	39
3263	947	30
3264	948	41
3265	948	45
3266	948	10
3267	948	23
3268	949	7
3269	949	30
3270	949	43
3271	949	40
3272	949	33
3273	950	1
3274	950	33
3275	950	34
3276	951	24
3277	951	35
3278	951	4
3279	951	6
3280	951	44
3281	952	15
3282	952	42
3283	952	20
3284	952	37
3285	952	12
3286	952	23
3287	953	22
3288	953	30
3289	953	10
3290	953	13
3291	954	13
3292	954	29
3293	954	24
3294	955	35
3295	956	2
3296	956	33
3297	956	18
3298	956	28
3299	956	27
3300	956	49
3301	957	27
3302	957	26
3303	957	36
3304	957	30
3306	958	27
3307	958	7
3308	958	34
3309	958	9
3310	960	7
3311	960	2
3312	960	35
3313	960	48
3314	961	33
3315	961	1
3316	961	23
3317	962	17
3318	962	26
3319	962	38
3320	962	12
3321	962	48
3323	963	37
3324	963	9
3325	963	4
3326	963	32
3327	964	22
3328	964	23
3330	965	29
3331	965	16
3333	965	3
3334	966	40
3335	966	30
3336	966	22
3337	966	2
3338	968	26
3339	968	37
3340	968	30
3341	968	8
3342	969	36
3343	969	29
3344	969	46
3345	969	4
3346	969	40
3347	970	27
3348	970	47
3349	971	26
3350	971	48
3351	971	8
3352	971	14
3353	971	20
3354	971	23
3355	971	33
3356	972	46
3357	972	13
3358	972	42
3359	972	30
3360	972	49
3361	972	15
3362	973	37
3363	973	19
3364	973	6
3365	973	46
3366	973	29
3367	974	34
3368	974	10
3369	974	35
3370	974	32
3371	974	23
3372	976	44
3373	976	33
3374	976	28
3375	976	17
3376	976	23
3377	977	2
3378	977	17
3379	977	40
3380	977	9
3381	977	44
3382	977	15
3383	978	38
3384	978	20
3385	978	7
3386	978	35
3387	979	37
3388	980	42
3389	980	24
3390	980	5
3391	980	3
3392	980	32
3393	981	30
3394	981	49
3395	981	1
3396	981	12
3397	981	36
3398	981	37
3399	981	44
3400	982	37
3401	982	43
3402	982	40
3403	982	27
3404	983	42
3405	983	26
3406	983	47
3407	984	27
3408	984	33
3409	984	29
3410	984	8
3411	986	14
3412	986	9
3413	986	42
3414	986	20
3415	987	37
3416	988	24
3417	988	40
3418	988	45
3419	988	6
3420	988	1
3421	988	11
3422	988	12
3423	990	11
3424	991	10
3425	991	17
3427	991	37
3428	991	7
3429	992	49
3430	992	8
3431	992	1
3432	992	31
3434	993	14
3435	993	6
3437	993	10
3438	993	28
3439	993	19
3440	994	36
3441	994	44
3442	994	41
3443	994	1
3444	994	33
3445	994	21
3446	995	31
3447	995	47
3448	996	44
3449	996	24
3450	996	46
3451	996	12
3452	996	23
3453	997	19
3454	997	49
3455	997	11
3456	997	43
3457	997	5
3458	997	48
3459	998	2
3460	998	39
3461	998	15
3462	998	1
\.


--
-- Data for Name: utilite; Type: TABLE DATA; Schema: public; Owner: tranotsika
--

COPY public.utilite (id_utilite, nom_utilite) FROM stdin;
1	eau
2	electricite
3	fourniture
\.


--
-- Name: abonnement_id_abonnement_seq; Type: SEQUENCE SET; Schema: public; Owner: tranotsika
--

SELECT pg_catalog.setval('public.abonnement_id_abonnement_seq', 30, true);


--
-- Name: boost_id_boost_seq; Type: SEQUENCE SET; Schema: public; Owner: tranotsika
--

SELECT pg_catalog.setval('public.boost_id_boost_seq', 100, true);


--
-- Name: classement_point_id_classement_point_seq; Type: SEQUENCE SET; Schema: public; Owner: tranotsika
--

SELECT pg_catalog.setval('public.classement_point_id_classement_point_seq', 4, true);


--
-- Name: client_id_client_seq; Type: SEQUENCE SET; Schema: public; Owner: tranotsika
--

SELECT pg_catalog.setval('public.client_id_client_seq', 1003, true);


--
-- Name: commentaire_id_commentaire_seq; Type: SEQUENCE SET; Schema: public; Owner: tranotsika
--

SELECT pg_catalog.setval('public.commentaire_id_commentaire_seq', 1, true);


--
-- Name: detail_tags_id_detail_tag_seq; Type: SEQUENCE SET; Schema: public; Owner: tranotsika
--

SELECT pg_catalog.setval('public.detail_tags_id_detail_tag_seq', 1472, true);


--
-- Name: detail_utilite_id_detail_utilite_seq; Type: SEQUENCE SET; Schema: public; Owner: tranotsika
--

SELECT pg_catalog.setval('public.detail_utilite_id_detail_utilite_seq', 1007, true);


--
-- Name: localisation_id_localisation_seq; Type: SEQUENCE SET; Schema: public; Owner: tranotsika
--

SELECT pg_catalog.setval('public.localisation_id_localisation_seq', 295, true);


--
-- Name: message_id_message_seq; Type: SEQUENCE SET; Schema: public; Owner: tranotsika
--

SELECT pg_catalog.setval('public.message_id_message_seq', 1, false);


--
-- Name: parametre_id_parametre_seq; Type: SEQUENCE SET; Schema: public; Owner: tranotsika
--

SELECT pg_catalog.setval('public.parametre_id_parametre_seq', 2, true);


--
-- Name: photo_id_photo_seq; Type: SEQUENCE SET; Schema: public; Owner: tranotsika
--

SELECT pg_catalog.setval('public.photo_id_photo_seq', 1259, true);


--
-- Name: publication_id_publication_seq; Type: SEQUENCE SET; Schema: public; Owner: tranotsika
--

SELECT pg_catalog.setval('public.publication_id_publication_seq', 501, true);


--
-- Name: publicite_id_publicite_seq; Type: SEQUENCE SET; Schema: public; Owner: tranotsika
--

SELECT pg_catalog.setval('public.publicite_id_publicite_seq', 9, true);


--
-- Name: question_id_question_seq; Type: SEQUENCE SET; Schema: public; Owner: tranotsika
--

SELECT pg_catalog.setval('public.question_id_question_seq', 9, true);


--
-- Name: reaction_id_reaction_seq; Type: SEQUENCE SET; Schema: public; Owner: tranotsika
--

SELECT pg_catalog.setval('public.reaction_id_reaction_seq', 8011, true);


--
-- Name: reaction_item_id_reaction_item_seq; Type: SEQUENCE SET; Schema: public; Owner: tranotsika
--

SELECT pg_catalog.setval('public.reaction_item_id_reaction_item_seq', 2, true);


--
-- Name: reponse_client_id_reponse_client_seq; Type: SEQUENCE SET; Schema: public; Owner: tranotsika
--

SELECT pg_catalog.setval('public.reponse_client_id_reponse_client_seq', 1, false);


--
-- Name: reponse_id_reponse_seq; Type: SEQUENCE SET; Schema: public; Owner: tranotsika
--

SELECT pg_catalog.setval('public.reponse_id_reponse_seq', 28, true);


--
-- Name: tag_client_id_tag_client_seq; Type: SEQUENCE SET; Schema: public; Owner: tranotsika
--

SELECT pg_catalog.setval('public.tag_client_id_tag_client_seq', 3462, true);


--
-- Name: tag_id_tag_seq; Type: SEQUENCE SET; Schema: public; Owner: tranotsika
--

SELECT pg_catalog.setval('public.tag_id_tag_seq', 50, true);


--
-- Name: utilite_id_utilite_seq; Type: SEQUENCE SET; Schema: public; Owner: tranotsika
--

SELECT pg_catalog.setval('public.utilite_id_utilite_seq', 3, true);


--
-- Name: abonnement abonnement_pkey; Type: CONSTRAINT; Schema: public; Owner: tranotsika
--

ALTER TABLE ONLY public.abonnement
    ADD CONSTRAINT abonnement_pkey PRIMARY KEY (id_abonnement);


--
-- Name: boost boost_pkey; Type: CONSTRAINT; Schema: public; Owner: tranotsika
--

ALTER TABLE ONLY public.boost
    ADD CONSTRAINT boost_pkey PRIMARY KEY (id_boost);


--
-- Name: classement_point classement_point_pkey; Type: CONSTRAINT; Schema: public; Owner: tranotsika
--

ALTER TABLE ONLY public.classement_point
    ADD CONSTRAINT classement_point_pkey PRIMARY KEY (id_classement_point);


--
-- Name: client client_email_key; Type: CONSTRAINT; Schema: public; Owner: tranotsika
--

ALTER TABLE ONLY public.client
    ADD CONSTRAINT client_email_key UNIQUE (email);


--
-- Name: client client_pkey; Type: CONSTRAINT; Schema: public; Owner: tranotsika
--

ALTER TABLE ONLY public.client
    ADD CONSTRAINT client_pkey PRIMARY KEY (id_client);


--
-- Name: tag_client client_tag; Type: CONSTRAINT; Schema: public; Owner: tranotsika
--

ALTER TABLE ONLY public.tag_client
    ADD CONSTRAINT client_tag UNIQUE (id_client, id_tag);


--
-- Name: commentaire commentaire_pkey; Type: CONSTRAINT; Schema: public; Owner: tranotsika
--

ALTER TABLE ONLY public.commentaire
    ADD CONSTRAINT commentaire_pkey PRIMARY KEY (id_commentaire);


--
-- Name: detail_tags detail_tags_pkey; Type: CONSTRAINT; Schema: public; Owner: tranotsika
--

ALTER TABLE ONLY public.detail_tags
    ADD CONSTRAINT detail_tags_pkey PRIMARY KEY (id_detail_tag);


--
-- Name: detail_utilite detail_utilite_pkey; Type: CONSTRAINT; Schema: public; Owner: tranotsika
--

ALTER TABLE ONLY public.detail_utilite
    ADD CONSTRAINT detail_utilite_pkey PRIMARY KEY (id_detail_utilite);


--
-- Name: localisation localisation_pkey; Type: CONSTRAINT; Schema: public; Owner: tranotsika
--

ALTER TABLE ONLY public.localisation
    ADD CONSTRAINT localisation_pkey PRIMARY KEY (id_localisation);


--
-- Name: message message_pkey; Type: CONSTRAINT; Schema: public; Owner: tranotsika
--

ALTER TABLE ONLY public.message
    ADD CONSTRAINT message_pkey PRIMARY KEY (id_message);


--
-- Name: parametre parametre_pkey; Type: CONSTRAINT; Schema: public; Owner: tranotsika
--

ALTER TABLE ONLY public.parametre
    ADD CONSTRAINT parametre_pkey PRIMARY KEY (id_parametre);


--
-- Name: photo photo_pkey; Type: CONSTRAINT; Schema: public; Owner: tranotsika
--

ALTER TABLE ONLY public.photo
    ADD CONSTRAINT photo_pkey PRIMARY KEY (id_photo);


--
-- Name: reaction publication_client; Type: CONSTRAINT; Schema: public; Owner: tranotsika
--

ALTER TABLE ONLY public.reaction
    ADD CONSTRAINT publication_client UNIQUE (id_publication, id_client);


--
-- Name: publication publication_pkey; Type: CONSTRAINT; Schema: public; Owner: tranotsika
--

ALTER TABLE ONLY public.publication
    ADD CONSTRAINT publication_pkey PRIMARY KEY (id_publication);


--
-- Name: detail_tags publication_tag; Type: CONSTRAINT; Schema: public; Owner: tranotsika
--

ALTER TABLE ONLY public.detail_tags
    ADD CONSTRAINT publication_tag UNIQUE (id_publication, id_tag);


--
-- Name: detail_utilite publication_utilite; Type: CONSTRAINT; Schema: public; Owner: tranotsika
--

ALTER TABLE ONLY public.detail_utilite
    ADD CONSTRAINT publication_utilite UNIQUE (id_utilite, id_publication);


--
-- Name: publicite publicite_pkey; Type: CONSTRAINT; Schema: public; Owner: tranotsika
--

ALTER TABLE ONLY public.publicite
    ADD CONSTRAINT publicite_pkey PRIMARY KEY (id_publicite);


--
-- Name: question question_pkey; Type: CONSTRAINT; Schema: public; Owner: tranotsika
--

ALTER TABLE ONLY public.question
    ADD CONSTRAINT question_pkey PRIMARY KEY (id_question);


--
-- Name: reaction_item reaction_item_pkey; Type: CONSTRAINT; Schema: public; Owner: tranotsika
--

ALTER TABLE ONLY public.reaction_item
    ADD CONSTRAINT reaction_item_pkey PRIMARY KEY (id_reaction_item);


--
-- Name: reaction reaction_pkey; Type: CONSTRAINT; Schema: public; Owner: tranotsika
--

ALTER TABLE ONLY public.reaction
    ADD CONSTRAINT reaction_pkey PRIMARY KEY (id_reaction);


--
-- Name: reponse_client reponse_client_pkey; Type: CONSTRAINT; Schema: public; Owner: tranotsika
--

ALTER TABLE ONLY public.reponse_client
    ADD CONSTRAINT reponse_client_pkey PRIMARY KEY (id_reponse_client);


--
-- Name: reponse reponse_pkey; Type: CONSTRAINT; Schema: public; Owner: tranotsika
--

ALTER TABLE ONLY public.reponse
    ADD CONSTRAINT reponse_pkey PRIMARY KEY (id_reponse);


--
-- Name: tag_client tag_client_pkey; Type: CONSTRAINT; Schema: public; Owner: tranotsika
--

ALTER TABLE ONLY public.tag_client
    ADD CONSTRAINT tag_client_pkey PRIMARY KEY (id_tag_client);


--
-- Name: tag tag_pkey; Type: CONSTRAINT; Schema: public; Owner: tranotsika
--

ALTER TABLE ONLY public.tag
    ADD CONSTRAINT tag_pkey PRIMARY KEY (id_tag);


--
-- Name: utilite utilite_pkey; Type: CONSTRAINT; Schema: public; Owner: tranotsika
--

ALTER TABLE ONLY public.utilite
    ADD CONSTRAINT utilite_pkey PRIMARY KEY (id_utilite);


--
-- Name: v_publication _RETURN; Type: RULE; Schema: public; Owner: tranotsika
--

CREATE OR REPLACE VIEW public.v_publication AS
 SELECT p.id_publication,
    p.titre,
    c.id_client,
    c.first_name,
    c.last_name,
    c.photo_profile,
    p.date_publication,
    p.prix,
    p.description,
    p.nombre_piece,
    p.surface,
    p.latitude,
    p.longitude,
    count(comm.id_commentaire) AS nbcomm,
    r1.nblike,
    r2.nbunlike,
    loc.id_localisation,
    loc.nom_lieu
   FROM (((((public.publication p
     JOIN public.client c ON ((p.id_client = c.id_client)))
     LEFT JOIN public.commentaire comm ON ((p.id_publication = comm.id_publication)))
     LEFT JOIN ( SELECT reaction.id_publication,
            count(*) AS nblike
           FROM public.reaction
          WHERE (reaction.id_reaction_item = 1)
          GROUP BY reaction.id_publication) r1 ON ((p.id_publication = r1.id_publication)))
     LEFT JOIN ( SELECT reaction.id_publication,
            count(*) AS nbunlike
           FROM public.reaction
          WHERE (reaction.id_reaction_item = 2)
          GROUP BY reaction.id_publication) r2 ON ((p.id_publication = r2.id_publication)))
     JOIN public.localisation loc ON ((p.id_localisation = loc.id_localisation)))
  GROUP BY p.id_publication, c.id_client, c.first_name, c.last_name, c.photo_profile, p.date_publication, p.prix, p.description, p.nombre_piece, p.surface, p.latitude, p.longitude, r1.nblike, r2.nbunlike, loc.id_localisation, loc.nom_lieu;


--
-- Name: abonnement abonnement_id_client_fkey; Type: FK CONSTRAINT; Schema: public; Owner: tranotsika
--

ALTER TABLE ONLY public.abonnement
    ADD CONSTRAINT abonnement_id_client_fkey FOREIGN KEY (id_client) REFERENCES public.client(id_client);


--
-- Name: boost boost_id_publication_fkey; Type: FK CONSTRAINT; Schema: public; Owner: tranotsika
--

ALTER TABLE ONLY public.boost
    ADD CONSTRAINT boost_id_publication_fkey FOREIGN KEY (id_publication) REFERENCES public.publication(id_publication);


--
-- Name: commentaire commentaire_id_client_fkey; Type: FK CONSTRAINT; Schema: public; Owner: tranotsika
--

ALTER TABLE ONLY public.commentaire
    ADD CONSTRAINT commentaire_id_client_fkey FOREIGN KEY (id_client) REFERENCES public.client(id_client);


--
-- Name: commentaire commentaire_id_publication_fkey; Type: FK CONSTRAINT; Schema: public; Owner: tranotsika
--

ALTER TABLE ONLY public.commentaire
    ADD CONSTRAINT commentaire_id_publication_fkey FOREIGN KEY (id_publication) REFERENCES public.publication(id_publication);


--
-- Name: detail_tags detail_tags_id_publication_fkey; Type: FK CONSTRAINT; Schema: public; Owner: tranotsika
--

ALTER TABLE ONLY public.detail_tags
    ADD CONSTRAINT detail_tags_id_publication_fkey FOREIGN KEY (id_publication) REFERENCES public.publication(id_publication);


--
-- Name: detail_tags detail_tags_id_tag_fkey; Type: FK CONSTRAINT; Schema: public; Owner: tranotsika
--

ALTER TABLE ONLY public.detail_tags
    ADD CONSTRAINT detail_tags_id_tag_fkey FOREIGN KEY (id_tag) REFERENCES public.tag(id_tag);


--
-- Name: detail_utilite detail_utilite_id_publication_fkey; Type: FK CONSTRAINT; Schema: public; Owner: tranotsika
--

ALTER TABLE ONLY public.detail_utilite
    ADD CONSTRAINT detail_utilite_id_publication_fkey FOREIGN KEY (id_publication) REFERENCES public.publication(id_publication);


--
-- Name: detail_utilite detail_utilite_id_utilite_fkey; Type: FK CONSTRAINT; Schema: public; Owner: tranotsika
--

ALTER TABLE ONLY public.detail_utilite
    ADD CONSTRAINT detail_utilite_id_utilite_fkey FOREIGN KEY (id_utilite) REFERENCES public.utilite(id_utilite);


--
-- Name: message message_id_client_receiver_fkey; Type: FK CONSTRAINT; Schema: public; Owner: tranotsika
--

ALTER TABLE ONLY public.message
    ADD CONSTRAINT message_id_client_receiver_fkey FOREIGN KEY (id_client_receiver) REFERENCES public.client(id_client);


--
-- Name: message message_id_client_sender_fkey; Type: FK CONSTRAINT; Schema: public; Owner: tranotsika
--

ALTER TABLE ONLY public.message
    ADD CONSTRAINT message_id_client_sender_fkey FOREIGN KEY (id_client_sender) REFERENCES public.client(id_client);


--
-- Name: message message_id_publication_fkey; Type: FK CONSTRAINT; Schema: public; Owner: tranotsika
--

ALTER TABLE ONLY public.message
    ADD CONSTRAINT message_id_publication_fkey FOREIGN KEY (id_publication) REFERENCES public.publication(id_publication);


--
-- Name: photo photo_id_publication_fkey; Type: FK CONSTRAINT; Schema: public; Owner: tranotsika
--

ALTER TABLE ONLY public.photo
    ADD CONSTRAINT photo_id_publication_fkey FOREIGN KEY (id_publication) REFERENCES public.publication(id_publication);


--
-- Name: publication publication_id_client_fkey; Type: FK CONSTRAINT; Schema: public; Owner: tranotsika
--

ALTER TABLE ONLY public.publication
    ADD CONSTRAINT publication_id_client_fkey FOREIGN KEY (id_client) REFERENCES public.client(id_client);


--
-- Name: publication publication_id_localisation_fkey; Type: FK CONSTRAINT; Schema: public; Owner: tranotsika
--

ALTER TABLE ONLY public.publication
    ADD CONSTRAINT publication_id_localisation_fkey FOREIGN KEY (id_localisation) REFERENCES public.localisation(id_localisation);


--
-- Name: reaction reaction_id_client_fkey; Type: FK CONSTRAINT; Schema: public; Owner: tranotsika
--

ALTER TABLE ONLY public.reaction
    ADD CONSTRAINT reaction_id_client_fkey FOREIGN KEY (id_client) REFERENCES public.client(id_client);


--
-- Name: reaction reaction_id_publication_fkey; Type: FK CONSTRAINT; Schema: public; Owner: tranotsika
--

ALTER TABLE ONLY public.reaction
    ADD CONSTRAINT reaction_id_publication_fkey FOREIGN KEY (id_publication) REFERENCES public.publication(id_publication);


--
-- Name: reaction reaction_id_reaction_item_fkey; Type: FK CONSTRAINT; Schema: public; Owner: tranotsika
--

ALTER TABLE ONLY public.reaction
    ADD CONSTRAINT reaction_id_reaction_item_fkey FOREIGN KEY (id_reaction_item) REFERENCES public.reaction_item(id_reaction_item);


--
-- Name: reponse_client reponse_client_id_client_fkey; Type: FK CONSTRAINT; Schema: public; Owner: tranotsika
--

ALTER TABLE ONLY public.reponse_client
    ADD CONSTRAINT reponse_client_id_client_fkey FOREIGN KEY (id_client) REFERENCES public.client(id_client);


--
-- Name: reponse_client reponse_client_id_question_fkey; Type: FK CONSTRAINT; Schema: public; Owner: tranotsika
--

ALTER TABLE ONLY public.reponse_client
    ADD CONSTRAINT reponse_client_id_question_fkey FOREIGN KEY (id_question) REFERENCES public.question(id_question);


--
-- Name: reponse reponse_id_question_fkey; Type: FK CONSTRAINT; Schema: public; Owner: tranotsika
--

ALTER TABLE ONLY public.reponse
    ADD CONSTRAINT reponse_id_question_fkey FOREIGN KEY (id_question) REFERENCES public.question(id_question);


--
-- Name: reponse reponse_id_tag_fkey; Type: FK CONSTRAINT; Schema: public; Owner: tranotsika
--

ALTER TABLE ONLY public.reponse
    ADD CONSTRAINT reponse_id_tag_fkey FOREIGN KEY (id_tag) REFERENCES public.tag(id_tag);


--
-- Name: tag_client tag_client_id_client_fkey; Type: FK CONSTRAINT; Schema: public; Owner: tranotsika
--

ALTER TABLE ONLY public.tag_client
    ADD CONSTRAINT tag_client_id_client_fkey FOREIGN KEY (id_client) REFERENCES public.client(id_client);


--
-- Name: tag_client tag_client_id_tag_fkey; Type: FK CONSTRAINT; Schema: public; Owner: tranotsika
--

ALTER TABLE ONLY public.tag_client
    ADD CONSTRAINT tag_client_id_tag_fkey FOREIGN KEY (id_tag) REFERENCES public.tag(id_tag);


--
-- PostgreSQL database dump complete
--

